idstud,bsmmat01,bsssci01,bsbg01,bsbg03,bsdage,bsbgher,bsbgsbs,bsbgslm,bsbgsvm,bsbgscm,bsbgeml,bsdgedup,bsdmwkhw,bcbg01,bcbg03a,bcbg05a,schsc14q02,schsc22q01,schsc22q09,schsc22q11,schsc24q01,schscmatedu,schsmratio,escs,pv1math,pv1read,pv1scie,r9schooltype,a9q7,bQ1
4340108,526.96272,508.82102,2,1,14.166666666666666,8.91919,8.81989,9.60333,8.55351,8.93142,9.15641,3,1,107,3,6,1,4,1,3,3,-0.256,68.667,-0.2,464.9556,499.5133,493.0436,1,4,4
4560308,645.47765,728.36052,2,1,15.416666666666666,8.19314,8.81989,12.07123,10.35139,10.80346,9.6346,4,2,706,1,2,2,4,4,4,2,-1.0989,231,-0.14,522.8307,381.7076,507.7769,1,4,4
4460313,478.92826,575.32406,2,1,14.75,10.92551,9.62932,8.60159,7.57539,7.24499,10.15325,1,1,881,1,2,1,2,3,3,2,0.5021,174,0.16,429.3582,477.8608,468.5192,1,4,4
5060206,546.33764,523.37781,1,1,14.5,12.21628,13.03951,6.36452,8.20673,9.61942,5.86845,NA,3,365,4,1,2,2,2,2,2,0.0872,135.333,0.42,481.7028,413.7601,450.3357,1,5,4
4800114,545.57841,551.25744,2,2,15.166666666666666,10.04151,8.48873,9.965,8.55351,10.30668,8.70884,NA,2,441,1,5,3,3,3,2,3,-1.5162,144.667,-0.12,530.3864,413.7052,534.0731,1,3,2
4520119,556.1465,610.10064,2,1,15,9.60097,8.48873,8.26761,7.2741,7.89169,8.70884,4,1,1287,1,1,1,2,1,1,2,0.7756,145.778,-0.27,585.2236,551.1586,543.398,2,3,4
3370116,610.1692,587.87069,1,1,15.166666666666666,12.51743,10.19817,12.07123,8.55351,10.07332,10.15325,1,1,377,1,5,1,3,1,1,3,0.7756,90.5,0.63,529.919,592.7182,537.1503,1,5,NA
4240120,688.50332,672.70905,1,2,15.083333333333334,14.01827,11.04872,13.46507,13.70742,14.02271,12.42205,1,2,858,2,1,1,2,3,3,1,-0.9168,166.909,0.99,665.6878,661.7437,604.1029,2,6,4
4400119,597.78968,655.37854,2,1,14.916666666666666,10.25396,10.19817,10.35777,9.81093,10.54867,9.6346,2,1,907,3,2,2,4,4,2,2,-0.256,155.5,0.36,557.1039,505.1269,537.5233,1,3,4
4740219,479.79129,498.14337,1,2,15.083333333333334,10.92551,13.03951,9.60333,8.20673,8.17383,7.85736,2,1,366,4,1,1,2,3,2,2,-0.4184,120.667,0.66,343.9087,352.2805,355.9679,1,5,3
4210327,462.44947,453.70628,2,1,14.25,10.92551,11.24035,10.35777,11.9425,9.61942,12.42205,1,1,971,1,4,1,2,2,2,3,0.2803,169.167,0.13,493.3868,416.8328,425.8113,1,5,4
3540207,430.98007,445.73317,1,1,15.333333333333334,10.25396,13.03951,8.93041,9.81093,9.16491,10.74331,3,2,369,2,1,1,3,2,1,2,-0.0892,197.5,0.72,372.9631,414.7927,394.5729,1,3,4
5070213,373.54424,396.69605,1,1,14.916666666666666,10.25396,13.03951,11.33851,7.2741,9.39344,11.44903,2,1,436,NA,6,2,2,3,3,2,-0.4184,119.333,0.36,361.5906,444.9765,379.2801,1,6,NA
3560309,538.68211,500.12341,1,1,14.75,11.64917,13.03951,12.07123,8.55351,9.61942,10.15325,1,2,756,3,1,2,3,3,3,2,1.1595,145.091,0.64,512.6266,547.6808,545.263,1,4,3
3320412,545.42243,565.21532,1,1,14.25,14.01827,11.04872,8.60159,8.20673,9.39344,9.15641,1,2,1426,NA,1,1,3,1,1,2,0.2803,NA,0.64,563.647,575.1639,547.2212,1,3,2
4320323,520.32731,565.19131,2,1,14.25,11.64917,10.19817,12.07123,9.81093,10.54867,10.15325,1,2,367,NA,2,1,2,1,3,2,1.1595,98.5,0.03,446.7285,473.3699,502.3685,3,4,4
4980208,514.7422,568.47568,1,1,14.583333333333334,12.51743,10.19817,7.03246,8.20673,9.39344,7.42878,1,2,590,3,1,2,3,3,2,2,0.0872,125.6,0.43,435.7454,417.7316,496.9601,1,4,4
4690307,529.75114,545.38637,2,1,15.25,9.60097,11.04872,10.35777,8.20673,8.17383,8.27843,4,2,903,1,1,2,3,2,3,1,-0.5803,176.4,-0.54,475.0039,462.7041,467.307,1,4,NA
4700121,651.4764,651.43841,1,1,15.25,10.92551,8.81989,9.965,11.9425,10.80346,9.15641,1,1,1590,1,1,1,4,4,3,3,-0.9168,218,0.58,547.7567,520.4359,535.0056,1,3,4
3300219,515.0384,503.58552,2,1,15,7.30445,8.48873,5.03748,7.88323,3.17837,6.47491,NA,2,837,3,2,1,3,1,3,3,0.0872,136.333,-0.38,409.1058,472.2472,444.2745,1,4,4
3630314,492.77059,589.50944,2,1,14.916666666666666,11.64917,6.83195,8.60159,4.82293,9.39344,9.15641,2,1,1209,1,2,4,4,3,4,3,-0.4184,132.526,0.4,431.695,482.6725,503.9537,1,5,2
4840216,515.66009,473.77058,1,1,14.75,8.91919,9.62932,10.80246,10.35139,6.39359,7.85736,4,2,883,2,3,2,2,1,2,2,-0.4184,190,-0.02,466.7472,437.7482,421.8948,1,3,4
4190310,375.88931,432.81796,1,3,14,7.30445,11.04872,9.965,9.34439,8.69047,8.70884,NA,1,516,1,5,1,2,3,3,3,0.2803,118.889,-0.75,413.7794,359.9853,430.567,1,5,NA
4130204,538.64423,467.62629,1,1,14.333333333333334,11.64917,11.04872,5.03748,6.66537,7.58514,6.97717,1,2,506,1,1,2,3,3,2,1,-0.5803,186,1.08,504.2141,453.7139,440.1716,2,NA,NA
4680205,620.41035,505.84129,2,1,15.333333333333334,11.17406,9.62932,9.965,9.34439,9.84519,8.70884,NA,3,403,3,2,1,4,4,4,2,-1.2965,192.5,0.82,486.4543,443.698,494.9086,1,3,4
3300221,476.43996,477.53187,1,1,15,8.19314,13.03951,8.93041,7.88323,9.39344,8.70884,4,2,837,3,2,1,3,1,3,3,0.0872,136.333,0.69,523.6875,555.6239,566.7102,1,4,4
3120309,519.01891,486.0238,1,1,14.916666666666666,10.25396,11.04872,10.35777,7.88323,8.69047,10.74331,1,2,696,2,2,NA,2,1,2,2,NA,113.077,0.02,474.0692,509.2362,463.2973,1,5,4
4450106,451.85646,420.00696,1,1,14.666666666666666,9.60097,8.81989,13.46507,11.9425,11.07454,14.34298,2,2,226,2,4,1,3,3,1,2,1.9226,207.333,-0.34,413.4678,480.7204,516.7288,1,3,3
4780114,491.04587,544.67071,1,1,13.75,9.60097,13.03951,5.03748,3.41233,5.80254,8.27843,1,1,1408,2,2,3,2,2,2,2,0.0872,200.714,0.17,415.0257,398.9065,350.746,1,5,NA
5010104,627.67236,624.99763,1,1,14.583333333333334,10.25396,9.18945,11.33851,11.01771,12.08627,10.74331,2,3,429,1,1,1,1,2,2,2,-0.4184,NA,0.3,597.375,661.7437,653.4316,1,4,2
3240125,558.45804,449.09708,1,1,13.916666666666666,12.51743,13.03951,13.46507,11.01771,11.70269,11.44903,1,2,760,2,3,NA,4,4,3,NA,NA,NA,-0.17,477.6523,467.1377,455.4644,3,5,NA
4100116,409.72467,431.14387,2,3,15.5,8.19314,NA,12.51359,11.58879,5.15932,13.35028,3,NA,156,4,6,2,3,3,2,1,-1.5162,39.25,-0.12,598.1539,367.9943,410.9847,NA,3,NA
4710101,339.79414,409.38463,2,1,14.333333333333334,9.60097,6.83195,7.91186,8.55351,6.85613,9.15641,1,2,999,4,6,1,2,3,3,2,-0.4184,47.2,-0.05,493.3089,370.7209,501.436,1,5,3
5080106,583.87395,629.05287,1,1,14.25,8.91919,11.04872,9.60333,7.2741,9.16491,10.74331,2,1,494,3,5,1,3,3,1,3,-0.256,123,-0.42,589.8193,515.5906,609.3249,1,3,2
3750216,413.02282,410.6261,2,1,15.416666666666666,10.25396,9.62932,9.60333,11.01771,6.39359,7.85736,2,1,923,2,5,1,2,1,1,2,-0.0892,134.714,-0.55,454.8294,327.8971,444.5543,1,3,NA
3390220,491.21448,476.50949,2,1,14.916666666666666,10.25396,13.03951,7.51389,5.96004,6.85613,5.86845,2,2,654,4,1,1,2,3,1,2,-0.4184,134.6,0.25,535.2158,388.3637,524.7482,1,6,4
4830402,466.26539,493.56941,2,1,14.916666666666666,10.04151,8.48873,8.26761,6.97345,9.0442,7.85736,NA,2,960,2,3,1,3,3,3,2,0.5021,189.2,-0.91,419.6993,379.3018,456.1171,1,3,4
3410116,498.62867,552.62155,1,1,15.166666666666666,9.60097,7.6477,9.26151,8.92971,7.58514,9.15641,2,1,598,3,5,1,3,3,3,2,-0.0892,106.727,-0.43,410.8194,421.7032,428.8885,1,3,4
4950210,650.20186,627.66607,2,1,14.25,11.64917,11.04872,12.07123,8.55351,13.14698,9.6346,1,3,521,3,1,4,4,3,3,3,-1.7689,180.333,-0.8,480.92380000000003,454.5242,415.5539,1,4,NA
3160101,528.76978,562.70695,2,1,14.5,10.92551,11.04872,9.965,9.34439,9.84519,8.70884,2,2,705,1,2,3,3,3,2,2,-0.5803,176.25,-0.53,612.4864,604.6483,596.27,1,3,2
4820103,461.25124,504.27183,1,1,14.666666666666666,7.30445,8.81989,9.26151,7.57539,7.89169,7.85736,NA,2,173,2,6,1,4,4,1,1,0.0872,8.667,-2.31,390.3334,415.8253,375.5502,1,3,4
4540101,597.35057,551.98249,2,1,14.583333333333334,8.91919,13.03951,7.51389,3.41233,3.17837,7.42878,4,1,407,3,4,1,3,3,3,2,-1.0989,173.6,0.03,411.3647,365.1073,435.2294,1,NA,5
3710306,393.66588,404.6099,1,1,14.75,7.30445,8.81989,11.33851,11.9425,6.85613,8.70884,NA,2,738,2,5,2,3,1,2,2,0.7756,111.333,-0.88,390.5671,438.3837,398.1164,1,3,4
3830106,570.96594,601.83522,2,4,15.833333333333334,13.71571,10.19817,5.03748,5.49149,8.17383,7.42878,NA,3,51,4,6,1,3,3,3,2,-0.0892,25,-0.47,437.3033,343.7756,385.994,1,3,NA
3820523,457.11364,530.92593,2,2,14.333333333333334,10.25396,7.11034,8.93041,8.92971,8.69047,10.74331,1,1,1365,4,2,2,2,3,3,1,-0.9168,NA,0.06,599.2444,594.223,534.3529,1,6,4
5060207,517.79621,527.98417,1,1,15,12.51743,9.18945,10.35777,8.20673,10.54867,12.42205,1,2,365,4,1,2,2,2,2,2,0.0872,135.333,0.81,474.4586,466.6611,440.8243,1,5,2
4650105,649.19268,664.30157,1,3,14.25,8.91919,13.03951,13.46507,11.01771,14.02271,14.34298,2,2,80,1,6,1,4,3,4,2,-0.9168,81,-0.35,477.9639,423.4507,467.9597,1,5,NA
3430125,474.15523,493.57236,1,1,15.083333333333334,10.04151,11.04872,9.965,9.34439,7.89169,9.15641,NA,1,1049,1,2,2,3,2,3,1,-0.9168,282.5,-0.65,485.208,491.7613,497.7061,1,5,4
4750315,533.64605,516.59303,1,1,14.5,10.25396,9.62932,13.46507,8.92971,14.02271,11.44903,2,2,588,4,6,1,4,2,3,2,-1.5162,NA,-0.24,457.3999,512.4134,565.4979,1,3,4
3980222,516.44569,559.63863,2,1,14.75,8.91919,9.62932,8.26761,7.2741,8.43911,8.27843,3,1,798,2,1,2,3,3,4,2,-1.0989,168.6,-0.51,387.3734,378.7404,404.4573,1,3,4
4420126,500.87227,489.73796,1,1,13.5,9.60097,9.18945,13.46507,11.9425,10.07332,12.42205,3,1,573,1,2,1,4,3,4,2,-1.0989,192.333,-0.04,445.7158,380.6374,462.085,1,5,4
3530303,500.46936,494.27536,1,1,15,10.92551,9.18945,8.60159,8.20673,7.89169,8.70884,2,2,898,NA,1,4,4,3,3,1,-0.9168,NA,-0.26,397.5775,483.7388,384.7818,2,4,4
4490110,378.61225,379.79761,2,1,15.083333333333334,12.51743,5.81451,8.26761,10.35139,7.89169,7.85736,1,NA,232,4,6,1,4,4,3,2,-0.256,66,-0.13,318.1259,385.4767,414.9012,1,NA,NA
4810209,438.41805,429.65373,1,1,14.75,8.19314,9.62932,13.46507,9.81093,12.08627,10.15325,2,2,317,3,5,1,3,2,2,1,0.0872,121.6,-1.11,479.2881,476.7489,434.5767,1,3,3
4370108,612.26889,670.74581,2,1,15.25,12.21628,13.03951,13.46507,9.81093,11.70269,10.74331,NA,2,110,1,3,1,3,2,1,3,-1.2965,NA,-0.07,368.0558,385.9579,450.1492,1,4,4
3170106,430.48185,571.77401,2,1,15.416666666666666,10.25396,8.81989,8.93041,10.35139,9.39344,8.27843,4,1,32,4,6,1,1,2,1,1,-1.0989,32,-0.24,417.4404,415.3091,415.6471,1,5,4
4250302,497.61345,473.18159000000003,2,1,15.333333333333334,9.60097,13.03951,8.93041,7.88323,9.84519,6.97717,2,2,647,3,5,1,2,3,3,2,-1.5162,184,-0.28,525.1675,366.4706,503.1145,1,3,4
4460311,438.56766,456.61355,2,1,14.583333333333334,8.91919,7.38476,10.35777,8.88341,7.58514,8.70884,4,1,881,1,2,1,2,3,3,2,0.5021,174,-0.17,381.2198,383.1511,430.4737,1,4,4
4540122,557.61971,587.71466,2,1,14.666666666666666,8.91919,9.62932,10.35777,10.35139,8.93142,10.15325,4,2,407,3,4,1,3,3,3,2,-1.0989,173.6,-0.75,486.5322,433.7538,480.0821,1,3,4
4760102,547.29173,568.19777,1,1,16.25,8.19314,9.62932,8.93041,11.9425,9.61942,10.74331,4,2,93,NA,6,NA,1,1,1,1,NA,NA,-1.22,309.4018,351.2479,332.6557,1,3,3
3870101,573.27055,584.33351,2,1,15.166666666666666,8.91919,9.18945,9.26151,8.92971,8.93142,10.74331,2,2,47,NA,6,2,4,1,3,2,-0.5803,NA,-0.43,553.9882,429.7441,469.4517,1,5,4
3460114,700.46986,657.21292,2,1,15.166666666666666,10.92551,7.6477,13.46507,11.01771,11.37095,11.44903,2,2,665,2,4,1,3,4,3,1,0.5021,130.4,0.51,576.6552,549.3141,608.0194,1,4,4
4090106,549.02528,497.46055,2,4,14.333333333333334,10.92551,10.19817,13.46507,8.92971,11.37095,11.44903,1,2,334,1,5,1,3,NA,3,3,-1.5162,58.182,0.33,448.7537,358.6918,432.4319,1,6,4
3770213,399.86296,426.77231,2,1,15.083333333333334,8.91919,13.03951,9.26151,8.92971,9.61942,9.15641,4,3,338,1,4,1,3,4,3,3,-2.0766,NA,-0.16,394.4618,344.6577,375.4569,1,6,NA
4210301,445.26397,439.51632,2,1,15.083333333333334,9.60097,9.62932,9.26151,8.20673,7.89169,8.70884,3,1,971,1,4,1,2,2,2,3,0.2803,169.167,-0.23,461.4504,357.4889,409.959,1,5,NA
3660101,600.31967,669.2728,2,1,14.25,9.60097,9.18945,10.35777,11.01771,11.37095,11.44903,2,2,108,4,6,1,3,3,2,NA,-0.5803,58,-0.75,425.5414,401.9968,413.7822,1,5,4
4300114,541.16728,497.75318,1,1,14.25,10.92551,7.38476,7.91186,8.55351,8.43911,8.70884,1,1,613,3,4,1,4,4,2,1,1.9226,244,0.22,483.4164,479.0524,508.9892,1,4,4
4730307,580.01199,531.51393,1,1,14.75,10.25396,8.81989,9.26151,9.81093,8.69047,9.6346,2,1,1159,2,1,3,3,2,1,1,-0.256,172.167,-0.16,490.5826,462.4513,430.9399,NA,5,4
3530308,480.318,440.92386,2,1,14.5,11.64917,13.03951,NA,11.03069,NA,NA,1,2,898,NA,1,4,4,3,3,1,-0.9168,NA,0.27,298.0293,316.6698,343.0063,2,4,4
4250320,476.50856,473.44608,1,1,15.166666666666666,8.74681,10.30524,8.60159,7.57539,6.39359,9.15641,NA,1,647,3,5,1,2,3,3,2,-1.5162,184,-0.72,478.5091,425.913,496.1209,1,3,4
3250112,547.48067,531.2885,1,1,15.25,10.92551,11.04872,10.35777,10.35139,10.30668,10.74331,1,1,348,4,1,1,4,3,3,3,-1.0989,173.5,0.24,538.4873,471.983,511.4137,1,5,4
4400112,408.22934,322.80211,1,3,15.25,14.01827,9.18945,12.99956,13.59873,13.48061,13.75104,1,3,907,3,2,2,4,4,2,2,-0.256,155.5,1.72,434.1876,424.0861,366.4118,1,3,NA
3940225,427.20817,377.32657,2,1,15.25,8.91919,9.62932,9.60333,9.34439,10.30668,9.15641,3,3,524,3,1,2,3,2,2,2,-0.7452,271,0.09,449.0653,415.6299,443.6218,1,5,4
3390202,462.96892,452.28597,1,1,16.166666666666668,10.25396,9.18945,8.93041,9.34439,9.39344,10.15325,1,2,654,4,1,1,2,3,1,2,-0.4184,134.6,-1.95,485.4417,380.6374,486.5162,1,6,3
4780110,471.53106,443.87707,1,1,14.75,10.25396,9.18945,11.33851,5.49149,9.39344,10.74331,3,1,1408,2,2,3,2,2,2,2,0.0872,200.714,1.06,380.363,386.1975,381.4248,1,5,NA
3730204,564.61489,576.82598,2,1,14.416666666666666,11.64917,11.04872,11.33851,10.35139,11.07454,10.74331,1,2,1043,2,3,1,2,2,3,2,-0.256,244.75,1.34,508.5761,472.2472,545.263,1,5,4
4630202,596.96733,716.20015,1,2,15.583333333333334,11.64917,11.04872,13.27484,13.70742,12.08627,14.34298,2,1,311,3,5,1,1,3,2,2,-1.2965,94,-0.37,597.6087,572.8604,563.7262,1,3,4
3020110,567.06878,561.6753,2,3,14.25,10.92551,9.18945,8.60159,8.55351,9.61942,8.70884,1,1,76,3,6,1,NA,3,3,3,-1.2965,37.5,0.13,408.2489,446.9057,420.3096,1,3,4
4660303,658.94534,697.55233,2,1,14.833333333333334,14.01827,9.62932,11.33851,8.20673,11.07454,9.6346,1,1,1028,2,4,3,3,2,4,3,-0.7452,135.467,0.72,674.4898,582.1137,585.3599,3,5,NA
3230108,479.80705,486.84443,2,1,15.166666666666666,10.92551,13.03951,9.26151,8.20673,7.89169,7.85736,1,2,625,3,5,1,2,3,3,1,-0.4184,157.5,-0.37,388.8534,373.6881,475.3264,1,3,4
3710305,503.3446,535.29388,1,1,14.083333333333334,10.92551,11.04872,11.33851,9.34439,11.37095,11.44903,2,2,738,2,5,2,3,1,2,2,0.7756,111.333,-0.09,478.5091,433.0618,441.4771,1,3,4
3760108,519.94105,587.79704,2,1,15.083333333333334,9.60097,9.62932,10.35777,8.92971,9.16491,8.27843,2,2,113,1,6,1,3,2,3,2,-0.256,36.333,-0.11,506.0056,489.89,589.1831,1,3,3
4240101,699.27052,608.24694,2,1,15.416666666666666,10.92551,10.19817,13.46507,13.70742,11.07454,10.15325,1,2,858,2,1,1,2,3,3,1,-0.9168,166.909,0.58,638.1134,595.8269,581.4435,2,6,4
4620204,577.69252,562.57285,1,2,15.5,10.92551,8.93749,11.33851,11.9425,8.69047,14.34298,1,1,592,2,1,1,3,1,1,1,1.1595,119.2,-0.09,570.3458,451.2515,570.1604,1,5,NA
3470116,458.26974,454.85729,1,1,14.083333333333334,8.91919,13.03951,11.33851,7.88323,9.16491,10.15325,3,1,305,4,1,1,3,2,3,2,0.0872,152.5,-0.64,330.511,411.6154,372.1,1,3,2
3330102,386.45002,444.99863,1,3,14.333333333333334,8.91919,10.19817,13.46507,11.9425,9.61942,12.42205,3,3,219,4,6,1,1,2,2,3,0.0872,51.5,-0.18,433.7981,378.9693,345.7106,1,NA,4
4070214,527.30417,488.97352,1,2,13.916666666666666,12.51743,10.19817,8.60159,7.57539,8.17383,8.27843,1,1,883,1,5,2,2,3,2,1,-1.2965,140.308,0.02,489.0248,509.3156,424.4125,2,6,2
5080120,595.03098,592.59205,1,1,15,10.92551,13.03951,12.07123,10.35139,11.07454,14.34298,1,2,494,3,5,1,3,3,1,3,-0.256,123,-0.11,495.0226,494.462,600.2797,1,3,2
3080122,405.11253,516.85752,2,1,14.5,10.25396,13.03951,9.26151,10.35139,7.24499,10.39525,2,1,511,4,1,1,4,3,3,2,-0.256,133.25,-0.31,551.6513,523.6519,584.241,1,6,3
3260217,455.79138,381.747,2,2,14,9.60097,10.19817,13.46507,8.92971,9.61942,12.42205,3,1,687,2,1,2,2,2,3,1,-0.4184,329.5,0.03,371.7947,340.0065,390.1902,1,3,2
3720108,549.22584,431.04359,1,1,15.083333333333334,11.17406,11.04872,12.07123,7.88323,8.93142,10.15325,NA,2,434,4,6,1,2,2,3,3,-2.4968,143.333,-1.24,396.7986,381.1934,351.492,1,5,3
4060219,582.65304,533.28208,1,1,15.083333333333334,9.60097,8.48873,9.965,8.20673,8.93142,9.6346,1,2,425,4,2,2,4,3,2,3,1.1595,131.333,0.32,450.701,394.8555,415.7404,1,3,2
4540129,586.8693,508.40345,2,1,15.333333333333334,10.25396,13.03951,12.07123,11.9425,10.54867,14.34298,2,2,407,3,4,1,3,3,3,2,-1.0989,173.6,-0.45,405.99,361.659,457.4226,1,3,4
4680222,503.27935,595.55749,2,2,15.25,10.92551,9.18945,10.35777,11.01771,8.69047,9.6346,1,1,403,3,2,1,4,4,4,2,-1.2965,192.5,-0.29,419.5435,428.9422,455.8374,1,3,NA
4860206,587.89825,608.07323,1,1,14.083333333333334,11.64917,11.04872,9.81521,9.34439,9.84519,10.74331,1,2,782,1,1,1,1,2,1,1,1.1595,239,0.5,483.027,501.6108,439.8918,2,3,NA
4460315,501.85843,505.31789,2,1,14.5,10.92551,9.18945,9.26151,7.57539,9.39344,8.27843,2,2,881,1,2,1,2,3,3,2,0.5021,174,0.3,448.1305,404.4026,439.8918,1,4,4
3310105,659.60725,635.89297,2,1,14.083333333333334,10.92551,13.03951,13.46507,9.34439,12.54869,12.42205,1,1,594,1,1,1,1,1,3,2,-0.0892,NA,0.56,664.5973,541.2145,692.3163,3,8,2
3730210,569.38077,558.85433,2,1,13.916666666666666,10.25396,9.18945,13.46507,13.70742,15.81948,10.74331,1,2,1043,2,3,1,2,2,3,2,-0.256,244.75,0.13,443.4569,381.9482,470.6639,1,5,4
3700114,576.63954,523.65495,2,1,14.833333333333334,10.25396,10.19817,9.965,7.88323,9.84519,8.27843,2,3,899,3,1,1,4,2,3,2,-0.256,206,0.22,484.5848,456.5291,500.5035,1,5,4
4230103,424.67472,506.85352,2,2,15.5,11.64917,8.19852,10.80246,10.35139,9.16491,10.15325,2,2,907,2,1,3,2,3,4,2,1.9226,215.75,-0.16,441.0422,354.4415,445.4868,1,5,4
3430118,489.47266,541.67865,2,2,14.833333333333334,11.64917,11.04872,11.08765,11.9425,8.93142,10.74331,2,1,1049,1,2,2,3,2,3,1,-0.9168,282.5,0.16,491.7511,446.9057,483.7188,1,5,4
4090109,550.2006,505.98368,2,4,14.083333333333334,9.60097,13.03951,13.46507,13.70742,10.80346,12.42205,2,2,334,1,5,1,3,NA,3,3,-1.5162,58.182,-0.57,465.423,357.0879,407.2548,1,6,NA
3550317,606.07204,590.66165,2,2,14,11.64917,6.83195,9.965,8.55351,10.80346,10.74331,1,3,1000,NA,1,NA,2,NA,NA,1,NA,93.619,-0.54,489.4142,437.8438,448.564,2,3,2
4220420,578.58918,602.85367,2,2,15,9.60097,11.04872,12.07123,13.70742,8.93142,11.44903,3,1,1371,1,2,2,4,2,3,3,-1.0989,11.25,0.39,572.7606,576.8208,575.1026,3,8,NA
3430101,526.53913,536.19623,2,1,14.75,NA,10.19817,9.965,8.20673,10.30668,9.6346,NA,3,1049,1,2,2,3,2,3,1,-0.9168,282.5,0.45,532.3337,487.404,559.157,1,5,4
5010122,585.06246,537.15041,2,1,14.916666666666666,14.01827,9.18945,13.46507,13.70742,15.81948,14.34298,1,2,429,1,1,1,1,2,2,2,-0.4184,NA,1.44,409.8847,328.699,405.11,1,4,2
4370106,622.35161,610.36752,1,1,14.833333333333334,11.64917,13.03951,12.07123,11.01771,12.08627,11.44903,2,1,110,1,3,1,3,2,1,3,-1.2965,NA,0.24,560.2197,575.2433,589.8359,1,4,4
5060202,619.96912,580.47435,1,1,15.416666666666666,11.64917,10.19817,10.80246,11.9425,12.08627,9.6346,1,2,365,4,1,2,2,2,2,2,0.0872,135.333,0.37,524.4664,441.2432,548.0604,1,5,2
4560321,642.04419,654.94951,2,1,14.25,12.51743,7.91394,9.965,9.81093,8.93142,9.15641,1,3,706,1,2,2,4,4,4,2,-1.0989,231,0.53,540.7462,463.506,504.047,1,4,2
3300209,408.23727,475.2737,1,3,14.583333333333334,10.92551,9.18945,9.26151,10.35139,4.94405,8.70884,1,1,837,3,2,1,3,1,3,3,0.0872,136.333,-0.27,357.3843,394.9349,426.2775,1,4,4
4540125,537.81505,574.80589,1,1,14.833333333333334,8.91919,7.91394,6.36452,6.97345,3.17837,6.97717,2,2,407,3,4,1,3,3,3,2,-1.0989,173.6,-0.91,421.5688,399.7008,399.7949,1,3,NA
3430315,559.95583,469.30104,2,1,14.5,9.60097,10.19817,6.36452,7.88323,6.85613,5.86845,2,2,1049,1,2,2,3,2,3,1,-0.9168,282.5,-0.07,441.899,389.1657,473.4614,1,5,NA
4930125,473.67377,540.259,2,2,14.75,11.64917,10.19817,12.07123,11.01771,7.89169,12.13873,1,1,806,1,1,2,2,2,1,1,0.2803,157.4,0.3,507.3298,523.6519,517.9411,1,4,4
4920218,470.80624,491.62919,1,1,15.083333333333334,10.25396,13.03951,9.965,7.57539,8.17383,10.74331,3,1,972,1,1,1,2,1,3,1,-0.0892,163.667,1.91,412.2994,480.7204,411.6374,1,4,NA
3490313,477.54802,469.01495,2,1,15.083333333333334,11.64917,10.19817,9.965,11.01771,8.17383,8.70884,1,1,820,3,1,1,2,3,3,2,-0.5803,116.143,-0.32,463.7093,419.399,427.4897,1,3,4
3430110,473.59031,498.23578,2,2,15.166666666666666,8.74681,10.19817,8.93041,9.34439,9.39344,10.15325,NA,1,1049,1,2,2,3,2,3,1,-0.9168,282.5,-0.04,483.8059,490.2108,533.1406,1,5,2
3560324,492.93417,558.21319,2,1,14.5,10.25396,13.03951,9.60333,8.92971,9.84519,7.85736,2,2,756,3,1,2,3,3,3,2,1.1595,145.091,-0.05,485.4417,491.5741,452.7602,1,4,NA
3820520,535.31904,589.95101,1,1,15,8.74681,10.19817,9.26151,8.20673,7.24499,9.15641,NA,1,1365,4,2,2,2,3,3,1,-0.9168,NA,-0.7,523.3759,583.9013,494.9086,1,6,2
3300205,614.00479,600.4351,1,2,15.083333333333334,11.64917,9.62932,13.46507,11.01771,12.08627,10.74331,1,2,837,3,2,1,3,1,3,3,0.0872,136.333,0.17,504.2141,584.7751,575.3823,1,4,4
3180117,596.54676,491.20551,1,1,14.416666666666666,10.25396,13.03951,10.35777,8.92971,10.30668,9.15641,2,3,856,1,4,1,2,2,2,3,-1.0989,208.75,-0.25,530.7758,536.8782,573.4241,1,3,4
4500302,561.7534,529.94436,2,3,14.916666666666666,8.74681,7.6477,11.33851,9.81093,11.70269,10.15325,NA,3,715,3,4,1,4,4,4,2,-0.5803,142.2,-0.02,548.0682,394.4585,401.7531,1,4,3
4780113,629.35797,702.1085,2,1,15.083333333333334,10.25396,10.19817,9.965,11.01771,9.16491,12.42205,2,2,1408,2,2,3,2,2,2,2,0.0872,200.714,-0.58,532.2558,442.0941,473.4614,1,5,4
3180126,458.69444,559.36094,2,1,15.166666666666666,8.91919,13.03951,10.80246,8.55351,8.93142,9.15641,4,1,856,1,4,1,2,2,2,3,-1.0989,208.75,-0.76,463.7093,392.3735,451.0817,1,3,4
4770104,500.623,515.05533,2,1,14.416666666666666,7.30445,9.62932,8.60159,8.92971,9.61942,7.85736,NA,3,638,2,5,1,4,2,3,3,-0.256,167.5,-0.54,485.6753,422.0454,437.0944,1,4,2
5080116,590.35147,566.86061,2,1,14.833333333333334,11.64917,11.04872,10.80246,10.35139,10.54867,11.44903,1,2,494,3,5,1,3,3,1,3,-0.256,123,-0.49,465.9682,388.9251,503.1145,1,3,4
4620211,628.066,698.54394,2,1,14.833333333333334,12.51743,13.03951,9.26151,7.88323,9.16491,9.15641,1,1,592,2,1,1,3,1,1,1,1.1595,119.2,0.36,537.7863,501.7588,537.0571,1,5,4
3360120,477.74042,415.12629,1,1,15.5,10.25396,8.81989,9.965,9.81093,9.39344,9.6346,2,1,802,3,2,1,2,1,1,3,0.5021,207.25,-0.13,360.5001,362.3682,386.1805,1,3,4
4070207,599.42412,516.68142,1,3,12.833333333333334,10.92551,10.19817,12.07123,10.35139,10.54867,6.97717,1,2,883,1,5,2,2,3,2,1,-1.2965,140.308,0.11,490.6605,525.1224,448.2842,2,5,2
4730110,662.02024,584.66466,2,1,14.916666666666666,10.92551,11.04872,9.965,8.92971,11.07454,12.42205,2,2,1159,2,1,3,3,2,1,1,-0.256,172.167,0.4,626.4294,535.6811,621.727,2,5,4
3710316,439.75908,483.17632,2,1,14.333333333333334,8.19314,8.81989,7.03246,7.57539,8.69047,7.42878,4,2,738,2,5,2,3,1,2,2,0.7756,111.333,-0.79,423.4382,360.7768,373.7784,1,3,4
4060214,653.14246,643.8484,2,2,14.916666666666666,11.64917,10.19817,10.35777,11.01771,11.07454,12.42205,2,2,425,4,2,2,4,3,2,3,1.1595,131.333,0.09,446.2611,454.6044,454.8116,1,3,4
3570208,550.41055,543.05116,1,1,15.333333333333334,10.04151,11.04872,9.965,8.92971,7.24499,9.74896,NA,2,522,2,1,2,4,3,3,2,-0.5803,146.5,-0.26,432.7076,503.1994,444.5543,1,3,3
3770203,567.02744,587.90877,2,1,14.833333333333334,11.17406,10.19817,7.03246,9.34439,10.04708,7.85736,NA,2,338,1,4,1,3,4,3,3,-2.0766,NA,-0.25,374.3652,427.3383,405.483,1,6,2
4860218,657.30665,601.63151,1,1,14.666666666666666,14.01827,9.62932,9.60333,8.92971,9.61942,7.42878,1,3,782,1,1,1,1,2,1,1,1.1595,239,0.62,547.8346,560.1514,544.9832,2,3,NA
4630209,469.46499,550.70261,1,1,14.166666666666666,10.04151,13.03951,10.35777,10.35139,8.84487,11.44903,NA,1,311,3,5,1,1,3,2,2,-1.2965,94,-0.02,443.4569,484.9303,400.7273,1,3,4
4110108,736.379,639.71482,1,3,14.416666666666666,8.91919,8.48873,13.46507,13.70742,12.54869,12.42205,3,2,60,4,6,2,3,2,3,2,-1.2965,30.5,-1.77,504.6814,498.9101,490.2462,NA,NA,NA
4120203,449.98895,502.53565,2,2,14.583333333333334,8.91919,8.48873,9.60333,11.9425,10.07332,10.74331,3,2,1653,4,4,NA,3,3,3,2,-0.8068,187,-0.91,533.4242,402.5582,500.8765,1,3,4
4560304,638.79543,580.44674,1,1,15.25,9.60097,10.19817,10.80246,8.55351,9.84519,9.6346,2,2,706,1,2,2,4,4,4,2,-1.0989,231,-0.03,499.6183,488.4252,528.6647,1,4,4
4420115,501.93598,440.37154,1,1,14.666666666666666,12.51743,13.03951,11.33851,11.01771,10.30668,10.15325,1,1,573,1,2,1,4,3,4,2,-1.0989,192.333,0.26,482.5596,481.753,457.6091,1,5,NA
5010102,372.33853,445.3982,2,1,15,11.64917,13.03951,12.07123,11.01771,9.39344,14.34298,1,1,429,1,1,1,1,2,2,2,-0.4184,NA,1.1,375.6115,338.4026,427.583,1,4,4
3330106,465.75779,576.26493,1,3,15,10.25396,10.19817,12.07123,11.01771,10.30668,10.74331,2,1,219,4,6,1,1,2,2,3,0.0872,51.5,-0.31,416.1162,452.0458,351.9582,1,NA,NA
4780421,496.14751,475.13338,2,1,15.166666666666666,10.25396,8.48873,9.60333,10.35139,10.30668,9.15641,2,3,1408,2,2,3,2,2,2,2,0.0872,200.714,0.31,503.3572,465.8316,471.3167,1,5,4
4230101,484.5136,503.20418,2,1,15.25,11.64917,13.03951,5.03748,7.88323,6.85613,6.47491,1,2,907,2,1,3,2,3,4,2,1.9226,215.75,0.64,356.9949,357.8898,352.238,1,5,4
3940206,402.15048,378.02968,2,1,15.333333333333334,8.74681,13.03951,8.60159,8.92971,8.17383,10.15325,NA,2,524,3,1,2,3,2,2,2,-0.7452,271,-0.75,339.0793,336.7987,349.1608,1,5,NA
4810211,313.49196,367.11002,2,1,14.5,8.91919,7.38476,11.33851,13.70742,9.61942,9.15641,4,2,317,3,5,1,3,2,2,1,0.0872,121.6,-0.16,386.8282,404.0819,357.9261,1,3,4
4470210,485.18902,434.8374,2,1,14.75,7.30445,10.19817,13.46507,9.34439,14.02271,12.42205,NA,2,527,1,1,2,4,2,3,2,0.0872,NA,-0.93,539.3441,472.8888,575.2891,1,3,NA
3770211,510.80505,469.28587,2,1,15.25,9.60097,10.19817,9.965,8.92971,8.69047,8.27843,3,3,338,1,4,1,3,4,3,3,-2.0766,NA,-0.29,436.1349,408.8935,420.3096,1,6,NA
5070209,374.9808,493.94443,2,1,15.083333333333334,10.25396,9.62932,9.26151,8.92971,7.89169,8.27843,2,1,436,NA,6,2,2,3,3,2,-0.4184,119.333,-1.07,457.4778,478.743,515.1436,1,6,4
3150211,515.06712,426.85982,1,1,14.333333333333334,8.74681,10.19817,7.91186,10.35139,7.24499,7.42878,NA,1,328,2,2,1,3,2,2,2,-0.5803,130.4,0.15,379.9735,317.8869,403.8978,1,4,2
3580221,582.62008,550.1948,2,1,14.583333333333334,9.60097,9.18945,8.26761,7.88323,8.93142,8.27843,4,3,594,1,1,1,1,2,3,3,0.0872,147.75,0.1,512.0813,466.4732,525.8672,1,4,3
3460121,474.04573,448.81524,1,1,13.583333333333334,11.64917,10.19817,11.33851,11.9425,9.61942,10.74331,1,3,665,2,4,1,3,4,3,1,0.5021,130.4,0.72,519.0918,504.3114,520.2723,1,4,NA
5050216,451.61702,491.96776,2,1,15.083333333333334,9.60097,13.03951,9.26151,8.55351,9.39344,9.15641,4,3,809,1,3,1,2,2,3,1,1.9226,155.6,-0.1,462.6188,466.6336,521.9508,2,3,4
4470219,355.77996,494.89184,2,1,15.083333333333334,8.91919,10.19817,9.26151,8.55351,8.17867,7.85736,3,2,527,1,1,2,4,2,3,2,0.0872,NA,-0.29,375.1441,444.1791,402.6856,1,3,NA
4140219,516.7429,541.38656,1,1,14.583333333333334,10.92551,13.03951,9.26151,10.35139,10.30668,9.6346,1,2,1968,1,1,1,1,2,2,2,0.0872,174.818,0.58,428.034,363.4008,328.9258,2,6,4
5020125,497.7615,496.99562,2,2,14.25,8.74681,7.6477,10.80246,13.70742,12.54869,12.42205,NA,3,395,2,1,2,2,3,2,2,-0.0892,115.667,-0.49,450.3895,464.3079,454.8116,1,NA,NA
4990203,653.17698,638.41399,2,1,14.416666666666666,11.64917,10.19817,9.60333,11.9425,11.37095,9.6346,1,2,643,1,1,3,3,3,4,1,-0.9168,156,0.43,609.3706,627.9047,596.8295,1,4,2
5010101,502.2666,492.35773,2,1,14.416666666666666,14.01827,13.03951,12.07123,11.9425,11.70269,11.44903,1,1,429,1,1,1,1,2,2,2,-0.4184,NA,1.9,455.7641,454.9252,507.9634,1,4,2
3610110,627.97326,577.63581,2,1,14.416666666666666,10.92551,13.03951,13.46507,13.70742,12.54869,14.34298,2,2,151,1,5,2,2,1,1,2,0.2803,89.333,-0.71,511.3803,409.2143,497.7061,1,3,4
4810202,488.71589,487.71383,1,1,15.25,9.60097,9.18945,10.35777,8.55351,9.39344,10.15325,2,1,317,3,5,1,3,2,2,1,0.0872,121.6,-0.93,447.1958,490.4904,442.6893,1,3,NA
3470102,563.81164,443.63845,1,1,14.666666666666666,7.37134,10.19817,9.965,9.34439,10.30668,8.70884,4,2,305,4,1,1,3,2,3,2,0.0872,152.5,-2.17,393.6049,333.7731,392.6147,1,3,4
3900213,732.73928,677.18383,1,1,14.416666666666666,11.64917,10.19817,9.965,8.55351,11.70269,11.44903,1,2,807,1,1,3,3,3,2,1,0.0872,102.5,0.16,589.0403,546.6482,536.6841,3,8,2
3710312,556.50326,519.14472,2,1,13.833333333333334,10.25396,9.74371,9.60333,8.55351,8.93142,10.15325,2,2,738,2,5,2,3,1,2,2,0.7756,111.333,0.38,424.7624,383.3115,380.4924,1,3,4
3890104,512.34485,500.55735,1,1,14.666666666666666,8.74681,10.19817,9.965,8.92971,9.16491,9.6346,NA,1,NA,NA,2,1,3,3,3,2,-0.0892,259,-0.4,499.5404,480.1644,522.8833,1,3,2
3670126,535.00641,525.20095,1,1,14.75,10.25396,13.03951,11.08765,8.55351,12.54869,12.42205,2,1,558,3,4,2,4,4,3,1,-0.4184,149.714,-0.08,408.7942,446.5651,396.4379,1,4,4
3180316,437.36809,454.09788,2,1,15.166666666666666,8.19314,10.19817,9.60333,11.01771,9.84519,10.74331,4,1,856,1,4,1,2,2,2,3,-1.0989,208.75,-1.05,500.7867,516.3542,502.3685,1,3,4
3010114,642.76219,573.00642,1,3,14.166666666666666,9.60097,7.91394,9.965,8.92971,10.30668,9.6346,2,1,702,3,5,2,2,2,3,1,-1.7689,173.25,-1.27,557.8828,444.1822,642.2417,1,3,4
4650102,593.54772,661.8051,2,4,14.666666666666666,9.60097,13.03951,8.26761,7.88323,8.43911,8.27843,2,2,80,1,6,1,4,3,4,2,-0.9168,81,-0.59,431.0718,368.7161,380.1194,1,5,3
4560324,626.98654,632.85672,1,1,14.75,8.91919,10.19817,9.965,8.20673,7.58514,9.15641,3,2,706,1,2,2,4,4,4,2,-1.0989,231,-0.52,601.737,587.3963,642.2417,1,4,4
3160110,432.78266,437.19137,2,1,14.916666666666666,14.01827,13.03951,13.46507,10.13806,8.78043,10.74331,1,3,705,1,2,3,3,3,2,2,-0.5803,176.25,0.18,382.9335,363.9846,335.5464,1,3,4
3360115,524.50681,501.64377,2,1,15.25,8.91919,13.03951,9.965,11.01771,9.39344,10.15325,3,3,802,3,2,1,2,1,1,3,0.5021,207.25,-0.51,338.3004,287.88,315.2182,1,3,4
4980201,451.20428,504.86584,1,1,14.333333333333334,8.91919,11.04872,7.91186,9.34439,6.85613,7.85736,4,2,590,3,1,2,3,3,2,2,0.0872,125.6,0.22,373.3525,375.0772,428.0492,1,4,NA
3120321,461.32655,526.37216,1,1,14.416666666666666,10.92551,13.03951,8.60159,9.81093,8.93142,9.15641,2,3,696,2,2,NA,2,1,2,2,NA,113.077,-0.26,474.5365,487.7898,457.3294,1,5,4
4010321,597.72589,631.20128,2,1,14.666666666666666,11.64917,13.03951,10.35777,11.9425,11.70269,10.74331,1,1,673,3,2,1,3,3,2,2,-1.0989,187.5,-0.08,362.5253,391.0904,412.1037,1,5,4
3580214,489.82116,492.56929,2,1,15.75,10.92551,10.19817,8.60159,6.97345,8.69047,6.47491,1,3,594,1,1,1,1,2,3,3,0.0872,147.75,0.16,490.1932,453.0807,514.7706,1,4,1
3610112,509.77822,480.41711,1,1,14.666666666666666,12.51743,9.62932,11.33851,11.01771,9.39344,12.42205,2,1,151,1,5,2,2,1,1,2,0.2803,89.333,0.41,381.1419,452.1253,438.3066,1,3,3
4070222,494.18212,427.69245,1,3,13.75,10.25396,10.19817,10.52098,10.35139,9.39344,8.21454,1,3,883,1,5,2,2,3,2,1,-1.2965,140.308,NA,484.8185,506.7738,409.0265,2,6,NA
3990103,530.26232,494.84318,1,1,14.916666666666666,10.25396,9.62932,8.93041,8.55351,10.30668,8.27843,1,3,83,4,6,2,2,2,3,2,0.2803,78,-0.49,443.379,493.35,528.1984,1,3,4
3490306,513.49637,461.2748,1,1,14.416666666666666,9.60097,10.19817,12.07123,10.35139,10.30668,11.44903,4,3,820,3,1,1,2,3,3,2,-0.5803,116.143,0.25,486.3764,493.2705,448.191,1,3,4
4730301,503.09499,462.05287,2,1,15.083333333333334,10.92551,7.11034,10.80246,10.35139,7.89169,10.15325,1,2,1159,2,1,3,3,2,1,1,-0.256,172.167,-0.01,464.644,451.7174,420.3096,NA,5,4
3080114,422.85883,464.25802,2,1,15.166666666666666,9.60097,7.6477,9.17211,9.81212,8.43911,9.6346,2,NA,511,4,1,1,4,3,3,2,-0.256,133.25,0.44,509.1214,476.2569,544.4237,1,6,NA
3390205,404.38046,393.44529,1,1,14.333333333333334,10.25396,11.04872,11.33851,9.81093,7.89169,14.34298,1,1,654,4,1,1,2,3,1,2,-0.4184,134.6,-0.52,453.4273,312.565,341.0481,1,6,4
4690303,567.05314,559.63382,1,1,15,10.04151,11.04872,9.60333,8.55351,10.07332,9.6346,NA,1,903,1,1,2,3,2,3,1,-0.5803,176.4,-0.31,536.1505,564.9173,530.6229,1,4,4
4420127,539.98738,610.33184,2,2,14.75,10.92551,10.19817,7.91186,8.92971,8.17383,9.15641,1,2,573,1,2,1,4,3,4,2,-1.0989,192.333,0.4,555.3124,482.6725,490.2462,1,5,NA
3570213,452.10753,448.82735,1,1,14.666666666666666,12.51743,13.03951,12.07123,12.72833,8.43911,10.74331,1,2,522,2,1,2,4,3,3,2,-0.5803,146.5,-0.06,384.2577,403.9106,387.6725,1,3,NA
4310224,583.73495,613.0557,2,1,15.333333333333334,10.92551,8.19852,9.26151,8.55351,8.43911,9.6346,1,1,1109,2,2,1,1,1,2,1,0.2803,159.714,1.22,602.7496,632.7164,576.4081,2,4,4
4230115,503.85321,454.96597,1,3,15.083333333333334,9.60097,9.18945,10.80246,11.01771,10.54867,8.70884,2,1,907,2,1,3,2,3,4,2,1.9226,215.75,-0.47,432.9413,432.2675,398.3029,1,5,4
3130112,418.68558,513.49699,1,1,14.75,11.64917,9.18945,7.91186,9.34439,9.61942,7.42878,1,1,202,3,6,1,2,3,3,2,-0.9168,NA,0.44,465.9682,357.6024,490.9922,1,3,4
3730218,460.86565,434.65387,1,1,14.5,7.37134,7.91394,8.60159,7.57539,9.61942,8.27843,4,3,1043,2,3,1,2,2,3,2,-0.256,244.75,-0.6,346.2455,324.4796,338.2507,1,5,NA
4270311,485.04645,427.01978,2,1,15,10.25396,8.81989,7.91186,11.01771,9.16491,11.44903,1,1,618,1,4,3,2,2,1,1,-0.9168,170,0.07,389.7102,265.4256,300.2984,2,5,4
4470207,456.81341,402.57279,1,3,14.583333333333334,9.60097,13.03951,11.33851,9.81093,11.70269,10.15325,2,2,527,1,1,2,4,2,3,2,0.0872,NA,-0.17,406.4574,441.0049,470.1044,1,3,2
4720118,517.63085,489.0451,2,1,14.333333333333334,8.74681,9.62932,11.33851,13.70742,10.30668,10.15325,NA,3,846,1,4,1,3,3,3,3,-1.0989,173.8,-0.76,502.3446,523.5717,525.6807,1,6,3
4190306,378.46298,361.39334,1,4,14.666666666666666,10.25396,13.03951,9.965,8.55351,8.17383,9.6346,2,1,516,1,5,1,2,3,3,3,0.2803,118.889,-0.66,437.9265,405.1815,409.7725,1,5,NA
4300111,514.14889,525.75338,1,1,14.25,8.19314,9.18945,9.26151,8.20673,7.89169,8.27843,2,2,613,3,4,1,4,4,2,1,1.9226,244,-0.77,403.0301,464.6754,409.0265,1,4,4
3890102,566.24151,560.2862,2,1,14.916666666666666,10.25396,10.19817,9.26151,8.55351,8.43911,6.97717,1,1,NA,NA,2,1,3,3,3,2,-0.0892,259,0.5,481.547,533.195,506.7512,1,3,4
3130108,545.31427,492.31452,1,1,14.333333333333334,9.60097,10.19817,8.93041,11.01771,9.39344,8.70884,2,2,202,3,6,1,2,3,3,2,-0.9168,NA,-0.07,411.5205,444.9765,466.6542,1,3,4
3220106,587.63512,539.13537,1,1,14.583333333333334,8.19314,10.19817,12.07123,8.20673,8.93142,11.44903,4,2,42,4,6,1,1,3,3,2,0.5021,21,-2.48,522.2854,461.8953,486.5162,1,4,NA
4560303,565.99134,570.68813,2,1,15.333333333333334,9.60097,7.11034,9.60333,8.55351,8.93142,8.27843,2,3,706,1,2,2,4,4,4,2,-1.0989,231,-0.78,474.6144,328.7792,484.3715,1,4,4
4830411,518.28963,516.02271,2,1,15.416666666666666,10.92551,11.04872,9.60333,8.20673,9.16491,8.70884,1,2,960,2,3,1,3,3,3,2,0.5021,189.2,-0.37,371.0157,391.3309,454.1589,1,3,4
3970406,626.71738,568.67361,1,2,14.916666666666666,10.25396,11.04872,8.93041,8.20673,11.07454,8.27843,2,1,898,1,1,3,4,3,2,2,1.9226,131,-0.12,532.2558,554.0353,496.7736,1,4,5
3390209,538.52635,517.63199,2,1,14.25,10.92551,13.03951,11.33851,10.35139,9.61942,10.15325,2,2,654,4,1,1,2,3,1,2,-0.4184,134.6,-0.04,456.7768,430.4659,431.4062,1,6,NA
3430307,678.94686,586.32534,2,1,14.333333333333334,10.92551,9.18945,8.60159,13.70742,11.37095,9.15641,1,1,1049,1,2,2,3,2,3,1,-0.9168,282.5,-0.02,560.1418,524.6944,536.8706,1,5,NA
4820105,444.8196,453.77032,1,1,14.75,11.17406,7.91394,10.80246,11.01771,9.16491,7.42878,NA,1,173,2,6,1,4,4,1,1,0.0872,8.667,-0.42,491.4395,527.5053,523.8157,1,3,3
4310227,680.18141,672.28919,1,1,14.25,10.92551,10.19817,7.91186,6.66537,9.39344,8.70884,1,1,1109,2,2,1,1,1,2,1,0.2803,159.714,0.4,657.7426,683.8255,675.0653,2,4,2
3730423,541.76282,639.95803,1,1,15.333333333333334,11.64917,11.04872,9.965,8.92971,9.16491,10.74331,1,1,1043,2,3,1,2,2,3,2,-0.256,244.75,0.15,559.7523,490.967,518.3141,1,3,2
4480220,570.90672,637.98114,2,1,14.833333333333334,14.01827,9.62932,13.46507,11.9425,11.37095,9.6346,1,2,819,1,1,1,3,2,3,1,0.5021,146,2.02,607.2675,672.7335,643.2674,2,5,2
4210304,638.49118,549.6918,1,1,15,10.92551,11.04872,10.80246,11.01771,13.14698,10.74331,2,1,971,1,4,1,2,2,2,3,0.2803,169.167,0.37,488.869,483.0239,496.8668,1,5,3
4980216,533.09621,557.017,2,1,14.666666666666666,12.51743,11.04872,9.965,9.34439,9.16491,8.70884,1,2,590,3,1,2,3,3,2,2,0.0872,125.6,0.46,405.5227,442.5752,453.0399,1,4,4
3170110,605.96243,674.12183,2,1,14.666666666666666,11.64917,10.19817,12.07123,11.9425,11.70269,12.42205,1,1,32,4,6,1,1,2,1,1,-1.0989,32,0.33,663.8184,550.8378,640.097,1,5,2
3790108,450.63466,522.81708,1,1,15.166666666666666,10.92551,8.81989,9.965,10.35139,9.16491,9.15641,2,2,127,4,6,1,3,3,1,1,0.7756,51.2,-0.32,436.2907,390.4074,414.7147,1,6,4
4560305,607.86782,632.37717,2,1,15.5,11.17406,9.62932,9.965,9.34439,9.39344,9.6346,NA,1,706,1,2,2,4,4,4,2,-1.0989,231,-0.33,528.2053,446.9057,428.702,1,4,2
3960118,533.8941,495.3213,1,1,15.083333333333334,10.92551,10.19817,11.33851,11.01771,11.37095,10.15325,2,2,521,2,1,1,1,2,3,3,0.5021,106.6,-0.76,459.8146,513.2871,509.5487,1,4,4
4570220,399.0644,403.08322,1,1,15.333333333333334,9.60097,8.48873,8.93041,9.81093,7.89169,11.44903,3,1,843,4,1,1,1,1,1,3,0.5021,156,-0.72,371.4052,373.4886,361.0034,1,2,4
4410209,406.92843,451.07592,1,1,14.833333333333334,11.17406,7.6477,9.60333,7.88323,9.16491,7.42878,NA,1,869,1,2,3,4,3,2,1,-0.5803,134.462,-0.23,367.0432,425.1187,395.1324,2,4,NA
4510108,448.48692,458.46616,2,1,14.916666666666666,10.92551,13.03951,11.33851,9.81093,8.17383,9.6346,1,1,664,1,1,2,2,1,1,3,-0.9168,266.667,2.66,473.6797,385.156,440.8243,1,3,NA
4200102,538.663,527.12295,2,1,14.25,10.92551,13.03951,10.80246,9.34439,10.07332,10.15325,2,1,71,3,6,1,2,1,3,3,1.1595,23,-0.49,511.1466,485.1585,509.6419,1,NA,NA
3930222,484.12286,516.04268,1,1,15,12.51743,8.81989,7.51389,7.57539,7.24499,7.85736,1,2,1030,1,1,1,4,3,3,3,0.0872,155.714,1.22,491.3616,590.3352,538.1761,2,5,2
3100105,533.65991,562.8656,1,1,14.333333333333334,10.25396,10.19817,9.965,11.01771,9.84519,10.15325,2,1,492,3,5,2,4,3,4,1,-0.9168,107.333,-1.46,454.2842,480.641,519.806,1,6,4
3330107,511.27455,473.0092,2,4,15.25,10.04151,10.19817,11.33851,10.35139,10.07332,11.44903,NA,3,219,4,6,1,1,2,2,3,0.0872,51.5,-0.31,393.0597,295.0173,363.5211,1,NA,NA
4270306,496.01365,448.27514,1,1,14.333333333333334,10.25396,9.18945,7.51389,9.34439,7.58514,9.15641,2,1,618,1,4,3,2,2,1,1,-0.9168,170,-0.31,479.9112,418.2082,445.4868,2,5,3
4180313,494.05798,427.19316,1,1,15.333333333333334,11.64917,11.04872,9.60333,11.9425,9.16491,9.15641,1,1,1133,1,2,3,1,3,2,2,-0.7452,169.857,0.97,419.4656,430.9172,450.1492,1,4,4
3090114,504.0455,507.71692,1,1,14.75,12.51743,9.18945,7.91186,7.2741,7.58514,7.85736,1,1,194,3,5,1,3,3,3,2,-1.7689,96,0.36,417.2067,469.5207,382.1708,1,6,4
3180308,517.91733,532.44934,1,1,15.083333333333334,10.25396,10.19817,8.26761,7.57539,8.93142,8.70884,2,2,856,1,4,1,2,2,2,3,-1.0989,208.75,-0.18,414.091,450.4572,461.4323,1,3,NA
4030320,475.59592,573.25553,1,1,14.666666666666666,12.51743,13.03951,7.03246,6.97345,6.85613,8.70884,2,3,1029,1,4,2,1,2,2,1,0.7756,202.6,0.64,406.769,499.7044,455.4644,NA,4,4
4790219,506.35258,525.04394,1,1,15.083333333333334,10.92551,8.81989,8.60159,7.88323,8.43911,9.6346,2,2,980,1,4,2,4,1,1,1,0.5021,84.167,0.52,462.9304,448.392,454.8116,1,3,4
4840208,507.61159,445.56732,1,1,14.666666666666666,9.60097,9.62932,8.93041,10.35139,6.85613,10.15325,3,2,883,2,3,2,2,1,2,2,-0.4184,190,0.07,357.0728,383.5763,383.1966,1,3,3
3630301,425.58166,478.23062,1,2,14.5,11.64917,13.03951,8.93041,11.01771,8.17383,9.6346,1,1,1209,1,2,4,4,3,4,3,-0.4184,132.526,-0.07,445.7158,481.4353,482.5065,1,5,2
4060217,585.44447,561.30345,1,1,14.25,9.60097,13.03951,9.965,9.81093,8.43911,7.85736,3,1,425,4,2,2,4,3,2,3,1.1595,131.333,0.91,439.5622,448.1537,441.1041,1,3,4
3550302,603.8529,611.31352,2,3,14.583333333333334,12.51743,13.03951,9.965,11.01771,9.61942,8.70884,1,2,1000,NA,1,NA,2,NA,NA,1,NA,93.619,-0.74,464.5661,412.8231,491.0854,2,3,2
3110215,501.84614,465.88563,2,1,13.583333333333334,9.60097,7.38476,8.26761,9.34439,7.58514,9.6346,2,2,314,2,4,2,4,3,4,2,-0.7452,110.667,-0.45,445.4043,409.7757,449.5897,1,6,4
4610106,607.4524,626.76688,1,1,14.75,14.01827,7.91394,10.35777,7.57539,10.80346,12.42205,1,2,765,1,2,2,1,2,1,1,-0.7452,253.667,0.06,568.1648,588.5877,573.1443,1,5,NA
4560312,610.5806,607.10465,1,1,17.583333333333332,9.60097,8.19852,9.60333,9.81093,5.80254,8.70884,2,1,706,1,2,2,4,4,4,2,-1.0989,231,-1.66,456.6989,388.5805,420.5893,1,4,1
3100119,612.15493,622.03275,2,1,14.916666666666666,9.60097,13.03951,8.26761,8.92971,9.84519,8.27843,2,2,492,3,5,2,4,3,4,1,-0.9168,107.333,-0.3,488.869,504.325,535.0988,1,6,4
3010102,668.94269,588.27909,1,3,14.75,9.60097,10.19817,10.80246,9.34439,11.70269,9.6346,2,2,702,3,5,2,2,2,3,1,-1.7689,173.25,-0.25,440.3412,456.0968,549.6457,1,3,NA
4430204,553.7992,523.53296,2,3,14.666666666666666,9.60097,9.62932,11.33851,11.01771,9.39344,9.6346,3,2,251,4,6,3,3,4,2,2,-0.7452,125.5,-0.03,385.8934,367.032,352.4245,1,3,4
4610208,570.0219,609.97821,1,1,14.916666666666666,14.01827,9.62932,9.965,7.57539,11.70269,9.6346,1,2,765,1,2,2,1,2,1,1,-0.7452,253.667,0.82,610.3832,612.4965,597.5755,1,4,2
4420103,470.06858,523.60421,1,1,14.916666666666666,10.92551,9.62932,7.91186,8.55351,6.85613,8.70884,1,1,573,1,2,1,4,3,4,2,-1.0989,192.333,-0.18,403.6532,388.501,350.0932,1,5,NA
4200103,485.02578,538.47459,1,2,14.666666666666666,8.91919,13.03951,10.80246,9.81093,12.54869,14.34298,3,1,71,3,6,1,2,1,3,3,1.1595,23,-1.14,489.1027,517.9736,504.2335,1,NA,1
4500322,504.39311,511.27494,2,1,14.583333333333334,12.21628,7.38476,8.93041,8.20673,10.07332,9.15641,NA,2,715,3,4,1,4,4,4,2,-0.5803,142.2,0.16,628.6883,406.8085,458.5416,1,4,2
4240119,595.88239,574.07561,2,1,15.333333333333334,11.64917,9.62932,12.07123,13.70742,9.61942,11.44903,2,2,858,2,1,1,2,3,3,1,-0.9168,166.909,-0.4,597.6087,529.9872,555.2406,2,6,NA
4590204,469.63069,510.51454,2,2,15.5,8.91919,13.03951,7.51389,7.2741,8.43911,9.15641,3,2,409,2,5,1,3,3,3,2,0.2803,105,-0.45,355.3591,335.1948,335.4532,1,3,3
3600115,583.9659,524.92392,2,1,15.083333333333334,10.25396,13.03951,10.35777,6.97345,10.80346,11.44903,1,2,NA,1,1,3,2,3,3,1,0.2803,177,0.9,545.4198,493.178,560.1828,1,3,2
4050311,601.67656,524.8746,1,1,14.583333333333334,9.60097,13.03951,9.26151,7.88323,9.16491,8.70884,2,2,1092,1,2,1,3,1,1,3,-0.256,178.5,-1.07,493.231,502.9611,474.2074,1,3,1
3200205,574.06956,529.86798,1,1,14.416666666666666,11.64917,9.62932,9.60333,8.92971,11.37095,9.15641,1,2,581,2,2,1,3,1,2,2,-0.4184,186,0.11,490.8942,545.8539,525.6807,1,3,3
4440116,456.84213,566.94266,2,1,14.416666666666666,9.60097,9.62932,7.51389,11.9425,9.61942,7.42878,3,2,NA,1,4,3,2,3,3,3,-0.9168,128.462,-0.33,438.3938,485.1585,416.0201,1,3,2
3160318,546.45094,476.50677,2,2,14.833333333333334,11.64917,8.19852,12.07123,9.81093,11.70269,11.44903,1,2,705,1,2,3,3,3,2,2,-0.5803,176.25,-0.02,566.3733,534.9718,585.3599,1,3,NA
4530209,498.93347,492.87284,1,1,15,8.19314,12.31376,11.33851,11.01771,10.80346,10.74331,4,2,205,1,6,1,3,3,4,2,-0.5803,67,-0.38,404.51,387.7861,389.2577,1,3,4
4050303,615.76302,535.65078,2,1,15,11.17406,8.19852,10.80246,11.01771,8.93142,10.74331,NA,1,1092,1,2,1,3,1,1,3,-0.256,178.5,-1.1,493.231,412.9033,444.2745,1,3,3
5030220,544.78186,596.51254,2,2,14.5,9.60097,9.62932,7.51389,5.96004,7.89169,6.47491,2,1,668,1,4,1,1,1,2,2,-0.3225,121.636,0.51,583.1204,511.5425,551.8836,1,3,4
4970116,576.58166,651.34207,2,1,14.333333333333334,14.01827,8.48873,13.46507,11.01771,15.81948,10.74331,1,2,500,1,1,3,3,4,4,2,-1.5162,168,0.65,688.1991,637.7687,680.4737,4,4,2
3130103,538.83697,525.98492,1,1,15.25,10.92551,9.62932,9.965,9.34439,9.61942,10.15325,2,1,202,3,6,1,2,3,3,2,-0.9168,NA,-0.13,434.8107,392.4726,489.9664,1,3,4
4570222,484.15761,526.47974,2,1,13.916666666666666,7.37134,8.48873,7.03246,9.81093,7.89169,7.85736,4,1,843,4,1,1,1,1,1,3,0.5021,156,-0.79,473.0566,433.834,419.0974,1,2,NA
4260105,584.80324,642.09497,2,1,14.916666666666666,8.91919,11.04872,10.35777,7.88323,12.54869,11.44903,4,2,298,3,5,1,3,3,3,2,-0.5803,55.273,-0.26,331.3678,239.5227,353.357,1,3,4
4880114,510.80717,578.80047,1,1,14.583333333333334,10.92551,9.18945,10.35777,8.92971,10.07332,10.15325,1,2,520,1,3,2,3,1,1,2,-0.9168,131.25,0.17,491.2058,464.7548,477.2846,1,3,4
5000207,593.68705,558.46731,2,1,14.916666666666666,14.01827,13.03951,10.35777,10.35139,11.37095,9.6346,1,3,597,1,1,1,1,4,3,1,1.9226,159.25,0.33,483.8838,465.1099,507.9634,1,4,NA
3690113,514.06152,434.94553,1,1,14.833333333333334,10.92551,9.62932,8.60159,7.2741,8.17383,9.15641,2,2,202,3,1,3,4,NA,3,2,-0.5803,119.333,-0.21,452.1031,458.3209,464.0433,1,5,4
4240126,473.0189,440.7567,1,1,15.416666666666666,14.01827,8.81989,8.60159,8.20673,8.17383,9.6346,1,1,858,2,1,1,2,3,3,1,-0.9168,166.909,0.5,454.2063,416.6196,386.74,2,6,NA
3890123,555.16291,567.95303,1,1,15.416666666666666,10.25396,10.19817,11.33851,9.81093,7.58514,10.15325,2,1,NA,NA,2,1,3,3,3,2,-0.0892,259,-0.33,479.3659,420.9089,459.6606,1,3,4
3730209,494.82202,506.5252,1,1,14.5,13.71571,8.81989,8.93041,7.57539,8.93142,9.15641,NA,1,1043,2,3,1,2,2,3,2,-0.256,244.75,0.65,415.6489,418.6848,479.1496,1,5,4
3150209,560.22354,569.29652,2,1,15,9.60097,8.19852,8.93041,8.55351,8.93142,7.85736,4,3,328,2,2,1,3,2,2,2,-0.5803,130.4,-0.46,547.2893,386.4391,496.8668,1,4,1
3040107,444.51222,499.26263,2,4,12.833333333333334,10.25396,13.03951,11.33851,10.35139,9.84519,10.74331,3,3,685,4,2,1,2,4,3,2,-0.256,134.6,0.36,371.4052,364.0648,392.7079,1,5,NA
4380216,682.49474,618.02955,1,1,15.166666666666666,11.64917,13.03951,13.46507,9.34439,14.02271,14.34298,1,2,620,4,2,1,2,3,3,2,-0.4184,174.571,0.63,520.9612,512.4928,466.3745,1,3,NA
3490319,658.7088,595.34516,1,1,14.916666666666666,12.51743,9.62932,12.07123,9.81093,11.37095,10.74331,2,1,820,3,1,1,2,3,3,2,-0.5803,116.143,0.43,687.3423,716.4717,635.621,1,3,4
3780224,457.08269,506.27959,2,1,15,11.64917,9.18945,13.46507,9.81093,10.80346,11.44903,1,3,1442,2,2,1,4,3,3,2,-0.9168,232.833,-0.14,374.9104,363.2629,336.6654,1,5,4
4240116,539.89486,600.69075,2,1,15.166666666666666,10.92551,8.48873,9.26151,7.88323,8.93142,7.85736,2,2,858,2,1,1,2,3,3,1,-0.9168,166.909,-0.13,508.2645,510.2594,535.0056,2,6,NA
3630312,442.56683,403.91628,1,1,14.833333333333334,14.01827,9.18945,10.35777,11.9425,11.37095,10.74331,1,1,1209,1,2,4,4,3,4,3,-0.4184,132.526,-0.22,558.8176,556.8153,548.8997,1,5,3
4840215,624.39019,630.92599,2,1,14.916666666666666,7.37134,9.18945,8.60159,7.57539,9.39344,9.15641,4,3,883,2,3,2,2,1,2,2,-0.4184,190,0.09,489.4142,411.3796,497.9858,1,3,3
3400110,633.57792,536.28439,2,1,14.75,10.92551,13.03951,12.07123,7.57539,11.70269,11.44903,1,1,1280,NA,1,1,2,3,3,3,1.9226,153.647,0.1,528.9843,447.7077,521.0183,3,4,4
4420112,539.51474,536.87392,2,1,14.75,9.60097,11.04872,10.35777,8.55351,9.16491,10.15325,2,2,573,1,2,1,4,3,4,2,-1.0989,192.333,-0.34,466.7472,452.2788,486.3297,1,5,NA
4690322,520.68664,588.2444,2,1,14.833333333333334,10.04151,13.03951,12.07123,11.01771,10.30668,12.42205,NA,3,903,1,1,2,3,2,3,1,-0.5803,176.4,-0.22,514.3402,497.1877,544.9832,1,4,NA
3840211,480.85488,490.55084,1,1,14.583333333333334,11.17406,10.19817,9.965,8.55351,7.58514,10.74331,NA,2,631,1,5,1,3,4,1,2,-0.5803,160.5,0.43,478.5091,454.5082,448.564,1,3,4
3370106,570.53442,620.14206,1,1,14.166666666666666,10.92551,8.81989,8.93041,7.2741,5.80254,8.70884,2,1,377,1,5,1,3,1,1,3,0.7756,90.5,-0.31,520.5717,597.7223,548.9929,1,5,2
4530212,357.97999,431.45451,2,1,15.083333333333334,10.25396,9.18945,11.33851,10.35139,9.16491,12.42205,3,2,205,1,6,1,3,3,4,2,-0.5803,67,0.15,403.6532,312.7403,414.5282,1,3,1
3630513,511.19902,503.36392,1,2,15,10.25396,13.03951,10.80246,8.55351,10.07332,9.6346,1,2,1209,1,2,4,4,3,4,3,-0.4184,132.526,-0.47,494.7889,445.7708,478.1238,1,5,2
4840210,565.29703,601.19255,2,1,15.083333333333334,12.51743,11.04872,13.46507,9.34439,11.37095,12.42205,1,2,883,2,3,2,2,1,2,2,-0.4184,190,2.24,438.7054,343.2142,394.9459,1,3,3
3440221,518.39443000000006,636.63547,2,1,15.25,10.04151,13.03951,13.46507,11.9425,13.14698,14.34298,NA,2,649,2,1,3,4,4,3,2,-0.9168,153.111,-0.28,517.3781,433.7538,434.0172,1,3,4
4210319,547.17318,519.97102,1,1,14.833333333333334,10.92551,13.03951,8.60159,6.97345,7.89169,5.86845,2,2,971,1,4,1,2,2,2,3,0.2803,169.167,-0.67,499.9299,465.6285,481.2943,1,5,4
3150205,533.74337,545.07649,2,1,15.166666666666666,12.51743,8.48873,11.33851,11.9425,10.80346,11.44903,1,2,328,2,2,1,3,2,2,2,-0.5803,130.4,-0.15,554.2218,491.8147,501.436,1,4,2
4620214,599.18591,648.52546,2,1,14.25,11.64917,13.03951,9.965,11.9425,12.54869,11.44903,2,3,592,2,1,1,3,1,1,1,1.1595,119.2,-1.05,592.7014,562.065,631.9843,1,5,NA
4120215,499.34856,499.44136,1,1,13.75,10.25396,9.62932,7.86101,9.81093,8.43911,10.74331,3,1,1653,4,4,NA,3,3,3,2,-0.8068,187,-0.78,560.2976,435.683,436.1619,1,3,1
5100105,500.05729,544.15439,1,1,15.333333333333334,10.92551,10.19817,10.35777,9.34439,7.89169,8.70884,2,2,364,1,2,1,2,3,3,3,0.5021,85,-0.15,450.9347,494.9386,498.6386,2,4,3
3530309,590.47662,547.41868,1,1,15.333333333333334,10.92551,8.81989,13.46507,11.9425,15.81948,12.42205,2,2,898,NA,1,4,4,3,3,1,-0.9168,NA,0.28,474.8481,510.8248,503.3943,2,4,2
3730213,559.58968,555.10079,2,1,14.5,10.92551,13.03951,9.26151,8.55351,9.39344,8.27843,1,2,1043,2,3,1,2,2,3,2,-0.256,244.75,0.5,466.8251,372.8862,445.207,1,5,4
3710309,402.45115,335.72114,2,1,14.333333333333334,8.91919,13.03951,9.965,11.01771,8.93142,8.70884,4,2,738,2,5,2,3,1,2,2,0.7756,111.333,0.88,450.1558,392.0527,398.8624,1,3,NA
3970422,609.82372,604.2635,1,1,14.583333333333334,10.25396,9.18945,13.46507,9.81093,9.84519,10.15325,2,2,898,1,1,3,4,3,2,2,1.9226,131,0.48,501.0204,507.727,562.0477,1,4,NA
3350107,599.79888,546.09352,2,2,14.5,10.92551,9.62932,10.35777,9.34439,9.84519,9.15641,1,3,516,1,2,3,3,3,2,2,1.9226,180.667,0.17,471.8881,335.1948,433.7374,1,3,4
4070206,578.88382,554.09871,1,3,13.666666666666666,12.51743,11.04872,7.91186,7.2741,9.16491,8.70884,1,2,883,1,5,2,2,3,2,1,-1.2965,140.308,0.39,413.0005,398.9065,381.8911,2,5,4
3940223,436.99535,469.70715,2,1,15.333333333333334,8.91919,13.03951,9.26151,8.20673,8.93142,7.85736,3,3,524,3,1,2,3,2,2,2,-0.7452,271,-0.18,374.8325,358.4512,426.6505,1,5,4
4700102,636.56545,625.01444,2,1,14.916666666666666,12.51743,8.48873,8.93041,7.88323,11.37095,8.27843,1,2,1590,1,1,1,4,4,3,3,-0.9168,218,0.5,589.0403,572.4903,552.4431,1,3,4
4250312,439.51729,452.48957,1,1,15.333333333333334,10.92551,9.62932,10.35777,10.35139,7.24499,8.70884,1,1,647,3,5,1,2,3,3,2,-1.5162,184,-0.16,503.3572,427.5016,510.7609,1,3,4
4570217,578.12828,538.29717,2,1,15.083333333333334,10.25396,10.19817,10.80246,8.92971,10.48067,9.15641,1,3,843,4,1,1,1,1,1,3,0.5021,156,-0.24,534.5147,427.3383,431.2197,1,2,4
3580220,566.29346,535.59677,2,2,14.916666666666666,10.92551,13.03951,12.07123,11.9425,10.80346,9.15641,1,2,594,1,1,1,1,2,3,3,0.0872,147.75,0.37,552.5082,453.8827,486.2365,1,4,4
3090122,587.47758,543.35526,2,2,14.416666666666666,11.64917,8.81989,9.965,8.55351,10.30668,9.15641,1,2,194,3,5,1,3,3,3,2,-1.7689,96,-0.16,570.268,451.7174,474.3939,1,6,4
4560301,664.62296,661.09489,1,1,15.333333333333334,10.25396,8.81989,11.33851,8.92971,8.69047,10.15325,1,1,706,1,2,2,4,4,4,2,-1.0989,231,-0.29,485.909,439.4163,433.7374,1,4,NA
4230111,399.89156,461.62657,2,2,14.916666666666666,10.25396,9.62932,5.03748,7.88323,7.89169,7.85736,2,1,907,2,1,3,2,3,4,2,1.9226,215.75,0.07,412.2994,380.1037,434.5767,1,5,4
5090112,519.10193,585.00389,2,1,14.75,10.92551,10.19817,8.93041,8.20673,8.43911,9.15641,1,2,310,1,4,1,1,1,2,1,-0.9168,NA,0.59,496.2689,485.3991,504.2335,2,3,NA
3170104,461.76879,441.57242,2,1,15.666666666666666,8.91919,9.62932,10.35777,11.01771,9.84519,10.15325,4,2,32,4,6,1,1,2,1,1,-1.0989,32,-0.78,373.9757,280.1012,420.3096,1,5,4
4630210,449.68928,478.13678,2,1,14.5,8.19314,10.19817,11.33851,8.55351,10.54867,10.15325,4,2,311,3,5,1,1,3,2,2,-1.2965,94,-0.15,506.9403,434.636,441.1973,1,3,4
4430208,455.30277,354.09312,2,3,15.916666666666666,9.60097,8.19852,10.80246,8.92971,9.84519,10.15325,3,2,251,4,6,3,3,4,2,2,-0.7452,125.5,-0.89,373.5083,344.2568,323.3308,1,3,NA
4560314,582.90678,588.92438,2,1,14.916666666666666,9.60097,6.83195,12.07123,9.81093,8.69047,11.44903,2,3,706,1,2,2,4,4,4,2,-1.0989,231,-0.19,414.8699,376.0138,434.3902,1,4,4
4690314,468.00296,494.39778,1,1,14.583333333333334,8.91919,9.62932,9.965,11.9425,9.39344,10.15325,3,1,903,1,1,2,3,2,3,1,-0.5803,176.4,-0.69,462.3072,503.9937,438.0269,1,4,3
4140209,442.2961,435.39136,2,1,14.333333333333334,10.04151,13.03951,13.32493,13.70742,11.48975,10.74331,NA,1,1968,1,1,1,1,2,2,2,0.0872,174.818,0.58,563.3354,462.6239,553.3756,2,6,4
3700120,576.14434,611.36873,2,1,15.416666666666666,10.92551,8.19852,10.80246,11.9425,11.07454,10.74331,1,2,899,3,1,1,4,2,3,2,-0.256,206,-0.07,534.5147,477.8608,546.8482,1,5,NA
4810212,456.77564,514.07681,1,1,15.583333333333334,10.25396,9.62932,8.93041,9.34439,6.39359,9.15641,4,1,317,3,5,1,3,2,2,1,0.0872,121.6,-0.15,492.53,570.7158,520.0858,1,3,NA
4770107,631.12035,580.83114,1,1,14.916666666666666,7.30445,8.81989,7.91186,6.97345,9.39344,5.86845,NA,3,638,2,5,1,4,2,3,3,-0.256,167.5,-1.17,549.3145,490.1727,548.7132,1,4,4
3460106,483.53827,489.11111,2,1,15,11.64917,8.81989,9.26151,13.70742,10.30668,10.15325,1,1,665,2,4,1,3,4,3,1,0.5021,130.4,-0.17,413.7794,418.5971,440.8243,1,4,4
3990107,384.85849,352.42284,2,1,14.25,9.60097,NA,11.33851,11.01771,9.84519,11.44903,3,1,83,4,6,2,2,2,3,2,0.2803,78,0.13,389.6323,398.5484,449.2167,1,3,4
3390218,485.90501,500.06569,1,1,14.666666666666666,10.25396,8.81989,9.60333,11.9425,7.24499,9.6346,3,2,654,4,1,1,2,3,1,2,-0.4184,134.6,-0.02,495.6457,435.4448,422.8273,1,6,4
3840206,536.47995,529.57665,1,1,14.416666666666666,8.91919,7.38476,11.33851,11.9425,11.37095,10.74331,3,3,631,1,5,1,3,4,1,2,-0.5803,160.5,-0.46,453.4273,454.7465,437.0944,1,3,3
3580219,547.29978,606.0023,2,1,15.083333333333334,12.21628,13.03951,13.46507,11.01771,11.70269,12.42205,NA,1,594,1,1,1,1,2,3,3,0.0872,147.75,0.43,588.2614,516.4344,528.4782,1,4,3
3250102,524.5257,511.77336,1,1,14.666666666666666,11.64917,10.19817,9.965,8.55351,9.84519,8.70884,1,1,348,4,1,1,4,3,3,3,-1.0989,173.5,NA,416.6615,379.7636,420.3096,1,5,2
4090107,455.22545,509.1202,2,3,14.333333333333334,7.37134,11.04872,10.35777,8.92971,9.39344,10.15325,3,2,334,1,5,1,3,NA,3,3,-1.5162,58.182,-0.46,453.5052,321.5617,451.8277,1,6,4
3730222,444.26194,494.31922,1,1,14.833333333333334,10.25396,13.03951,8.93041,7.57539,7.58514,6.97717,3,3,1043,2,3,1,2,2,3,2,-0.256,244.75,-0.57,340.0919,367.0546,317.8292,1,5,4
3490325,494.72838,503.40603,1,1,15,10.92551,13.03951,9.965,11.01771,9.16491,9.6346,1,2,820,3,1,1,2,3,3,2,-0.5803,116.143,0.38,500.2415,556.1799,530.3432,1,3,3
4710109,409.66646,397.45721,1,1,14.416666666666666,7.30445,7.11034,7.91186,10.35139,9.61942,9.6346,NA,2,999,4,6,1,2,3,3,2,-0.4184,47.2,-1.5,420.2446,396.7618,429.6345,1,5,NA
3220102,600.37989,591.05413,1,1,14.416666666666666,9.60097,7.91394,9.26151,8.92971,8.93142,9.15641,2,1,42,4,6,1,1,3,3,2,0.5021,21,-0.62,544.0178,472.539,549.1794,1,4,4
4540119,601.97969,593.73565,1,1,14.666666666666666,9.60097,8.48873,9.965,9.34439,8.17383,8.27843,2,2,407,3,4,1,3,3,3,2,-1.0989,173.6,0.1,453.661,490.0933,436.0686,1,3,4
4180303,469.27114,436.00555,2,1,14.666666666666666,10.92551,10.19817,8.93041,8.20673,8.17383,10.15325,1,1,1133,1,2,3,1,3,2,2,-0.7452,169.857,0.89,452.7263,381.6274,495.5614,1,4,4
5060201,560.05773,616.34869,1,1,14.916666666666666,10.92551,10.19817,6.36452,7.2741,10.07332,10.74331,2,2,365,4,1,2,2,2,2,2,0.0872,135.333,-0.02,548.8472,581.5184,571.4659,1,5,2
4520123,618.6434,683.29811,1,1,15,10.92551,7.38476,7.91186,8.55351,8.17383,8.27843,1,2,1287,1,1,1,2,1,1,2,0.7756,145.778,0.17,558.8176,560.7075,573.4241,2,3,NA
4680225,572.05344,530.54851,1,1,14.5,12.51743,13.03951,12.07123,9.81093,11.37095,12.42205,1,2,403,3,2,1,4,4,4,2,-1.2965,192.5,-0.35,447.2737,459.2741,498.6386,1,3,NA
3520228,512.55245,489.11209,1,2,14,12.51743,8.81989,8.26761,6.66537,8.43911,6.47491,1,2,637,1,4,1,1,3,2,2,0.7756,150.5,0.54,494.2437,554.0353,483.7188,1,3,4
3150216,641.01882,691.38458,1,1,14.083333333333334,11.17406,9.62932,9.965,9.34439,12.08627,10.15325,NA,3,328,2,2,1,3,2,2,2,-0.5803,130.4,0.26,531.399,433.8561,524.5617,1,4,2
4780123,581.78207,629.56526,1,1,14.75,10.92551,10.19817,8.26761,6.33324,8.17383,8.27843,2,1,1408,2,2,3,2,2,2,2,0.0872,200.714,-0.32,541.7588,524.6458,543.398,1,5,NA
4010311,577.23463,602.91968,1,1,14.583333333333334,10.04151,8.19852,8.93041,8.55351,10.07332,8.70884,NA,2,673,3,2,1,3,3,2,2,-1.0989,187.5,-0.17,478.9765,544.1858,480.9213,1,5,4
4300129,488.02806,510.38579,2,1,15.25,10.92551,11.04872,10.80246,10.35139,9.16491,8.27843,1,1,613,3,4,1,4,4,2,1,1.9226,244,0.8,435.1223,398.4682,425.9978,1,4,3
3630501,444.55982,444.98292,2,1,14.75,10.92551,10.19817,8.26761,7.57539,8.93142,6.97717,1,1,1209,1,2,4,4,3,4,3,-0.4184,132.526,0.44,465.1893,429.0224,436.1619,1,2,3
3650204,468.42464,395.19162,2,2,15.333333333333334,8.74681,9.62932,8.93041,8.20673,8.93142,8.70884,NA,NA,500,2,5,4,4,3,3,1,-3.2968,139.25,-0.69,435.7454,360.6966,368.9295,1,5,NA
3360110,344.77041,415.74299,2,1,16.666666666666668,8.91919,8.19852,10.35777,9.81093,8.43911,11.44903,4,3,802,3,2,1,2,1,1,3,0.5021,207.25,0.91,376.8578,245.3769,348.881,1,3,NA
3420409,673.89305,617.17706,1,1,14.916666666666666,11.64917,9.62932,10.35777,8.55351,11.70269,12.42205,1,1,1076,3,4,2,2,1,3,1,-0.0892,177.833,0.41,571.1248,538.7051,622.473,1,5,4
4070203,489.51144,442.8511,1,3,13.333333333333334,10.04151,13.03951,6.36452,6.66537,5.80254,6.97717,NA,3,883,1,5,2,2,3,2,1,-1.2965,140.308,-0.35,474.6144,423.5301,400.4476,2,5,2
4300122,535.73793,545.22488,1,1,14.833333333333334,10.92551,8.81989,10.80246,11.01771,10.07332,10.15325,2,1,613,3,4,1,4,4,2,1,1.9226,244,-0.06,455.6084,491.7613,479.9888,1,4,4
3160321,473.33455,534.22786,2,1,15.083333333333334,9.60097,9.62932,8.26761,7.57539,8.69047,7.42878,2,1,705,1,2,3,3,3,2,2,-0.5803,176.25,-0.81,442.3664,412.1013,445.4868,1,3,4
4680207,478.04981,544.90944,1,1,14.416666666666666,10.25396,7.11034,8.60159,9.34439,5.80254,8.27843,1,3,403,3,2,1,4,4,4,2,-1.2965,192.5,-0.57,385.8155,476.7489,406.602,1,3,4
4470206,389.40023,312.94923,2,3,15.333333333333334,9.60097,13.03951,8.93041,9.81093,9.84519,9.15641,2,1,527,1,1,2,4,2,3,2,0.0872,NA,-0.16,400.6154,355.484,383.0101,1,3,NA
3430112,566.82587,540.99899,1,1,14.666666666666666,10.92551,9.62932,8.93041,8.55351,8.93142,9.15641,2,1,1049,1,2,2,3,2,3,1,-0.9168,282.5,-0.34,507.7972,474.2865,509.8284,1,5,2
4530206,394.4688,395.00525,1,1,14.583333333333334,8.74681,8.19852,10.80246,13.70742,8.84487,11.44903,NA,1,205,1,6,1,3,3,4,2,-0.5803,67,-0.48,384.1798,375.0772,378.3476,1,3,NA
3620117,564.21142,601.98001,1,1,14.833333333333334,10.92551,11.04872,9.26151,8.20673,8.69047,10.74331,1,2,569,1,4,1,3,2,3,1,-0.0892,197.667,0.3,534.8263,561.6606,495.0019,2,3,2
3060104,491.46588,558.31805,2,1,14.666666666666666,11.64917,7.6477,10.35777,10.35139,9.16491,8.70884,1,1,80,4,6,1,2,3,3,2,-0.0892,34,0.01,474.6144,423.4087,471.8762,1,5,NA
4280117,542.08417,449.23085,1,3,14.833333333333334,14.01827,8.48873,9.26151,6.33324,9.16491,7.42878,1,1,311,1,1,1,NA,2,2,3,0.7756,189,0.75,327.551,407.8822,368.0903,1,5,4
4050308,661.57074,671.69508,2,1,14.333333333333334,9.60097,10.19817,8.93041,10.35139,10.80346,10.15325,2,3,1092,1,2,1,3,1,1,3,-0.256,178.5,-0.54,558.7397,446.6651,532.8609,1,3,4
4280104,453.86521,457.935,1,1,15.333333333333334,9.60097,7.6477,8.26761,9.34439,8.43911,6.97717,2,1,311,1,1,1,NA,2,2,3,0.7756,189,0.37,424.0614,451.9664,396.9041,1,5,4
4020419,413.84339,504.17614,2,1,14.083333333333334,10.25396,9.18945,7.91186,7.88323,7.58514,6.97717,2,3,817,3,1,3,3,3,2,2,-0.5803,171,-0.2,397.3438,401.9968,330.7907,1,5,4
4190307,366.01352,373.25812,1,4,15.166666666666666,8.91919,11.04872,12.07123,11.01771,8.17383,12.42205,3,2,516,1,5,1,2,3,3,3,0.2803,118.889,-0.84,403.9648,314.6302,402.6856,1,5,NA
3610111,474.03512,506.53099,2,1,14.916666666666666,10.92551,9.18945,10.80246,8.92971,9.84519,12.42205,2,3,151,1,5,2,2,1,1,2,0.2803,89.333,0.53,496.5026,504.2448,464.9758,1,3,NA
3730220,452.07691,545.03066,2,1,14.416666666666666,10.04151,9.18945,8.26761,8.20673,6.85613,8.27843,NA,1,1043,2,3,1,2,2,3,2,-0.256,244.75,-0.42,476.1723,367.2726,453.2264,1,5,4
4760103,552.08253,561.55211,1,1,15.083333333333334,8.19314,13.03951,9.60333,13.70742,9.61942,14.34298,4,1,93,NA,6,NA,1,1,1,1,NA,NA,-1.69,328.1742,383.0203,362.2156,1,3,NA
3500326,537.98333,597.10218,1,1,14.5,11.64917,9.18945,8.60159,10.35139,6.85613,7.42878,1,2,1151,1,1,2,1,2,3,1,-0.9168,NA,0.66,576.7331,570.2392,615.386,1,3,2
5050220,517.15732,524.06183,1,1,14.666666666666666,9.60097,10.19817,10.35777,8.92971,9.39344,8.70884,2,2,809,1,3,1,2,2,3,1,1.9226,155.6,-0.45,463.6314,507.6475,473.1816,2,3,4
3760107,681.29785,668.94307,1,1,14.916666666666666,9.60097,8.19852,9.965,10.35139,10.30668,10.15325,3,1,113,1,6,1,3,2,3,2,-0.256,36.333,-0.67,490.8942,452.8401,439.6121,1,3,2
4730121,542.4073,551.22875,1,1,14.75,14.01827,9.18945,9.965,8.55351,8.69047,8.70884,1,1,1159,2,1,3,3,2,1,1,-0.256,172.167,0.84,506.5509,546.8865,476.2589,2,5,4
3940222,501.77597,527.66775,2,1,14.416666666666666,10.25396,9.62932,9.965,8.55351,10.80346,9.6346,4,2,524,3,1,2,3,2,2,2,-0.7452,271,-0.44,358.3969,309.7731,339.1831,1,5,4
4620210,653.27308,671.75542,1,1,14.083333333333334,9.60097,8.81989,8.60159,8.55351,8.69047,8.70884,3,2,592,2,1,1,3,1,1,1,1.1595,119.2,-0.55,616.3811,548.2368,613.9873,1,5,4
4570225,577.98772,565.24881,1,1,14.416666666666666,8.19314,10.19817,9.965,8.55351,8.43911,9.6346,4,1,843,4,1,1,1,1,1,3,0.5021,156,-0.75,388.0745,441.0049,378.1611,1,2,4
4790216,474.58406,477.43858,2,1,14.916666666666666,7.30445,8.81989,9.965,7.57539,9.39344,6.30941,NA,3,980,1,4,2,4,1,1,1,0.5021,84.167,-0.06,438.0044,474.7332,456.0239,1,3,4
3980205,459.77167,495.3751,2,1,14.5,8.19314,10.19817,8.60159,10.35139,7.89169,8.70884,4,2,798,2,1,2,3,3,4,2,-1.0989,168.6,-0.27,427.0992,349.6298,393.5472,1,3,3
4840220,538.07763,564.08317,2,1,15.083333333333334,11.17406,7.91394,9.60333,7.2741,9.16491,9.15641,NA,1,883,2,3,2,2,1,2,2,-0.4184,190,-0.26,423.9056,419.399,397.9299,1,3,4
3420209,442.59867,457.82153,2,1,15,12.51743,9.18945,9.26151,11.01771,9.84519,9.15641,1,1,1076,3,4,2,2,1,3,1,-0.0892,177.833,0.82,349.9065,358.371,349.1608,1,3,4
3900214,709.95056,635.07059,1,1,15.25,12.51743,10.19817,11.33851,9.34439,12.54869,10.74331,1,2,807,1,1,3,3,3,2,1,0.0872,102.5,-0.01,646.448,610.1135,636.6468,3,8,NA
3730215,520.72743,572.65585,1,1,14.916666666666666,14.01827,13.03951,12.07123,11.9425,11.70269,14.34298,1,2,1043,2,3,1,2,2,3,2,-0.256,244.75,0.78,418.3751,322.891,416.5796,1,5,5
3350118,506.55336,513.90114,2,1,14.833333333333334,11.64917,9.62932,10.35777,8.92971,10.07332,10.15325,2,2,516,1,2,3,3,3,2,2,1.9226,180.667,-0.23,432.0065,404.0819,470.7572,1,3,4
3210225,374.19655,452.07615,1,1,14.5,10.92551,13.03951,9.26151,11.01771,9.16491,9.6346,1,1,766,2,5,2,1,3,2,2,-0.256,163.8,-1.32,346.0118,405.1815,375.2704,1,3,3
4480219,668.82493,676.22059,1,1,14.75,13.71571,11.04872,10.80246,8.92971,13.14698,11.44903,NA,2,819,1,1,1,3,2,3,1,0.5021,146,0.2,645.1239,666.5096,693.2488,2,5,2
4960124,599.01786,559.56694,1,1,14,12.51743,11.04872,7.91186,7.88323,4.94405,7.85736,1,3,437,1,1,2,1,2,2,3,1.9226,119.25,1.1,519.0139,604.0768,602.1447,2,5,2
3350114,542.62809,596.82384,2,1,14.833333333333334,8.91919,8.81989,8.26761,9.81093,8.43911,7.85736,2,2,516,1,2,3,3,3,2,2,1.9226,180.667,-0.71,565.9059,509.4575,587.2249,1,3,4
4580313,572.2911,608.69168,1,1,14.416666666666666,11.64917,13.03951,11.33851,8.55351,10.54867,10.15325,1,1,603,1,1,4,4,4,3,1,-2.4968,81,0.66,420.7898,372.6943,393.2674,3,4,2
3190120,601.83723,563.25229,1,1,14.833333333333334,12.51743,8.81989,9.965,10.35139,10.54867,10.15325,1,2,1079,3,2,1,3,3,3,1,-0.9812,148.857,0.26,538.4094,598.2783,526.4267,1,3,2
3630503,438.65325,511.43413,2,1,15.5,10.25396,10.19817,9.26151,11.01771,7.89169,8.70884,1,1,1209,1,2,4,4,3,4,3,-0.4184,132.526,0.44,421.7246,374.2495,434.4834,1,2,4
4050306,705.35139,685.66768,1,1,15.25,10.25396,9.62932,9.26151,9.34439,7.89169,10.15325,1,1,1092,1,2,1,3,1,1,3,-0.256,178.5,0.38,506.9403,503.7554,473.8344,1,3,NA
4300117,407.11133,480.47057,1,1,14.666666666666666,11.64917,7.91394,7.91186,9.34439,7.24499,8.70884,1,1,613,3,4,1,4,4,2,1,1.9226,244,0.42,397.4217,406.8496,500.5035,1,4,4
3800202,512.9605,446.27545,1,1,14.666666666666666,11.64917,10.19817,12.07123,8.92971,10.80346,10.15325,1,1,407,1,4,3,3,2,3,3,-2.4968,172.4,-0.02,476.9512,556.1799,469.4517,1,5,4
3370111,623.22302,615.20466,2,1,14.666666666666666,10.92551,9.62932,13.46507,11.01771,10.54867,12.42205,1,2,377,1,5,1,3,1,1,3,0.7756,90.5,0.96,638.0355,613.7103,695.3935,1,5,2
4370101,653.21967,682.37011,1,1,14.416666666666666,11.64917,8.19852,13.46507,9.81093,12.54869,10.74331,2,2,110,1,3,1,3,2,1,3,-1.2965,NA,0.37,570.0343,630.845,566.1507,1,4,2
4610103,593.52672,632.53473,2,2,14.666666666666666,10.92551,10.19817,8.60159,11.01771,9.39344,8.27843,1,2,765,1,2,2,1,2,1,1,-0.7452,253.667,0.21,525.1675,467.5157,480.7348,1,5,2
5050219,594.13086,538.93362,2,1,14.5,12.51743,7.91394,10.80246,9.81093,7.89169,11.44903,1,1,809,1,3,1,2,2,3,1,1.9226,155.6,0.07,492.53,492.376,453.2264,2,3,4
4450111,499.53013,516.62249,2,1,14.5,8.91919,13.03951,8.60159,11.01771,6.85613,10.15325,4,2,226,2,4,1,3,3,1,2,1.9226,207.333,-0.85,512.7045,546.0261,506.7512,1,3,4
3440213,606.4687,491.6712,2,1,14.666666666666666,11.64917,13.03951,13.46507,11.01771,14.02271,12.42205,1,1,649,2,1,3,4,4,3,2,-0.9168,153.111,0.7,480.067,462.1427,450.1492,1,3,NA
4470208,310.42823,360.61603,2,2,14.666666666666666,12.51743,6.19658,9.26151,8.20673,9.61942,9.15641,1,2,527,1,1,2,4,2,3,2,0.0872,NA,0.35,332.7699,356.8473,384.875,1,3,2
4520120,524.3991,560.11457,1,1,14.583333333333334,10.92551,13.03951,9.26151,8.55351,4.94405,10.15325,2,1,1287,1,1,1,2,1,1,2,0.7756,145.778,-0.47,601.9707,680.8866,601.5852,2,3,4
4550205,453.15782,409.12156,1,1,15.25,7.37134,13.03951,13.46507,8.92971,10.54867,12.42205,4,1,786,3,3,1,3,3,3,1,-0.9168,154,-0.34,363.3043,394.6966,404.6438,1,4,NA
4440106,511.23254,592.33051,2,1,14,10.92551,NA,9.26151,7.2741,9.39344,9.6346,2,1,NA,1,4,3,2,3,3,3,-0.9168,128.462,0.07,357.0728,364.6262,397.1839,1,3,4
5000216,460.93682,540.75884,2,1,14.75,11.64917,9.62932,7.51389,7.57539,4.94405,7.42878,1,3,597,1,1,1,1,4,3,1,1.9226,159.25,-0.14,478.4312,478.6628,473.1816,1,4,NA
4020208,590.00778,596.46955,2,1,15.25,12.51743,9.62932,10.80246,10.35139,10.57497,10.74331,1,1,817,3,1,3,3,3,2,2,-0.5803,171,-0.08,468.3829,483.5546,484.931,1,5,4
4920202,631.30895,597.65265,2,1,15.166666666666666,11.64917,8.48873,11.33851,8.55351,13.14698,11.44903,1,3,972,1,1,1,2,1,3,1,-0.0892,163.667,1.16,586.7814,600.8792,575.1026,1,4,2
3440224,561.36278,592.55179,1,1,14.333333333333334,12.51743,13.03951,9.965,10.35139,10.80346,12.42205,2,1,649,2,1,3,4,4,3,2,-0.9168,153.111,-1.21,536.8515,510.0305,463.8568,1,3,NA
4680213,522.93472,560.28708,2,1,14.5,11.17406,11.04872,9.965,8.55351,9.61942,9.15641,NA,1,403,3,2,1,4,4,4,2,-1.2965,192.5,0.07,392.047,391.3309,401.3801,1,3,4
4510123,479.84917,452.0408,2,1,15.166666666666666,8.91919,8.48873,9.965,8.55351,9.61942,7.42878,3,2,664,1,1,2,2,1,1,3,-0.9168,266.667,NA,466.5135,379.2216,423.107,1,3,NA
4950202,570.92001,552.00857,2,1,14.916666666666666,10.92551,13.03951,7.51389,7.2741,9.84519,8.70884,1,1,521,3,1,4,4,3,3,3,-1.7689,180.333,-0.66,564.0365,539.9314,544.3305,1,4,NA
5080124,598.2117,601.9775,2,1,15.166666666666666,10.92551,13.03951,13.46507,11.9425,14.02271,14.34298,1,1,494,3,5,1,3,3,1,3,-0.256,123,0.02,558.6618,488.2861,639.1645,1,3,2
3380219,470.40802,501.46385,2,1,14.416666666666666,10.04151,13.03951,9.965,8.55351,8.05752,9.6346,NA,1,472,1,5,3,3,3,3,3,-0.9168,114,0.12,565.6722,491.5741,574.1701,1,3,4
4120219,577.91542,578.23909,2,3,14.583333333333334,7.30445,7.91394,8.26761,9.34439,8.93142,8.70884,NA,NA,1653,4,4,NA,3,3,3,2,-0.8068,187,-0.43,510.5234,328.5386,458.7281,1,3,4
3780221,575.21393,550.38968,1,1,14.333333333333334,10.04151,8.81989,9.965,8.55351,8.43911,9.6346,NA,1,1442,2,2,1,4,3,3,2,-0.9168,232.833,0.86,526.4917,554.5118,527.5457,1,5,4
3340101,577.43363,596.26769,1,3,14.25,10.25396,11.04872,11.33851,10.35139,8.93142,10.74331,2,1,116,2,6,1,1,3,3,3,1.9226,57,-0.46,455.7641,493.6677,389.5375,1,NA,4
4770115,579.46193,613.63956,2,1,14.416666666666666,10.92551,7.91394,9.60333,9.81093,9.16491,9.15641,1,2,638,2,5,1,4,2,3,3,-0.256,167.5,0.64,509.5887,441.0515,573.0511,1,4,NA
4070216,555.11431,518.33293,2,3,14.416666666666666,10.25396,13.03951,13.46507,10.35139,14.02271,9.15641,1,3,883,1,5,2,2,3,2,1,-1.2965,140.308,-0.37,507.3298,377.6979,434.9496,2,6,2
4450105,421.43367,497.96715,2,1,14.166666666666666,8.19314,10.19817,8.26761,9.81093,8.93142,8.27843,4,1,226,2,4,1,3,3,1,2,1.9226,207.333,-1.33,452.0252,447.7077,493.9761,1,3,3
3570217,493.2773,448.69053,2,1,14.833333333333334,9.60097,11.04872,13.46507,11.01771,12.08627,14.34298,3,1,522,2,1,2,4,3,3,2,-0.5803,146.5,-0.53,393.6828,414.3468,415.8336,1,3,3
5080102,659.62255,672.6917,2,1,14.833333333333334,11.64917,13.03951,13.46507,11.9425,15.81948,14.34298,1,2,494,3,5,1,3,3,1,3,-0.256,123,0.71,517.6118,471.766,587.2249,1,3,4
3980208,343.40782,454.8897,2,1,15,8.91919,11.04872,8.60159,5.49149,7.58514,6.97717,4,1,798,2,1,2,3,3,4,2,-1.0989,168.6,-0.33,325.8374,365.9093,371.8202,1,3,3
4500323,439.54388,489.19033,2,1,14.75,11.64917,9.18945,10.80246,10.35139,8.43911,10.74331,1,2,715,3,4,1,4,4,4,2,-0.5803,142.2,-0.01,480.768,383.3115,344.5916,1,4,3
3080112,467.29692,477.85713,2,1,14.833333333333334,8.74681,13.03951,9.965,8.20673,10.07332,9.6346,NA,2,511,4,1,1,4,3,3,2,-0.256,133.25,-0.05,471.4987,425.8146,412.1969,1,6,NA
3570215,567.94634,619.75461,2,2,14.666666666666666,11.64917,7.91394,9.60333,8.20673,8.43911,8.70884,1,2,522,2,1,2,4,3,3,2,-0.5803,146.5,0.12,416.1162,414.5873,499.5711,1,3,NA
3930206,696.47964,685.75377,2,1,15.25,12.51743,9.18945,10.35777,9.34439,11.37095,12.42205,2,2,1030,1,1,1,4,3,3,3,0.0872,155.714,0.23,632.1935,610.1818,623.6852,2,5,2
4680201,574.38319,557.41646,1,1,14.916666666666666,11.64917,13.03951,9.965,11.01771,8.69047,11.44903,1,1,403,3,2,1,4,4,4,2,-1.2965,192.5,0.73,445.0927,506.6944,454.9981,1,3,4
3610114,602.06561,636.55385,2,1,14.166666666666666,10.25396,10.19817,10.80246,11.01771,8.69047,12.42205,1,2,151,1,5,2,2,1,1,2,0.2803,89.333,0.59,565.9838,528.3834,535.0988,1,3,NA
4640105,602.81378,539.03259,2,2,15.166666666666666,8.19314,9.62932,9.965,10.35139,9.39344,9.6346,3,2,92,3,6,3,2,3,3,2,-0.5803,70,-0.98,380.4409,424.772,429.821,1,NA,4
4990215,537.39125,565.86475,1,1,15,12.51743,11.04872,9.60333,8.55351,10.30668,9.15641,1,1,643,1,1,3,3,3,4,1,-0.9168,156,0.09,487.9343,567.9357,544.2372,1,4,3
5040108,584.92179,615.55785,1,1,14.666666666666666,12.51743,11.04872,11.33851,9.81093,8.93142,9.6346,2,2,97,3,6,4,4,4,4,1,-3.2968,35,0.74,543.7841,455.5408,559.2503,NA,3,4
4250313,485.71797,552.7227,1,1,15.166666666666666,11.64917,9.62932,8.60159,9.81093,8.69047,7.85736,1,3,647,3,5,1,2,3,3,2,-1.5162,184,0.57,490.9721,457.6854,505.8187,1,3,4
3430319,512.1435,545.14698,2,1,14.833333333333334,12.51743,9.62932,9.26151,9.81093,10.30668,6.47491,1,2,1049,1,2,2,3,2,3,1,-0.9168,282.5,0.68,470.0187,367.8339,450.3357,1,5,4
5010110,541.67802,552.49935,2,1,14.416666666666666,8.91919,10.19817,8.60159,9.34439,7.89169,8.27843,3,3,429,1,1,1,1,2,2,2,-0.4184,NA,-0.39,388.9313,261.6564,424.0395,1,4,NA
4400103,467.0425,451.7283,1,1,14.5,12.51743,10.19817,9.965,8.92971,9.39344,10.74331,1,1,907,3,2,2,4,4,2,2,-0.256,155.5,0.5,492.6858,481.753,419.3771,1,3,NA
3880216,634.33916,568.56242,2,1,14.416666666666666,12.51743,11.04872,10.35777,11.9425,11.07454,8.27843,1,NA,836,1,3,2,2,3,3,2,-0.4184,172.4,0.91,610.1496,565.353,555.8001,2,5,2
3560307,533.2008,584.01098,2,1,14.583333333333334,11.64917,10.19817,10.35777,8.92971,10.07332,8.70884,1,3,756,3,1,2,3,3,3,2,1.1595,145.091,0.12,469.9408,483.5546,529.1309,1,4,4
3500301,624.07465,628.64065,2,1,14.416666666666666,14.01827,11.04872,10.35777,10.35139,11.07454,12.42205,1,2,1151,1,1,2,1,2,3,1,-0.9168,NA,0.55,675.2687,643.0615,623.5919,1,3,2
4240121,662.01063,617.13789,1,2,15.083333333333334,14.01827,10.19817,12.07123,8.20673,15.81948,12.42205,1,1,858,2,1,1,2,3,3,1,-0.9168,166.909,0.64,782.2947,715.2802,725.2331,2,6,NA
4030313,491.11604,575.64911,2,1,14.333333333333334,10.92551,8.81989,10.35777,8.55351,8.69047,9.6346,2,1,1029,1,4,2,1,2,2,1,0.7756,202.6,-0.09,552.3524,506.2497,497.7061,NA,4,4
3980203,597.2375,635.41429,2,1,14.833333333333334,10.92551,9.62932,10.80246,11.9425,9.61942,8.70884,1,2,798,2,1,2,3,3,4,2,-1.0989,168.6,0.44,384.4135,360.2957,398.8624,1,3,4
4130206,634.40386,552.70819,2,1,14.916666666666666,10.25396,13.03951,13.46507,11.01771,12.08627,10.74331,2,2,506,1,1,2,3,3,2,1,-0.5803,186,0.38,325.2921,286.1959,266.5423,2,NA,2
4070225,611.0977,507.22657,2,4,13.833333333333334,8.91919,9.18945,10.35777,13.70742,11.07454,14.34298,3,1,883,1,5,2,2,3,2,1,-1.2965,140.308,0.23,439.017,364.7866,419.4703,2,6,2
4470215,399.66195,458.14941,1,1,14.583333333333334,8.91919,10.19817,9.60333,9.81093,9.84519,9.15641,3,1,527,1,1,2,4,2,3,2,0.0872,NA,-0.23,295.6146,349.8975,386.74,1,3,2
3980204,518.82617,496.96889,2,1,14.583333333333334,10.92551,9.18945,9.60333,11.9425,9.39344,10.15325,2,2,798,2,1,2,3,3,4,2,-1.0989,168.6,-0.37,459.1136,424.0503,425.8113,1,3,4
3840219,499.39471,591.00044,2,1,13.833333333333334,10.25396,8.19852,9.965,8.55351,8.69047,9.6346,2,1,631,1,5,1,3,4,1,2,-0.5803,160.5,-0.13,430.2929,396.704,504.42,1,3,NA
4640112,567.626,524.25703,1,3,14.416666666666666,8.19314,13.03951,8.93041,9.34439,7.24499,8.70884,2,2,92,3,6,3,2,3,3,2,-0.5803,70,-0.84,342.8961,341.6367,422.8273,1,NA,4
3230115,478.8286,484.17109,1,2,14.916666666666666,10.92551,7.38476,7.03246,10.35139,8.93142,6.97717,2,3,625,3,5,1,2,3,3,1,-0.4184,157.5,-0.12,533.1905,551.6523,592.8198,1,3,4
4240105,507.22522,566.21423,1,1,14.666666666666666,10.92551,9.18945,8.26761,8.55351,7.58514,9.15641,2,1,858,2,1,1,2,3,3,1,-0.9168,166.909,0.12,563.4133,570.4775,557.6651,2,6,4
3310129,605.37382,548.29397,2,1,14.583333333333334,14.01827,9.62932,13.46507,10.35139,10.30668,8.70884,1,2,594,1,1,1,1,1,3,2,-0.0892,NA,0.76,586.1583,481.3894,531.2756,3,8,4
4040519,707.74628,713.28108,1,1,14.166666666666666,14.01827,10.19817,10.35777,9.81093,11.37095,11.44903,1,1,1240,1,3,1,2,3,2,3,0.7756,14.143,0.74,556.4029,645.9369,593.0996,1,6,2
4560302,589.3852,591.20503,2,1,15,11.17406,10.19817,10.80246,8.92971,9.16491,10.15325,NA,1,706,1,2,2,4,4,4,2,-1.0989,231,-0.53,504.9151,391.3309,509.8284,1,4,4
3650215,331.96508,411.32005,2,1,14.083333333333334,8.19314,NA,NA,NA,NA,NA,4,NA,500,2,5,4,4,3,3,1,-3.2968,139.25,-1.16,276.6864,265.4256,352.238,1,5,NA
3850112,627.21403,690.52413,2,1,15.25,10.25396,6.83195,10.35777,8.92971,9.61942,10.15325,2,1,454,2,2,1,4,3,2,2,0.2803,177.2,-0.88,594.5708,554.9277,524.0955,NA,3,4
4630215,581.65447,578.27182,2,1,14.25,10.04151,7.38476,12.07123,10.35139,9.84519,10.15325,NA,1,311,3,5,1,1,3,2,2,-1.2965,94,-0.53,536.0726,538.0869,558.1313,1,3,4
4030312,425.32758,475.68668,1,1,14.833333333333334,10.25396,8.48873,8.60159,7.2741,10.07332,8.27843,2,2,1029,1,4,2,1,2,2,1,0.7756,202.6,-0.43,333.7046,434.4121,437.2809,NA,4,2
4340102,488.64494,488.17068,2,1,14.916666666666666,8.91919,11.04872,10.80246,11.9425,8.93142,8.70884,4,2,107,3,6,1,4,1,3,3,-0.256,68.667,-0.9,512.3929,428.2204,435.6024,1,4,4
3820508,457.54795,442.27619,1,1,14.75,7.30445,13.03951,9.965,11.9425,10.30668,10.74331,NA,3,1365,4,2,2,2,3,3,1,-0.9168,NA,-0.35,478.5091,487.8692,425.2518,1,6,4
3630512,579.42115,492.99974,1,1,15,8.91919,9.62932,12.07123,10.35139,11.70269,10.74331,4,1,1209,1,2,4,4,3,4,3,-0.4184,132.526,-0.61,507.3298,573.0987,548.9929,1,2,4
3640308,588.64553,544.13999,1,1,15.166666666666666,11.64917,13.03951,13.46507,9.81093,11.37095,11.44903,1,2,758,2,2,3,2,3,2,3,1.9226,205.2,0.09,469.8629,479.8467,421.8948,1,3,2
4160106,385.97326,409.7376,2,1,14.333333333333334,8.19314,8.48873,8.60159,8.92971,9.16491,7.85736,3,2,98,4,6,NA,3,2,4,2,-1.9848,60.667,-0.9,487.0774,324.7695,390.7497,1,3,4
4630206,601.795,616.97619,1,2,14.583333333333334,12.51743,11.04872,9.965,11.01771,8.69047,11.44903,2,1,311,3,5,1,1,3,2,2,-1.2965,94,-0.16,590.6761,544.2652,569.7874,1,4,2
3270102,619.0405,563.10455,2,1,14.916666666666666,10.25396,8.48873,12.99956,7.57539,11.70269,9.87469,1,3,364,4,5,1,3,1,1,1,0.2803,109.333,0.59,370.3147,310.976,340.0224,1,4,4
3020114,574.41213,512.29524,2,3,14.916666666666666,10.25396,8.81989,9.26151,11.9425,8.17383,9.6346,2,2,76,3,6,1,NA,3,3,3,-1.2965,37.5,-0.36,412.3773,415.2289,480.828,1,3,3
3370102,488.67477,543.32874,1,1,14.916666666666666,9.60097,10.19817,11.33851,10.35139,8.69047,12.42205,3,1,377,1,5,1,3,1,1,3,0.7756,90.5,-0.31,453.5831,456.0968,419.6568,1,5,4
3480112,512.28484,432.44469,2,1,15.25,10.25396,11.04872,6.36452,7.2741,8.93142,6.47491,1,2,532,1,1,2,3,1,2,2,-0.4184,90,-0.52,370.9378,331.987,380.2126,1,3,5
3080103,440.97318,476.3036,1,1,15.5,10.92551,9.18945,13.46507,8.55351,8.43911,11.44903,2,1,511,4,1,1,4,3,3,2,-0.256,133.25,-0.95,537.3189,525.2558,534.4461,1,6,4
3480117,469.54656,490.02492,1,2,14.5,12.51743,8.48873,10.80246,8.20673,9.84519,7.85736,2,2,532,1,1,2,3,1,2,2,-0.4184,90,0.05,411.2089,374.9977,410.9847,1,3,NA
3040116,448.07764,501.78453,2,1,14.25,10.25396,7.11034,8.93041,9.81093,8.69047,9.15641,2,2,685,4,2,1,2,4,3,2,-0.256,134.6,-0.34,472.2776,452.2788,519.433,1,5,4
3210214,499.48052,507.50186,1,1,14.5,10.92551,10.19817,7.03246,8.20673,5.80254,6.47491,1,2,766,2,5,2,1,3,2,2,-0.256,163.8,0.61,437.1475,451.331,475.3264,1,3,NA
3690129,535.34686,467.13114,2,1,14.583333333333334,8.19314,9.18945,10.35777,10.35139,8.97051,9.15641,3,3,202,3,1,3,4,NA,3,2,-0.5803,119.333,-1.65,387.5292,345.8607,423.107,1,5,4
4070218,530.39416,511.75732,2,NA,13.5,10.84191,13.03951,10.80246,11.9425,10.54867,12.42205,1,1,883,1,5,2,2,3,2,1,-1.2965,140.308,0.81,550.0156,341.049,468.799,2,6,3
4740215,511.80204,531.66821,2,1,14.916666666666666,10.92551,8.81989,9.965,8.55351,10.30668,9.6346,3,2,366,4,1,1,2,3,2,2,-0.4184,120.667,NA,450.5453,447.2265,465.2555,1,5,3
4690310,490.36128,472.08317,2,1,15,8.74681,13.03951,13.46507,8.20673,10.54867,14.34298,NA,2,903,1,1,2,3,2,3,1,-0.5803,176.4,-0.68,507.4077,448.8304,466.188,1,4,4
5010105,471.60033,465.08661,2,1,14.916666666666666,12.51743,13.03951,13.46507,11.01771,11.37095,10.15325,1,1,429,1,1,1,1,2,2,2,-0.4184,NA,0.68,377.403,365.1073,363.4278,1,4,2
3820503,426.47453,436.6325,1,1,14.5,10.92551,9.62932,8.93041,10.35139,8.69047,9.15641,2,1,1365,4,2,2,2,3,3,1,-0.9168,NA,0.62,479.9112,486.5189,476.2589,1,6,4
4230106,376.14909,282.25016,1,1,14.416666666666666,10.92551,7.11034,9.965,8.92971,5.80254,10.74331,1,2,907,2,1,3,2,3,4,2,1.9226,215.75,0.51,431.6171,459.5123,383.0101,1,5,4
4270303,495.52717,502.23723,2,1,13.916666666666666,12.51743,9.18945,8.93041,8.20673,8.93142,7.85736,1,1,618,1,4,3,2,2,1,1,-0.9168,170,0.57,437.1475,348.8278,422.1746,2,5,2
3840204,525.17274,566.89236,1,1,15.5,10.25396,8.81989,9.60333,10.35139,7.24499,10.15325,2,1,631,1,5,1,3,4,1,2,-0.5803,160.5,-0.16,451.2463,487.8692,478.7766,1,3,2
4790211,471.54044,569.78665,1,1,15,11.17406,13.03951,9.26151,8.20673,8.69047,9.15641,NA,2,980,1,4,2,4,1,1,1,0.5021,84.167,-0.23,456.5431,407.8822,471.5964,1,3,4
3360103,511.07254,581.74997,2,2,14.75,10.92551,7.91394,9.60333,9.81093,9.84519,10.15325,1,2,802,3,2,1,2,1,1,3,0.5021,207.25,0.62,470.4082,384.0332,440.8243,1,3,4
4850426,489.14953,516.30291,1,1,14.666666666666666,10.92551,8.81989,12.07123,11.9425,10.07332,10.74331,2,2,1145,2,2,1,2,2,2,1,1.9226,228.2,0.34,353.1002,434.6504,432.1522,1,3,4
3530307,451.46495,498.90944,2,1,15,10.92551,13.03951,13.46507,11.9425,9.84519,10.74331,2,2,898,NA,1,4,4,3,3,1,-0.9168,NA,-0.12,517.3781,468.2375,450.8019,2,4,2
4620221,595.15903,620.86351,2,1,15,9.60097,10.19817,10.35777,9.34439,11.37095,10.15325,4,2,592,2,1,1,3,1,1,1,1.1595,119.2,0.02,644.0333,487.5644,553.0959,1,5,3
3120303,479.68135,508.92228,2,1,14.25,12.51743,8.81989,10.80246,11.01771,8.69047,9.6346,1,1,696,2,2,NA,2,1,2,2,NA,113.077,0.11,439.4843,435.4379,435.9754,1,5,4
3420215,519.78965,478.73122,2,1,15,7.30445,10.19817,9.965,11.9425,10.30668,10.15325,NA,2,1076,3,4,2,2,1,3,1,-0.0892,177.833,-0.72,463.0083,474.4926,495.0951,1,3,4
3420220,447.2193,348.4346,1,1,15.416666666666666,8.91919,13.03951,9.26151,8.55351,9.16491,9.6346,4,1,1076,3,4,2,2,1,3,1,-0.0892,177.833,-0.33,452.8821,519.4828,438.8661,1,3,4
4610203,616.99053,617.03096,1,1,14.75,12.51743,9.18945,12.07123,7.57539,12.54869,9.15641,1,2,765,1,2,2,1,2,1,1,-0.7452,253.667,0.54,596.596,630.7656,600.2797,1,4,2
5060212,535.19692,475.46301,2,1,15.083333333333334,11.64917,13.03951,9.965,11.9425,10.80346,10.15325,1,2,365,4,1,2,2,2,2,2,0.0872,135.333,0.33,526.6475,424.4513,500.5035,1,5,2
4030325,413.90205,471.56598,1,1,14.833333333333334,7.30445,13.03951,9.965,8.55351,9.16491,9.6346,NA,1,1029,1,4,2,1,2,2,1,0.7756,202.6,-0.66,413.0784,465.6285,387.3928,NA,4,NA
3040102,551.1395,473.57887,2,2,14.5,8.91919,8.81989,9.26151,7.2741,8.43911,7.85736,3,2,685,4,2,1,2,4,3,2,-0.256,134.6,-0.87,491.05,466.5534,528.3849,1,5,NA
3790104,376.55725,465.68138,2,1,14.833333333333334,10.92551,13.03951,9.965,8.92971,10.07332,14.34298,2,3,127,4,6,1,3,3,1,1,0.7756,51.2,-0.67,373.2747,378.4998,369.0228,1,6,4
3570203,578.28292,513.50714,2,1,14.083333333333334,10.92551,10.19817,13.46507,9.34439,12.54869,12.42205,2,2,522,2,1,2,4,3,3,2,-0.5803,146.5,0.22,527.5822,578.9861,538.4558,1,3,4
4830410,524.0763,529.90039,1,1,14.916666666666666,11.64917,8.81989,10.80246,10.35139,11.70269,10.15325,1,2,960,2,3,1,3,3,3,2,0.5021,189.2,-0.16,483.2606,526.6316,555.4271,1,3,4
3210210,348.26655,392.90115,1,1,14.25,10.04151,8.81989,8.93041,9.34439,8.17383,8.70884,NA,2,766,2,5,2,1,3,2,2,-0.256,163.8,-0.84,361.5906,418.6848,420.0298,1,3,NA
4670114,589.18308,599.85201,2,1,15.333333333333334,8.91919,7.6477,11.33851,11.01771,12.08627,10.15325,3,3,991,2,3,1,3,2,3,1,-1.0989,166.5,-0.36,494.8668,474.7332,492.7639,1,3,4
4700104,534.20897,560.26885,1,1,15.083333333333334,10.25396,11.04872,6.36452,7.2741,5.80254,6.97717,2,1,1590,1,1,1,4,4,3,3,-0.9168,218,0.5,447.3516,485.7246,434.2969,1,3,NA
3090101,485.97775,482.83916,2,1,15.416666666666666,8.91919,13.03951,10.31202,9.81093,9.39344,10.74331,3,2,194,3,5,1,3,3,3,2,-1.7689,96,-0.43,402.1732,406.0065,433.3644,1,6,NA
4480218,629.5811,593.63036,1,1,14.833333333333334,12.51743,9.18945,9.60333,9.34439,12.54869,9.15641,2,2,819,1,1,1,3,2,3,1,0.5021,146,0.53,554.0661,587.158,518.5006,2,5,2
4980222,507.29304,553.4244,1,1,15.083333333333334,11.64917,13.03951,10.35777,7.88323,7.89169,9.6346,1,2,590,3,1,2,3,3,2,2,0.0872,125.6,0.5,453.4273,518.2913,510.7609,1,4,NA
3560302,495.15252,489.60779,1,1,14.5,11.17406,10.19817,9.26151,11.01771,9.39344,8.27843,NA,2,756,3,1,2,3,3,3,2,1.1595,145.091,0.29,340.5593,436.1596,365.9455,1,4,4
3400318,602.37724,600.56974,2,1,12.916666666666666,11.17406,7.91394,11.33851,11.01771,9.84519,10.74331,NA,1,1280,NA,1,1,2,3,3,3,1.9226,153.647,-0.3,512.7824,481.3894,532.2081,3,5,4
3250114,372.06802,430.4856,2,1,15,9.60097,8.81989,7.51389,9.81093,8.43911,9.15641,3,2,348,4,1,1,4,3,3,3,-1.0989,173.5,-0.42,412.1436,375.5326,414.7147,1,5,NA
3640301,492.78143,486.88578,1,2,14.166666666666666,8.74681,10.19817,9.26151,10.35139,8.43911,10.15325,NA,1,758,2,2,3,2,3,2,3,1.9226,205.2,0.4,307.2208,382.782,386.9265,1,3,2
3050110,419.08861,425.00263,2,2,14.583333333333334,11.64917,NA,NA,NA,NA,NA,2,2,445,4,5,1,1,3,2,3,-0.9168,166.667,0.8,413.9352,335.7561,381.3316,1,3,4
3570220,555.89074,491.05701,2,1,14.75,11.64917,13.03951,11.33851,13.70742,8.69047,9.6346,2,2,522,2,1,2,4,3,3,2,-0.5803,146.5,-0.54,365.4853,306.3248,358.5789,1,3,2
4510107,500.91496,497.96071,1,1,14.666666666666666,12.51743,11.04872,13.46507,11.9425,13.14698,12.42205,2,2,664,1,1,2,2,1,1,3,-0.9168,266.667,0.03,421.7246,502.7228,522.1373,1,3,4
3710314,427.14828,496.97391,1,1,14.75,11.64917,8.48873,8.60159,9.81093,6.85613,8.70884,2,1,738,2,5,2,3,1,2,2,0.7756,111.333,-0.13,495.5678,471.1093,466.6542,1,3,4
3820519,486.46703,523.2783,2,2,15,10.25396,9.18945,7.51389,7.88323,8.69047,7.85736,1,2,1365,4,2,2,2,3,3,1,-0.9168,NA,0.69,511.9255,444.2593,445.3003,1,6,4
3410120,539.91888,551.63355,1,1,15.25,9.60097,10.19817,9.965,10.35139,9.39344,10.15325,2,1,598,3,5,1,3,3,3,2,-0.0892,106.727,0.41,448.2863,540.532,474.3939,1,3,3
4960126,561.62937,578.55158,1,1,14.5,12.51743,10.19817,8.60159,4.82293,8.69047,5.86845,1,1,437,1,1,2,1,2,2,3,1.9226,119.25,0.72,506.473,553.0026,540.6005,2,5,5
4810217,468.22732,479.97237,2,1,14.5,10.25396,8.48873,10.35777,11.9425,8.43911,10.15325,1,2,317,3,5,1,3,2,2,1,0.0872,121.6,0.24,444.859,362.7015,455.7441,1,3,3
5070212,405.814,420.54423,2,1,14.916666666666666,10.92551,9.62932,11.33851,11.01771,9.16491,11.44903,2,2,436,NA,6,2,2,3,3,2,-0.4184,119.333,0.21,327.0058,273.445,316.2439,1,6,4
4920220,493.37406,583.78621,2,1,15,11.64917,13.03951,8.93041,8.92971,10.07332,9.6346,1,2,972,1,1,1,2,1,3,1,-0.0892,163.667,0.46,497.8268,527.1002,521.0183,1,4,2
5010106,441.66078,506.403,2,1,14.5,11.64917,9.62932,9.965,10.35139,9.16491,9.6346,1,2,429,1,1,1,1,2,2,2,-0.4184,NA,0.61,293.1999,315.7877,370.7945,1,4,4
4300108,512.37669,604.93802,1,1,14.583333333333334,12.51743,7.91394,9.60333,7.57539,8.17383,7.42878,1,3,613,3,4,1,4,4,2,1,1.9226,244,0.33,558.4281,687.9559,581.63,1,4,2
3150208,566.85034,556.23435,1,1,15.25,8.19314,11.04872,7.91186,7.2741,9.16491,6.97717,4,3,328,2,2,1,3,2,2,2,-0.5803,130.4,-0.34,469.084,462.3719,461.9918,1,4,3
3440220,410.38904,381.95039,1,3,14.833333333333334,10.25396,10.19817,10.80246,8.92971,8.43911,10.74331,1,NA,649,2,1,3,4,4,3,2,-0.9168,153.111,0.36,483.6501,498.9101,488.3812,1,3,2
4310410,594.91914,648.52023,1,1,14.833333333333334,11.64917,8.19852,8.60159,7.88323,6.85613,8.70884,1,2,1109,2,2,1,1,1,2,1,0.2803,159.714,0.21,528.2053,600.1052,524.7482,2,5,2
4560323,607.16602,612.79133,1,1,14.25,9.60097,9.62932,11.33851,11.9425,9.84519,8.27843,3,1,706,1,2,2,4,4,4,2,-1.0989,231,-0.55,524.9338,480.641,504.2335,1,4,2
3450212,490.14765,478.44775,2,1,14.25,12.51743,11.04872,9.965,11.01771,8.69047,10.74331,1,3,380,4,5,1,3,2,3,2,0.5021,102,0.02,372.0284,392.8546,440.9176,1,3,4
3340107,373.48525,354.38379,1,3,15.333333333333334,10.25396,11.04872,11.33851,9.81093,7.24499,10.15325,2,1,116,2,6,1,1,3,3,3,1.9226,57,-2.01,408.4047,343.3048,400.0746,1,NA,4
4080314,435.90394,407.49438,2,3,14.5,8.19314,9.62932,9.60333,11.01771,9.84519,9.6346,3,2,503,3,5,1,3,2,4,3,-1.2965,NA,-2.4,451.0905,434.8766,444.5543,1,3,NA
3710319,574.09213,652.88992,1,1,13.75,10.92551,11.04872,9.965,9.81093,10.30668,9.6346,2,1,738,2,5,2,3,1,2,2,0.7756,111.333,-0.28,331.212,312.3267,321.4659,1,3,4
3430314,466.57333,464.05681,1,1,15.5,9.60097,9.62932,9.60333,8.20673,8.43911,8.27843,2,1,1049,1,2,2,3,2,3,1,-0.9168,282.5,-0.35,405.5227,360.7002,400.8206,1,5,4
3180123,366.28269,399.39972,1,1,14.916666666666666,9.60097,8.19852,10.80246,8.55351,6.85613,8.27843,3,1,856,1,4,1,2,2,2,3,-1.0989,208.75,0.22,371.7947,335.3617,338.5304,1,3,NA
3040103,533.56192,514.75003,1,1,14.416666666666666,8.19314,8.48873,7.91186,8.55351,8.17383,7.42878,3,2,685,4,2,1,2,4,3,2,-0.256,134.6,0.65,453.5831,479.1318,499.8508,1,5,NA
3570209,453.23157,435.20827,1,1,14,8.91919,7.91394,8.93041,7.57539,7.14931,9.15641,4,1,522,2,1,2,4,3,3,2,-0.5803,146.5,-0.16,359.4096,388.4216,344.6848,1,3,NA
3930323,628.30343,565.51232,1,2,15.166666666666666,11.64917,10.19817,6.36452,4.82293,11.07454,8.70884,2,1,1030,1,1,1,4,3,3,3,0.0872,155.714,-0.37,531.399,533.8598,524.4685,2,6,NA
4580309,431.48644,423.11391,1,1,14.916666666666666,10.92551,11.04872,7.51389,9.34439,8.43911,5.86845,2,1,603,1,1,4,4,4,3,1,-2.4968,81,0.34,462.0735,457.606,394.8527,3,4,4
4020418,572.4054,574.94686,1,1,14.666666666666666,11.64917,9.62932,10.80246,7.88323,12.54869,14.34298,2,1,817,3,1,3,3,3,2,2,-0.5803,171,0.04,485.5974,581.3595,540.787,1,5,4
3270114,583.55685,527.45411,1,3,14.166666666666666,8.19314,NA,NA,NA,NA,NA,4,1,364,4,5,1,3,1,1,1,0.2803,109.333,-0.73,385.9713,379.287,337.3182,1,4,4
4640107,677.33388,606.81201,1,2,13.75,9.60097,10.19817,10.80246,9.81093,9.39344,11.44903,2,2,92,3,6,3,2,3,3,2,-0.5803,70,-0.95,342.1172,408.4382,421.9881,1,NA,4
4840218,534.55791,517.07553,2,1,14.166666666666666,8.91919,7.6477,9.965,9.81093,10.07332,8.27843,3,3,883,2,3,2,2,1,2,2,-0.4184,190,-0.1,440.3412,410.0163,429.6345,1,3,NA
3730216,606.31003,587.60446,2,1,12.916666666666666,10.25396,13.03951,13.46507,11.01771,11.70269,9.15641,1,2,1043,2,3,1,2,2,3,2,-0.256,244.75,-0.51,515.8202,460.2982,502.182,1,5,NA
5070207,365.1934,350.45218,2,1,14.583333333333334,8.91919,9.62932,11.33851,13.70742,9.16491,14.34298,3,2,436,NA,6,2,2,3,3,2,-0.4184,119.333,-0.03,366.7316,353.6395,371.2607,1,6,4
3550309,624.59332,563.19544,2,1,14.25,12.51743,13.03951,10.35777,8.92971,11.70269,9.6346,1,3,1000,NA,1,NA,2,NA,NA,1,NA,93.619,0.68,608.5138,513.2266,566.7102,2,3,2
4010301,637.0287,611.73906,1,1,15.416666666666666,11.64917,10.19817,9.965,8.55351,11.07454,10.74331,1,1,673,3,2,1,3,3,2,2,-1.0989,187.5,-0.21,327.3952,352.0422,401.0071,1,5,4
3690123,572.29355,583.12477,1,1,14.583333333333334,10.25396,8.48873,11.33851,9.81093,9.39344,10.15325,2,2,202,3,1,3,4,NA,3,2,-0.5803,119.333,-0.5,468.305,459.2741,517.2883,1,5,NA
3170102,573.22988,551.60234,1,1,14.5,10.92551,13.03951,11.33851,10.35139,10.54867,11.44903,2,2,32,4,6,1,1,2,1,1,-1.0989,32,-0.39,420.8677,469.6001,497.4263,1,5,2
4550220,630.63632,586.32851,2,1,14.166666666666666,10.25396,7.6477,11.33851,11.01771,14.02271,10.74331,1,3,786,3,3,1,3,3,3,1,-0.9168,154,0.27,568.7101,460.5388,464.1365,1,4,4
3970404,582.09526,492.38795,1,1,14.916666666666666,11.17406,9.62932,9.965,11.9425,10.54867,10.74331,NA,3,898,1,1,3,4,3,2,2,1.9226,131,0.52,425.4635,460.7832,380.8653,1,4,4
3830102,516.42401,549.55192,1,1,17.083333333333332,8.74681,8.81989,8.26761,8.20673,7.58514,8.27843,NA,2,51,4,6,1,3,3,3,2,-0.0892,25,-1.78,529.919,430.9172,536.8706,1,6,1
5010120,569.88335,617.97151,1,1,15.083333333333334,12.21628,11.04872,8.93041,9.81093,8.69047,9.6346,NA,2,429,1,1,1,1,2,2,2,-0.4184,NA,-0.26,531.5548,560.7869,537.7098,1,4,NA
4440112,452.03714,504.52203,2,1,14.416666666666666,9.60097,11.04872,7.91186,7.57539,7.58514,8.27843,2,2,NA,1,4,3,2,3,3,3,-0.9168,128.462,-0.39,459.8146,396.9446,404.737,1,3,3
3570228,541.63388,429.05089,2,1,15.25,10.04151,8.48873,12.07123,11.01771,10.54867,8.70884,NA,1,522,2,1,2,4,3,3,2,-0.5803,146.5,-0.26,433.7202,473.1293,481.2943,1,3,3
5050229,518.15678,528.56453,1,1,14.666666666666666,10.25396,8.48873,13.46507,11.01771,11.37095,10.15325,2,2,809,1,3,1,2,2,3,1,1.9226,155.6,-0.45,499.2289,526.711,494.9086,2,3,4
3710324,507.40176,530.65031,2,1,13.583333333333334,10.25396,10.19817,8.60159,9.81093,10.54867,8.27843,3,2,738,2,5,2,3,1,2,2,0.7756,111.333,0,446.4948,388.9251,439.7053,1,3,4
3010109,605.88779,646.0291,1,3,15.333333333333334,8.91919,10.19817,9.965,9.81093,9.79732,10.15325,3,2,702,3,5,2,2,2,3,1,-1.7689,173.25,-0.64,452.0252,467.2172,530.6229,1,3,4
3900203,688.69025,633.16256,2,1,14.5,11.64917,11.04872,12.07123,11.01771,12.08627,9.6346,1,2,807,1,1,3,3,3,2,1,0.0872,102.5,-0.15,660.6247,490.2108,605.8747,3,8,NA
3600118,574.23604,570.0519,2,1,15.166666666666666,10.92551,13.03951,13.46507,11.9425,12.08627,10.74331,1,2,NA,1,1,3,2,3,3,1,0.2803,177,0.57,514.1845,449.3116,412.8497,1,3,NA
3640317,528.28832,659.43618,1,1,14.25,10.92551,8.48873,11.33851,11.01771,9.61942,11.44903,1,2,758,2,2,3,2,3,2,3,1.9226,205.2,0.57,474.4586,489.6961,477.1913,1,3,2
3530314,548.62415,505.16971,1,1,14.25,10.25396,11.04872,9.965,11.9425,9.61942,10.74331,2,2,898,NA,1,4,4,3,3,1,-0.9168,NA,-0.16,401.3164,476.7489,396.0649,2,4,2
4380214,617.19623,547.5734,2,1,14.5,8.19314,11.04872,10.35777,9.34439,10.80346,10.74331,4,2,620,4,2,1,2,3,3,2,-0.4184,174.571,-0.16,469.3955,451.3966,409.213,1,3,3
3180306,400.42408,351.9889,2,1,14.333333333333334,9.60097,13.03951,10.80246,10.35139,9.84519,10.15325,3,1,856,1,4,1,2,2,2,3,-1.0989,208.75,-0.4,352.3212,286.2761,366.505,1,3,NA
4620207,572.1797,612.85385,2,1,14.666666666666666,11.64917,9.62932,9.965,8.20673,9.16491,9.6346,1,1,592,2,1,1,3,1,1,1,1.1595,119.2,0.18,557.1818,438.8863,494.9086,1,5,NA
3250110,463.99497,519.21128,2,1,15.416666666666666,10.92551,11.04872,10.35777,9.34439,9.16491,9.6346,2,1,348,4,1,1,4,3,3,3,-1.0989,173.5,-2.35,414.5583,308.7306,412.8497,1,5,3
3370101,537.72846,538.27961,1,1,15,14.01827,10.19817,9.60333,8.55351,8.17383,11.44903,1,2,377,1,5,1,3,1,1,3,0.7756,90.5,0.28,503.513,548.8722,495.7479,1,5,4
4940220,466.60372,488.07281,2,1,14.416666666666666,10.04151,8.48873,9.26151,10.35139,10.54867,6.47491,NA,2,832,2,1,2,4,3,4,2,-0.0892,139,0.26,445.7158,449.7927,450.8019,4,3,NA
4260104,466.09925,505.19044,1,2,15.416666666666666,13.71571,10.19817,11.33851,13.70742,7.58514,10.15325,NA,2,298,3,5,1,3,3,3,2,-0.5803,55.273,-0.91,472.2776,457.6854,467.5867,1,3,3
3350116,564.90775,570.70755,2,1,14.916666666666666,10.25396,11.04872,8.26761,11.9425,8.93142,7.85736,2,2,516,1,2,3,3,3,2,2,1.9226,180.667,0.36,415.4152,344.8181,395.4122,1,3,4
4030306,378.7603,426.81126,1,1,14.333333333333334,10.92551,9.18945,7.03246,7.57539,6.39359,7.85736,2,1,1029,1,4,2,1,2,2,1,0.7756,202.6,-0.65,329.031,414.6338,346.5498,NA,4,4
3800216,496.71735,436.70201,1,2,15.333333333333334,11.64917,11.04872,9.965,7.57539,9.84519,9.6346,1,1,407,1,4,3,3,2,3,3,-2.4968,172.4,-0.1,392.1249,460.6244,399.9814,1,5,4
3890112,403.55609,413.36043,2,1,15.083333333333334,8.74681,8.48873,5.03748,7.88323,3.17837,8.70884,NA,3,NA,NA,2,1,3,3,3,2,-0.0892,259,-0.82,399.5248,335.9165,365.2928,1,3,4
4550211,433.49306,405.21515,2,1,14.833333333333334,9.60097,8.81989,8.60159,NA,8.69047,10.74331,3,2,786,3,3,1,3,3,3,1,-0.9168,154,-0.71,356.9949,351.2337,393.5472,1,4,1
3280101,610.11333,622.53913,1,1,15.083333333333334,10.25396,10.19817,9.965,11.9425,15.81948,12.42205,2,2,77,2,6,2,4,2,3,2,-1.0989,74,0.38,462.6188,459.9889,524.7482,1,5,4
4060207,563.19867,524.19167,2,3,14.583333333333334,9.60097,9.18945,13.46507,13.70742,10.57497,10.74331,2,1,425,4,2,2,4,3,2,3,1.1595,131.333,-0.52,448.52,425.0126,340.4886,1,3,4
4670113,535.98095,483.3402,2,1,15.333333333333334,8.74681,6.83195,13.46507,13.70742,12.08627,11.44903,NA,2,991,2,3,1,3,2,3,1,-1.0989,166.5,-0.43,470.6418,416.1912,500.5035,1,3,4
3530304,548.67756,519.2667,1,1,14.583333333333334,10.25396,9.18945,9.60333,6.66537,11.37095,9.15641,2,2,898,NA,1,4,4,3,3,1,-0.9168,NA,0.21,504.993,500.5782,400.0746,2,4,4
3410118,475.48776,432.92566,2,3,15.166666666666666,8.91919,8.19852,12.07123,8.20673,9.39344,8.70884,2,2,598,3,5,1,3,3,3,2,-0.0892,106.727,-0.15,418.453,386.5193,405.2033,1,3,4
5020123,594.8521,575.57022,2,1,15.083333333333334,11.64917,10.19817,9.965,9.34439,10.54867,9.6346,1,3,395,2,1,2,2,3,2,2,-0.0892,115.667,1.11,523.6875,570.4053,529.4107,1,NA,2
4800126,421.59669,435.81842,1,1,15.083333333333334,9.60097,9.62932,9.965,11.01771,9.29929,9.15641,4,2,441,1,5,3,3,3,2,3,-1.5162,144.667,-0.51,343.675,306.7665,323.1443,1,3,NA
5050213,603.16708,523.27415,1,1,14.5,10.04151,10.19817,10.80246,7.2741,10.07332,8.70884,NA,1,809,1,3,1,2,2,3,1,1.9226,155.6,0.02,477.8081,519.4033,517.4748,2,3,4
4990225,680.19973,707.94237,2,1,14.75,14.01827,7.91394,8.93041,7.88323,10.07332,9.15641,1,2,643,1,1,3,3,3,4,1,-0.9168,156,0.59,673.1656,686.4467,714.7893,1,4,5
4280116,479.94772,489.50108,1,1,15.5,11.64917,10.19817,9.60333,7.88323,9.39344,9.6346,1,1,311,1,1,1,NA,2,2,3,0.7756,189,0.4,456.3873,467.1377,454.8116,1,5,2
4620209,641.86587,676.93701,1,1,14.666666666666666,9.60097,13.03951,12.07123,9.81093,11.37095,11.14046,2,1,592,2,1,1,3,1,1,1,1.1595,119.2,0.27,582.8088,518.8473,574.1701,1,5,4
5100103,660.07753,610.19687,1,1,15.083333333333334,10.92551,13.03951,9.965,8.92971,9.84519,10.15325,1,2,364,1,2,1,2,3,3,3,0.5021,85,0.68,508.8098,548.1574,525.401,2,4,2
4610124,556.51902,604.95526,2,2,14.833333333333334,11.64917,7.38476,8.26761,7.2741,10.54867,6.47491,1,3,765,1,2,2,1,2,1,1,-0.7452,253.667,0.57,629.2335,616.6775,613.7076,1,5,2
4850404,587.14003,603.72427,2,1,14.416666666666666,10.92551,13.03951,10.35777,11.9425,9.84519,8.70884,2,2,1145,2,2,1,2,2,2,1,1.9226,228.2,-0.24,565.7501,530.0674,581.9097,1,3,4
3730219,455.29339,457.25676,2,1,15.166666666666666,11.64917,13.03951,6.36452,10.35139,9.16491,6.97717,1,2,1043,2,3,1,2,2,3,2,-0.256,244.75,0.34,371.0936,374.3297,392.2417,1,5,4
4720113,477.0612,457.63669,1,1,14.25,10.92551,13.03951,13.46507,11.01771,11.70269,12.42205,2,NA,846,1,4,1,3,3,3,3,-1.0989,173.8,-0.26,631.9598,614.1645,538.4558,1,6,4
3780227,459.30205,488.4978,2,1,14.833333333333334,11.64917,13.03951,10.35777,11.9425,9.61942,10.74331,1,1,1442,2,2,1,4,3,3,2,-0.9168,232.833,0.57,384.2577,360.2957,402.5923,1,5,4
3570204,428.59713,419.3308,2,1,15.083333333333334,12.51743,11.04872,10.80246,9.34439,10.54867,9.15641,1,1,522,2,1,2,4,3,3,2,-0.5803,146.5,-1.84,339.9361,362.2203,369.2093,1,3,4
4920207,571.457,494.30995,2,1,14.333333333333334,11.64917,10.19817,11.33851,13.70742,11.07454,8.70884,1,3,972,1,1,1,2,1,3,1,-0.0892,163.667,0.72,474.4586,491.8147,496.7736,1,4,5
3600116,578.81488,620.19214,2,2,15.25,12.51743,13.03951,13.46507,10.35139,9.938,11.44903,1,1,NA,1,1,3,2,3,3,1,0.2803,177,0.51,473.0566,334.3928,391.1227,1,3,NA
3600123,640.13165,595.5528,2,1,15.166666666666666,11.17406,13.03951,13.46507,7.88323,10.80346,10.15325,NA,2,NA,1,1,3,2,3,3,1,0.2803,177,0.35,516.6771,453.8827,495.1884,1,3,NA
3840218,567.95762,588.35929,2,1,13.916666666666666,11.64917,13.03951,9.965,10.35139,11.07454,10.74331,2,2,631,1,5,1,3,4,1,2,-0.5803,160.5,0.07,525.2454,454.6846,510.4812,1,3,4
3190114,417.42065,436.00937,2,1,15.25,12.51743,13.03951,9.965,10.35139,9.39344,9.6346,2,2,1079,3,2,1,3,3,3,1,-0.9812,148.857,-0.16,428.6571,443.698,468.799,1,3,NA
4420106,498.23402,516.58071,2,2,14.416666666666666,10.25396,8.48873,9.60333,11.01771,8.43911,8.27843,3,2,573,1,2,1,4,3,4,2,-1.0989,192.333,0.16,502.2667,497.9896,434.6699,1,5,1
3190103,550.49167,562.8991,2,1,15.25,10.04151,11.04872,9.965,9.34439,10.54867,7.85736,NA,3,1079,3,2,1,3,3,3,1,-0.9812,148.857,-0.23,507.2519,528.4636,542.4655,1,3,4
4020217,355.14643,392.22847,2,1,14.75,8.19314,7.11034,12.07123,11.01771,10.07332,8.70884,3,3,817,3,1,3,3,3,2,2,-0.5803,171,-0.64,321.0858,302.315,334.3342,1,5,1
4770109,704.56031,679.09699,1,1,14.666666666666666,10.92551,11.04872,8.93041,8.55351,8.69047,8.70884,2,2,638,2,5,1,4,2,3,3,-0.256,167.5,-0.27,481.6249,531.7946,541.533,1,4,NA
4460302,373.39184,412.07728,1,1,15.333333333333334,10.04151,13.03951,7.91186,8.55351,8.43911,11.44903,NA,3,881,1,2,1,2,3,3,2,0.5021,174,0.24,352.3212,336.3943,383.0101,1,4,4
3570229,403.57754,435.98023,2,1,14.833333333333334,10.92551,7.38476,9.26151,9.34439,9.16491,8.27843,3,1,522,2,1,2,4,3,3,2,-0.5803,146.5,0.34,402.0953,425.0126,392.3349,1,3,NA
3840222,604.55861,564.22022,1,1,15.083333333333334,11.64917,11.04872,10.80246,11.01771,10.80346,12.42205,1,2,631,1,5,1,3,4,1,2,-0.5803,160.5,-0.25,527.2706,517.9736,458.5416,1,3,4
3990109,403.94481,312.37924,2,1,14.416666666666666,8.91919,9.62932,13.46507,13.70742,10.30668,10.74331,4,1,83,4,6,2,2,2,3,2,0.2803,78,-0.2,304.8839,282.8278,390.6565,1,3,4
5080107,606.96647,604.00414,2,1,14.333333333333334,14.01827,13.03951,11.33851,11.9425,11.37095,12.42205,1,1,494,3,5,1,3,3,1,3,-0.256,123,0.03,619.7305,565.2728,646.9974,1,3,2
4640104,556.4684,607.92659,2,1,14.833333333333334,8.91919,9.62932,12.07123,11.9425,9.16491,10.74331,2,2,92,3,6,3,2,3,3,2,-0.5803,70,-0.92,440.3412,356.0454,415.3674,1,NA,3
3440205,309.12374,345.52415,1,1,15.416666666666666,9.60097,13.03951,13.46507,11.9425,9.61942,12.42205,2,3,649,2,1,3,4,4,3,2,-0.9168,153.111,-1.08,444.859,503.1994,461.3391,1,3,NA
4460326,457.50057,421.02148,2,1,15.416666666666666,11.64917,12.83637,11.33851,11.9425,9.61942,10.74331,1,2,881,1,2,1,2,3,3,2,0.5021,174,-0.27,328.8752,360.7768,366.878,1,4,4
4470211,506.77527,443.23899,2,1,14.666666666666666,8.20559,13.03951,8.26761,7.2741,8.93142,8.27843,3,3,527,1,1,2,4,2,3,2,0.0872,NA,-0.87,410.5858,357.8898,473.4614,1,3,4
3630321,465.45644,465.50178,1,2,14.666666666666666,10.04151,9.62932,9.60333,10.35139,8.93142,9.6346,NA,1,1209,1,2,4,4,3,4,3,-0.4184,132.526,-0.67,469.0061,480.1644,509.8284,1,5,4
4440102,527.66764,495.56539,1,1,15.25,11.17406,11.04872,8.60159,8.20673,8.17383,8.70884,NA,1,NA,1,4,3,2,3,3,3,-0.9168,128.462,-0.21,416.1941,455.5408,431.4994,1,3,2
3630315,495.62918,481.6169,2,1,15.25,11.64917,11.04872,8.60159,5.96004,8.43911,9.6346,2,2,1209,1,2,4,4,3,4,3,-0.4184,132.526,0.07,335.4183,368.7963,347.6688,1,5,4
4350309,553.35316,546.19478,2,1,15.166666666666666,10.25396,11.04872,8.60159,7.88323,9.16491,8.27843,3,2,536,3,4,1,4,2,3,3,-0.256,120.222,-0.82,589.1961,545.8658,606.0612,1,3,3
4610127,491.63918,516.71819,2,1,14.416666666666666,14.01827,7.38476,11.33851,13.70742,10.07332,10.15325,1,2,765,1,2,2,1,2,1,1,-0.7452,253.667,0.48,420.9456,398.3079,413.9687,1,5,4
3690109,566.41704,584.4639,2,1,15.25,10.25396,11.04872,8.93041,10.35139,7.89169,10.15325,2,2,202,3,1,3,4,NA,3,2,-0.5803,119.333,-0.77,461.9956,393.1754,429.6345,1,5,4
3230101,468.38017,450.708,2,1,14.75,10.92551,13.03951,9.26151,9.81093,9.39344,8.27843,2,2,625,3,5,1,2,3,3,1,-0.4184,157.5,-0.4,481.7807,414.026,434.2969,1,3,NA
3240124,564.51981,565.01008,1,1,14.833333333333334,11.64917,11.04872,8.93041,8.55351,8.93142,8.27843,1,1,760,2,3,NA,4,4,3,NA,NA,NA,0.62,621.8336,647.5256,609.8844,3,5,2
4850411,519.05321,558.08531,1,1,14.75,11.64917,13.03951,10.80246,9.81093,9.84519,8.27843,1,2,1145,2,2,1,2,2,2,1,1.9226,228.2,0.76,353.1002,519.6416,407.9075,1,3,4
4180319,619.55168,621.14501,1,2,13.666666666666666,11.64917,9.62932,13.46507,13.70742,12.08627,12.42205,1,2,1133,1,2,3,1,3,2,2,-0.7452,169.857,0.4,592.6235,570.4775,548.4334,1,4,2
3320402,553.24713,463.84568,1,1,14.333333333333334,10.25396,10.19817,12.07123,9.81093,10.07332,10.74331,1,1,1426,NA,1,1,3,1,1,2,0.2803,NA,0.11,531.4769,527.0287,524.7482,1,3,4
3420218,403.25116,448.8231,1,1,15.416666666666666,9.60097,9.18945,9.965,11.01771,8.69047,9.6346,2,1,1076,3,4,2,2,1,3,1,-0.0892,177.833,-0.35,396.4091,483.0239,438.0269,1,3,4
4060213,657.93091,592.62522,1,1,14.5,12.51743,9.18945,9.965,9.34439,11.70269,9.6346,2,3,425,4,2,2,4,3,2,3,1.1595,131.333,-0.2,571.1248,611.7816,575.8486,1,3,2
3100126,462.83026,466.92306,1,1,15.083333333333334,10.25396,9.62932,8.93041,7.57539,7.89169,7.85736,3,2,492,3,5,2,4,3,4,1,-0.9168,107.333,-0.89,432.4739,378.2544,421.9881,1,6,4
4960111,581.55246,541.98329,1,1,15.083333333333334,12.51743,13.03951,8.60159,6.97345,8.69047,9.15641,1,1,437,1,1,2,1,2,2,3,1.9226,119.25,0.21,563.3354,591.9238,611.4696,2,5,NA
3860503,548.19253,513.11674,2,1,14.416666666666666,9.60097,10.19817,10.80246,11.01771,12.08627,9.6346,2,2,1340,3,2,1,4,2,3,2,-0.256,140.9,-0.05,422.3477,344.8181,423.107,1,6,4
4850413,579.34774,561.70738,1,1,14.833333333333334,12.51743,11.04872,10.80246,9.34439,11.70269,10.74331,1,3,1145,2,2,1,2,2,2,1,1.9226,228.2,0.24,473.1344,459.0358,474.5804,1,3,4
3350115,627.70767,606.88065,2,1,14.833333333333334,8.19314,13.03951,6.36452,8.92971,7.89169,6.97717,4,1,516,1,2,3,3,3,2,2,1.9226,180.667,-0.33,596.2066,557.9751,592.7266,1,3,4
4610218,521.20051,484.88468,1,1,14.583333333333334,11.64917,6.19658,7.51389,7.88323,6.39359,7.42878,3,2,765,1,2,2,1,2,1,1,-0.7452,253.667,-0.03,438.1601,530.2059,520.0858,1,4,2
4240129,569.39351,580.24685,1,1,14.833333333333334,11.64917,11.04872,12.07123,9.81093,10.54867,12.42205,1,1,858,2,1,1,2,3,3,1,-0.9168,166.909,0.94,584.133,522.7394,489.3137,2,6,2
3780229,426.58279,514.41921,2,1,15,10.25396,11.04872,8.93041,8.92971,8.69047,10.15325,1,2,1442,2,2,1,4,3,3,2,-0.9168,232.833,0.31,391.9692,352.0356,403.5248,1,5,4
4440113,441.47218,492.06596,2,1,15.75,10.92551,9.62932,7.91186,8.55351,8.69047,8.27843,2,3,NA,1,4,3,2,3,3,3,-0.9168,128.462,0.24,464.4103,406.4877,382.7303,1,3,4
3970410,605.73751,549.78444,1,1,15,10.92551,13.03951,9.965,6.97345,9.84519,11.1503,1,2,898,1,1,3,4,3,2,2,1.9226,131,-0.23,631.9598,588.7466,636.367,1,4,4
4610206,565.35826,556.99278,2,1,15,10.92551,8.48873,10.35777,11.01771,10.54867,7.42878,1,2,765,1,2,2,1,2,1,1,-0.7452,253.667,0.19,638.9702,530.8694,550.2051,1,4,NA
4560319,605.85014,606.04474,2,1,15.25,10.25396,11.04872,10.80246,10.35139,8.17383,10.15325,1,1,706,1,2,2,4,4,4,2,-1.0989,231,0.05,491.8289,407.9312,540.787,1,4,3
3600121,637.22736,577.9447,2,1,15.166666666666666,10.25396,13.03951,13.46507,10.35139,13.14698,14.34298,1,2,NA,1,1,3,2,3,3,1,0.2803,177,0.82,541.7588,457.331,506.0985,1,3,NA
3470120,499.45058,499.66383,1,1,14.833333333333334,11.64917,9.18945,8.93041,6.66537,8.69047,7.85736,1,3,305,4,1,1,3,2,3,2,0.0872,152.5,0.2,496.8141,551.414,490.6192,1,3,4
3680320,679.50173,670.87947,2,1,14.75,12.51743,7.91394,9.965,9.34439,11.07454,8.70884,1,2,619,2,2,2,3,1,3,1,-0.5803,91.714,0.62,666.1552,554.0456,599.0675,3,5,NA
4690311,438.63102,386.29608,2,1,14.833333333333334,8.19314,10.19817,7.51389,7.57539,8.69047,6.47491,4,2,903,1,1,2,3,2,3,1,-0.5803,176.4,-0.75,374.7546,288.9225,332.6557,1,4,3
3550315,505.21524,470.67345,1,1,14.833333333333334,11.64917,11.04872,9.965,7.88323,9.84519,7.85736,1,1,1000,NA,1,NA,2,NA,NA,1,NA,93.619,0.64,407.0026,473.0156,424.0395,2,3,2
4440124,484.79863,414.13512,1,2,14.25,14.01827,9.18945,12.07123,8.55351,11.07454,7.42878,1,2,NA,1,4,3,2,3,3,3,-0.9168,128.462,-0.16,410.8194,422.5769,418.3514,1,3,3
4040511,629.58401,614.81807,2,1,15.083333333333334,12.51743,7.38476,12.07123,8.92971,11.07454,10.74331,1,2,1240,1,3,1,2,3,2,3,0.7756,14.143,0.76,608.5138,566.155,635.7143,1,6,NA
3770218,508.05618,562.85545,1,4,15.083333333333334,11.64917,8.81989,8.60159,8.55351,10.07332,9.6346,1,2,338,1,4,1,3,4,3,3,-2.0766,NA,0.43,421.2572,437.8277,438.3999,1,6,2
3480111,550.72497,612.95139,2,1,15,10.25396,8.81989,11.33851,8.92971,10.54867,9.6346,2,3,532,1,1,2,3,1,2,2,-0.4184,90,-0.4,445.4043,351.2337,444.9273,1,3,3
4050321,633.34407,645.90733,1,1,14.916666666666666,10.92551,8.81989,6.36452,6.66537,8.17383,6.47491,2,2,1092,1,2,1,3,1,1,3,-0.256,178.5,-0.17,525.2454,527.5847,570.1604,1,3,1
3820509,526.55165,553.21261,2,2,14.333333333333334,11.64917,9.62932,9.60333,8.55351,8.93142,8.27843,1,2,1365,4,2,2,2,3,3,1,-0.9168,NA,0.64,505.694,482.6725,508.6162,1,6,4
4510125,493.24311,391.9019,1,1,15,10.25396,8.81989,10.35777,8.20673,9.16491,9.6346,2,2,664,1,1,2,2,1,1,3,-0.9168,266.667,-0.06,389.0092,373.3297,388.5117,1,3,4
4230107,440.77239,440.60842,1,2,14.916666666666666,10.25396,13.03951,8.93041,10.35139,8.69047,7.42878,2,1,907,2,1,3,2,3,4,2,1.9226,215.75,0.19,436.3686,440.2106,422.9206,1,5,4
4130211,523.04299,585.2579,1,1,13.75,14.01827,8.48873,5.03748,5.49149,6.85613,7.85736,1,3,506,1,1,2,3,3,2,1,-0.5803,186,0.86,562.7123,567.8562,512.8124,2,NA,NA
3970421,566.92677,469.06623,1,1,14.833333333333334,11.64917,8.48873,9.965,10.35139,7.24499,9.15641,1,2,898,1,1,3,4,3,2,2,1.9226,131,0.35,504.6035,504.5497,488.7542,1,4,5
3080116,452.9214,449.64034,2,1,14.416666666666666,8.91919,9.62932,8.60159,7.2741,8.17383,8.27843,3,1,511,4,1,1,4,3,3,2,-0.256,133.25,-0.27,440.7306,366.3398,415.0877,1,6,3
3480118,542.55602,497.91849,2,2,15.5,12.51743,10.19817,8.93041,7.88323,10.30668,8.70884,1,3,532,1,1,2,3,1,2,2,-0.4184,90,0.31,460.7493,403.6007,466.934,1,3,4
3180116,416.75628,412.59981,1,1,15.083333333333334,10.25396,13.03951,10.80246,11.01771,8.17383,10.15325,3,2,856,1,4,1,2,2,2,3,-1.0989,208.75,-0.4,340.6372,348.8649,380.8653,1,3,NA
4440126,425.42982,359.86785,2,1,14.833333333333334,10.25396,13.03951,10.31202,9.81093,9.84519,8.27843,2,1,NA,1,4,3,2,3,3,3,-0.9168,128.462,-0.86,398.9796,391.2507,375.2704,1,3,4
3270105,589.69001,589.58549,2,3,14.416666666666666,9.60097,9.36357,10.80246,11.01771,11.37095,12.42205,2,2,364,4,5,1,3,1,1,1,0.2803,109.333,-0.79,299.5872,280.5823,342.0739,1,4,1
4150215,581.89604,555.62452,2,4,13.416666666666666,10.25396,9.62932,13.46507,11.01771,12.54869,12.42205,2,2,335,2,5,1,1,1,2,2,-0.256,66.4,-0.1,583.8215,462.9446,552.7229,2,4,2
5060209,536.40163,561.67825,1,1,15.333333333333334,9.60097,9.62932,7.25134,7.57539,11.70269,8.70884,2,2,365,4,1,2,2,2,2,2,0.0872,135.333,0.62,436.1349,441.7198,421.2421,1,5,2
3400123,590.68746,489.83245,1,1,14.5,10.92551,11.04872,12.07123,11.9425,9.16491,12.42205,1,3,1280,NA,1,1,2,3,3,3,1.9226,153.647,0.36,413.1563,432.8235,427.0235,3,4,4
5090121,535.74106,500.15178,1,1,14.583333333333334,10.25396,9.18945,8.26761,7.2741,7.89169,8.70884,2,1,310,1,4,1,1,1,2,1,-0.9168,NA,-0.37,489.8037,545.0595,509.2689,2,3,NA
4490104,452.31379,521.55674,2,1,15.166666666666666,10.04151,9.62932,9.60333,13.70742,9.61942,10.74331,NA,NA,232,4,6,1,4,4,3,2,-0.256,66,-1.22,245.7626,268.8739,275.774,1,NA,3
3360101,455.48155,459.91974,1,1,15.083333333333334,8.91919,10.19817,9.965,8.92971,10.07332,9.15641,3,1,802,3,2,1,2,1,1,3,0.5021,207.25,-0.38,403.5753,428.5343,386.74,1,3,4
4470218,347.18296,401.52947,2,1,15.083333333333334,8.19314,11.04872,9.60333,11.01771,9.39344,9.6346,3,2,527,1,1,2,4,2,3,2,0.0872,NA,-0.67,388.8534,350.3515,397.6501,1,3,NA
3920102,601.4665,563.72343,2,1,14.833333333333334,8.74681,10.19817,10.80246,8.20673,10.07332,9.6346,NA,1,536,2,4,3,4,3,4,2,-1.5162,131.5,-0.43,475.3934,455.4865,484.3715,3,7,3
4670120,457.70203,429.78259,1,1,15.083333333333334,8.91919,10.19817,9.965,11.01771,11.70269,12.42205,3,1,991,2,3,1,3,2,3,1,-1.0989,166.5,-0.18,400.6933,376.5069,359.6046,1,3,4
3430123,567.14029,474.18946,2,1,14.583333333333334,10.04151,8.16707,8.93041,8.55351,7.58514,8.27843,NA,2,1049,1,2,2,3,2,3,1,-0.9168,282.5,-0.33,451.0905,432.4707,412.8497,1,5,4
4610118,551.36665,594.0631,2,1,15,12.51743,8.48873,11.33851,8.92971,9.39344,10.15325,1,2,765,1,2,2,1,2,1,1,-0.7452,253.667,-0.02,509.8224,478.1816,491.1787,1,5,NA
4070226,517.88269,444.22383,2,3,14.25,9.60097,10.19817,12.07123,9.81093,10.03218,10.74331,3,2,883,1,5,2,2,3,2,1,-1.2965,140.308,0.65,463.7093,391.5715,407.2548,2,6,2
4330206,504.57233,474.45318,2,1,15.25,10.25396,13.03951,13.46507,8.92971,9.39344,10.74331,2,2,556,2,5,1,3,2,1,2,-0.4184,140,-0.26,400.6154,394.5387,400.4476,1,3,4
3290208,564.15544,586.05529,2,1,14.416666666666666,8.91919,13.03951,10.80246,9.81093,9.84519,10.15325,2,2,469,4,3,3,3,3,2,2,-0.7452,186,-0.53,379.2725,407.2896,438.0269,1,4,4
4120208,583.70825,614.42222,1,2,14.25,9.60097,9.18945,10.35777,7.57539,10.80346,7.42878,3,1,1653,4,4,NA,3,3,3,2,-0.8068,187,0.2,663.0394,544.2652,575.8486,1,3,NA
3270113,626.12921,679.05923,2,1,14.5,9.60097,10.19817,12.07123,9.34439,9.84519,10.74331,2,1,364,4,5,1,3,1,1,1,0.2803,109.333,0.04,395.6302,335.1146,325.1958,1,4,4
4690309,511.9073,518.54679,2,1,14.416666666666666,10.92551,11.04872,8.93041,9.81093,9.16491,8.27843,1,2,903,1,1,2,3,2,3,1,-0.5803,176.4,0.38,575.0974,513.2266,549.6457,1,4,4
3080117,556.10415,445.8581,1,1,15.333333333333334,9.60097,13.03951,13.46507,13.70742,11.37095,12.42205,2,1,511,4,1,1,4,3,3,2,-0.256,133.25,-0.17,349.9065,318.3539,373.6852,1,6,3
3320404,499.7374,557.8193,2,1,14.25,11.64917,11.04872,9.60333,9.34439,9.16491,9.15641,1,2,1426,NA,1,1,3,1,1,2,0.2803,NA,0.67,530.7758,533.8366,581.8165,3,3,2
4320312,577.79185,557.40566,2,2,14.666666666666666,9.60097,9.62932,13.46507,8.92971,10.54867,10.74331,1,2,367,NA,2,1,2,1,3,2,1.1595,98.5,0.12,447.3516,464.3079,479.3361,3,4,2
4680218,386.78936,476.63083,1,1,15.75,14.01827,7.91394,8.60159,8.92971,7.24499,7.85736,1,2,403,3,2,1,4,4,4,2,-1.2965,192.5,0.41,431.9286,374.5212,394.1999,1,3,4
4120220,497.69022,530.61288,2,1,14.416666666666666,8.19314,NA,NA,NA,NA,NA,3,3,1653,4,4,NA,3,3,3,2,-0.8068,187,0.12,532.879,376.3346,428.702,1,3,4
3080104,378.36644,488.50445,2,1,15.166666666666666,10.04151,13.03951,NA,11.03069,NA,NA,NA,1,511,4,1,1,4,3,3,2,-0.256,133.25,-0.66,375.6115,361.659,369.0228,1,6,NA
3760109,512.46351,533.32834,2,1,14.833333333333334,9.60097,9.62932,9.60333,11.01771,8.69047,10.15325,3,1,113,1,6,1,3,2,3,2,-0.256,36.333,-0.46,400.6154,365.1073,346.643,1,3,5
3050121,358.15888,533.50838,2,1,14.416666666666666,8.19314,9.62932,10.80246,11.01771,7.89169,10.15325,4,1,445,4,5,1,1,3,2,3,-0.9168,166.667,-0.39,477.6523,398.5484,385.8075,1,3,4
4720110,369.93023,376.81658,1,1,14.25,8.91919,9.18945,12.07123,11.01771,6.85613,12.42205,3,2,846,1,4,1,3,3,3,3,-1.0989,173.8,0.28,386.5945,459.5123,419.3771,1,6,4
4110106,733.35001,574.42357,1,3,14.666666666666666,8.91919,10.19817,9.965,7.57539,11.37095,11.44903,3,2,60,4,6,2,3,2,3,2,-1.2965,30.5,-0.77,606.0991,546.0922,561.1153,NA,NA,NA
4040506,551.52174,566.33458,2,1,14.75,8.91919,11.04872,9.965,8.92971,8.93142,10.15325,4,2,1240,1,3,1,2,3,2,3,0.7756,14.143,-0.08,515.1192,522.8499,479.3361,1,6,4
5080115,468.28565,490.58074,1,1,14.75,12.51743,13.03951,13.46507,11.01771,9.39344,14.34298,1,1,494,3,5,1,3,3,1,3,-0.256,123,0.09,581.952,496.0506,578.8325,1,3,4
3600112,552.83271,637.80733,2,1,15.083333333333334,10.25396,11.04872,11.33851,11.9425,11.70269,10.74331,1,2,NA,1,1,3,2,3,3,1,0.2803,177,0.52,466.2798,452.1986,459.5673,1,3,NA
3360124,494.30782,548.93686,1,1,14.666666666666666,10.92551,7.91394,10.80246,9.34439,9.16491,8.27843,2,1,802,3,2,1,2,1,1,3,0.5021,207.25,0.65,389.0092,385.1649,421.4286,1,3,4
4520117,588.06205,600.36451,2,1,15.166666666666666,7.37134,9.62932,8.26761,7.2741,9.39344,8.70884,4,2,1287,1,1,1,2,1,1,2,0.7756,145.778,0.01,561.7775,412.1013,500.2238,2,3,4
3860512,602.53143,535.42983,2,1,15.583333333333334,10.25396,13.03951,10.35777,9.81093,11.70269,12.42205,2,3,1340,3,2,1,4,2,3,2,-0.256,140.9,0.23,483.8838,446.585,440.5446,1,6,4
4630203,537.38142,494.78753,2,1,15.166666666666666,8.74681,9.40892,10.99361,9.34439,11.07454,10.15325,NA,3,311,3,5,1,1,3,2,2,-1.2965,94,-0.3,499.2289,389.6469,413.7822,1,3,4
4460305,508.48915,610.62612,2,1,14.666666666666666,7.30445,9.18945,8.93041,8.92971,9.16491,8.27843,NA,2,881,1,2,1,2,3,3,2,0.5021,174,-2.4,491.7511,476.3371,544.9832,1,4,4
3380204,435.31622,506.67043,2,1,15.5,8.91919,9.62932,8.26761,6.97345,6.85613,8.70884,2,3,472,1,5,3,3,3,3,3,-0.9168,114,-0.26,537.3189,532.4733,516.7288,1,3,3
4370104,610.62552,631.05103,2,1,14.583333333333334,14.01827,7.11034,12.07123,10.35139,10.80346,9.15641,1,NA,110,1,3,1,3,2,1,3,-1.2965,NA,0.38,482.4817,464.8693,489.5002,1,4,NA
4000403,498.11201,494.89435,2,1,14.833333333333334,11.17406,13.03951,11.33851,11.01771,11.37095,10.74331,NA,1,681,2,5,1,3,3,1,1,1.9226,148.889,-0.1,562.7902,539.9314,526.6132,1,6,4
4470202,369.78765,464.0914,2,1,14.75,8.74681,7.91394,9.26151,8.92971,8.17383,9.15641,NA,1,527,1,1,2,4,2,3,2,0.0872,NA,-1.37,359.4096,373.5278,475.2331,1,3,4
3750209,567.58332,524.80913,2,1,14.583333333333334,10.25396,13.03951,10.80246,9.81093,10.30668,10.15325,2,2,923,2,5,1,2,1,1,2,-0.0892,134.714,-0.34,576.6552,503.0419,543.398,1,3,4
3530321,532.7609,492.15456,1,1,14.833333333333334,9.60097,9.62932,13.46507,8.92971,10.30668,9.6346,4,1,898,NA,1,4,4,3,3,1,-0.9168,NA,-0.27,448.8316,437.8277,450.8952,2,4,4
4740220,530.92769,532.47487,1,1,14.916666666666666,9.60097,8.19852,9.965,11.01771,9.84519,11.44903,4,1,366,4,1,1,2,3,2,2,-0.4184,120.667,-0.03,456.7768,513.9226,529.3174,1,5,NA
4670101,525.25844,529.42248,1,2,14.583333333333334,10.25396,9.62932,12.07123,11.01771,9.84519,11.44903,2,2,991,2,3,1,3,2,3,1,-1.0989,166.5,0.48,431.6171,421.3855,483.7188,1,3,4
4130223,613.78378,486.98016,2,3,14.916666666666666,8.91919,7.11034,8.60159,8.55351,8.17383,8.70884,3,NA,506,1,1,2,3,3,2,1,-0.5803,186,-0.52,365.5632,237.3575,343.5658,2,NA,NA
4830407,395.19406,321.9984,2,1,15.333333333333334,10.04151,NA,NA,11.50213,NA,NA,NA,1,960,2,3,1,3,3,3,2,0.5021,189.2,-0.5,310.1807,258.2081,327.8068,1,3,NA
4350303,577.05396,626.00801,2,1,15,10.25396,11.04872,9.26151,7.88323,8.69047,9.6346,1,2,536,3,4,1,4,2,3,3,-0.256,120.222,0.31,532.9568,504.325,577.6203,1,3,5
4570207,509.10659,511.41831,1,1,15.833333333333334,10.92551,10.19817,9.98321,13.531,9.16491,9.6346,3,NA,843,4,1,1,1,1,1,3,0.5021,156,-0.22,277.1538,253.5477,223.9276,1,2,4
3110214,545.59997,529.74348,2,1,14.666666666666666,10.25396,11.04872,9.26151,11.9425,9.61942,8.27843,3,1,314,2,4,2,4,3,4,2,-0.7452,110.667,-0.58,529.919,439.6882,509.8284,1,6,4
3250104,481.33958,464.50472,1,3,15.166666666666666,8.19314,13.03951,8.26761,7.88323,3.17837,10.74331,3,1,348,4,1,1,4,3,3,3,-1.0989,173.5,-1.21,370.3147,418.6054,381.0518,1,5,NA
4070219,603.44038,538.11354,1,3,13.583333333333334,10.25396,10.19817,9.965,8.92971,10.07332,12.42205,1,2,883,1,5,2,2,3,2,1,-1.2965,140.308,0.27,458.1788,473.5716,408.9332,2,6,NA
3340108,446.27471,418.3094,1,3,14.916666666666666,8.91919,13.03951,13.46507,11.58758,11.70269,14.34298,1,1,116,2,6,1,1,3,3,3,1.9226,57,-0.47,430.1371,374.9977,362.2156,1,NA,2
3550316,593.24046,548.12125,2,1,14.666666666666666,10.92551,11.04872,9.965,8.20673,12.08627,10.15325,2,2,1000,NA,1,NA,2,NA,NA,1,NA,93.619,0.16,597.7644,572.41010000000006,561.022,2,3,NA
4960108,539.04792,556.35262,1,1,14.583333333333334,14.01827,10.19817,8.93041,7.88323,12.08627,10.74331,1,2,437,1,1,2,1,2,2,3,1.9226,119.25,0.86,535.6052,664.1266,690.8243,2,5,5
3900115,627.43336,636.81081,2,1,14.416666666666666,9.60097,13.03951,9.60333,7.88323,9.16491,9.6346,2,2,807,1,1,3,3,3,2,1,0.0872,102.5,-0.39,491.7511,514.8305,486.796,3,5,4
4780112,564.46115,601.04231,1,1,14.583333333333334,8.91919,13.03951,11.33851,7.57539,6.39359,8.27843,3,3,1408,2,2,3,2,2,2,2,0.0872,200.714,-0.92,450.701,449.6629,384.0358,1,5,NA
3970418,582.92969,487.61345,1,1,14.583333333333334,10.92551,11.04872,10.80246,9.81093,7.24499,7.42878,2,1,898,1,1,3,4,3,2,2,1.9226,131,-0.12,458.9578,421.0677,409.7725,1,4,4
3090116,455.76244,463.88387,2,1,14.583333333333334,9.60097,8.48873,9.965,8.55351,9.84519,9.6346,4,NA,194,3,5,1,3,3,3,2,-1.7689,96,-0.22,520.1823,468.3177,513.9314,1,6,4
3630505,510.47309,580.09704,1,1,14.666666666666666,12.51743,11.04872,9.26151,7.57539,9.39344,9.6346,1,1,1209,1,2,4,4,3,4,3,-0.4184,132.526,0.89,509.5887,622.1076,532.9541,1,5,2
3610104,442.49912,588.43709,2,1,14.583333333333334,10.92551,9.18945,10.80246,9.34439,8.17383,11.44903,1,1,151,1,5,2,2,1,1,2,0.2803,89.333,0.9,360.8117,319.1559,368.0903,1,3,NA
3940218,377.71436,399.77244,1,1,16.583333333333332,10.04151,13.03951,8.93041,11.9425,9.39344,10.74331,NA,1,524,3,1,2,3,2,2,2,-0.7452,271,-0.2,363.6158,452.9196,374.0582,1,5,NA
4750305,473.01253,449.93385,1,1,15.083333333333334,9.60097,9.62932,8.60159,8.20673,6.39359,8.70884,3,1,588,4,6,1,4,2,3,2,-1.5162,NA,-0.51,378.8051,379.843,420.9623,1,3,4
4530201,564.31277,567.38544,2,1,13.916666666666666,12.51743,10.19817,10.35777,11.01771,9.84519,9.6346,1,2,205,1,6,1,3,3,4,2,-0.5803,67,-0.33,433.3307,364.8667,471.8762,1,3,2
3980219,453.6861,503.32715,1,1,15.083333333333334,10.25396,10.19817,8.60159,7.57539,7.89169,8.70884,2,2,798,2,1,2,3,3,4,2,-1.0989,168.6,0.01,413.8573,441.7992,466.2812,1,3,3
3250124,488.01409,449.93571,1,1,14,12.51743,6.53455,8.26761,6.66537,8.17383,8.27843,1,1,348,4,1,1,4,3,3,3,-1.0989,173.5,0.48,501.0204,488.6635,519.1533,1,5,4
3420211,541.92361,488.55704,2,1,15,10.92551,7.11034,10.80246,13.70742,9.26841,10.15325,1,1,1076,3,4,2,2,1,3,1,-0.0892,177.833,0.43,486.2985,448.5096,507.031,1,3,2
3360119,497.35278,511.32677,2,1,14.833333333333334,8.91919,9.62932,9.965,9.81093,10.30668,9.15641,4,2,802,3,2,1,2,1,1,3,0.5021,207.25,-0.37,432.5518,350.6723,425.9045,1,3,4
4780122,535.63357,579.89605,1,1,15.166666666666666,10.92551,13.03951,9.965,8.55351,10.07332,11.44903,2,1,1408,2,2,3,2,2,2,2,0.0872,200.714,-0.17,448.5979,385.3238,382.0776,1,5,3
4010305,611.95604,666.85271,2,1,15.25,14.01827,9.62932,9.26151,7.88323,12.08627,7.42878,1,2,673,3,2,1,3,3,2,2,-1.0989,187.5,-0.21,337.9109,323.9675,347.9485,1,5,4
4070223,517.21888,512.17194,2,4,14.083333333333334,4.32303,5.81451,9.26151,13.70742,8.17383,8.27843,5,1,883,1,5,2,2,3,2,1,-1.2965,140.308,0.08,482.4038,380.9057,422.4543,2,6,NA
3980201,488.06069,482.96562,2,2,14.75,9.60097,13.03951,5.03748,9.34439,6.39359,7.42878,2,3,798,2,1,2,3,3,4,2,-1.0989,168.6,0.28,293.0441,272.6431,301.6971,1,3,4
3940210,522.46958,481.33844,1,1,15.25,10.25396,13.03951,11.33851,9.81093,10.07332,8.70884,2,1,524,3,1,2,3,2,2,2,-0.7452,271,-0.12,415.8825,436.9539,370.8877,1,5,NA
4020401,402.64769,483.18112,1,1,14.25,10.25396,10.19817,10.35777,10.35139,8.93142,9.6346,3,2,817,3,1,3,3,3,2,2,-0.5803,171,0.44,393.6049,465.0725,343.8456,1,5,4
4000414,439.91897,445.09748,1,1,14.916666666666666,10.92551,13.03951,9.26151,7.88323,8.17383,10.74331,1,1,681,2,5,1,3,3,1,1,1.9226,148.889,0.28,421.5688,469.6001,482.5998,1,6,NA
3970413,558.08228,658.82308,2,1,14.916666666666666,10.92551,13.03951,9.965,8.92971,9.16491,9.6346,2,2,898,1,1,3,4,3,2,2,1.9226,131,-0.32,486.2206,433.834,480.7348,1,4,2
4680219,480.21979,495.75775,1,1,14.5,8.19314,7.91394,9.965,9.34439,7.89169,12.42205,3,1,403,3,2,1,4,4,4,2,-1.2965,192.5,-0.66,431.0718,496.4478,391.3092,1,3,NA
3190315,389.05285,361.35504,1,1,14.333333333333334,8.91919,13.03951,11.33851,10.35139,8.93142,10.74331,4,NA,1079,3,2,1,3,3,3,1,-0.9812,148.857,-0.58,442.8338,415.031,388.605,1,3,2
4370112,613.79841,588.69448,2,1,14.75,12.51743,10.19817,10.80246,9.81093,10.54867,12.42205,2,1,110,1,3,1,3,2,1,3,-1.2965,NA,0.95,496.3468,428.1402,478.7766,1,4,NA
4780403,494.75375,529.19345,2,1,14.75,10.25396,8.19852,7.03246,7.2741,8.69047,9.6346,4,2,1408,2,2,3,2,2,2,2,0.0872,200.714,-1.13,411.4426,404.964,434.1104,1,5,4
3500310,670.26707,617.57903,2,1,14.833333333333334,10.25396,10.19817,10.35777,10.35139,11.07454,9.15641,1,2,1151,1,1,2,1,2,3,1,-0.9168,NA,0.01,544.7188,530.0674,567.3629,1,3,2
4530204,400.44073,454.42848,1,1,14.833333333333334,10.25396,5.81451,9.60333,13.70742,8.43911,11.44903,2,2,205,1,6,1,3,3,4,2,-0.5803,67,0.06,393.6049,361.0179,400.7273,1,3,4
4230118,466.92719,478.38065,2,3,15.416666666666666,9.60097,13.03951,9.26151,9.81093,8.17383,8.27843,3,2,907,2,1,3,2,3,4,2,1.9226,215.75,-0.32,452.1031,381.467,407.4413,1,5,4
4620216,554.04781,544.76487,1,1,14.666666666666666,10.92551,10.19817,8.21045,6.97345,8.17383,7.85736,1,2,592,2,1,1,3,1,1,1,1.1595,119.2,-0.16,516.7549,474.2071,478.0306,1,5,NA
4540128,477.86735,562.26614,2,1,14.5,10.04151,9.18945,8.60159,8.55351,8.17383,7.85736,NA,1,407,3,4,1,3,3,3,2,-1.0989,173.6,NA,468.2271,374.7307,429.6345,1,3,4
4780406,454.93696,586.28694,2,1,15.25,9.60097,10.19817,9.60333,9.81093,8.69047,8.27843,2,NA,1408,2,2,3,2,2,2,2,0.0872,200.714,0.45,516.7549,404.0017,492.0179,1,5,4
3290210,583.19081,526.37357,2,1,13.833333333333334,8.91919,11.04872,9.965,8.20673,8.69047,9.6346,2,1,469,4,3,3,3,3,2,2,-0.7452,186,-0.14,463.7872,460.9398,459.3808,1,4,4
4230122,406.48775,414.04991,2,2,15.25,9.60097,7.6477,8.93041,8.20673,9.61942,8.70884,2,1,907,2,1,3,2,3,4,2,1.9226,215.75,-0.17,399.2133,369.1171,323.3308,1,5,4
4180104,555.8446,499.40382,1,1,15.25,10.92551,11.04872,9.965,13.70742,9.61942,9.15641,1,1,1133,1,2,3,1,3,2,2,-0.7452,169.857,0.8,432.6297,474.1277,449.4032,1,4,4
5070217,448.55697,462.94737,1,1,14.333333333333334,11.64917,9.62932,9.60333,8.92971,7.89169,10.15325,1,1,436,NA,6,2,2,3,3,2,-0.4184,119.333,0.03,338.2225,358.3967,354.8489,1,6,4
3650212,407.40385,454.80208,1,1,14.5,10.04151,8.81989,5.03748,3.41233,9.16491,6.47491,NA,1,500,2,5,4,4,3,3,1,-3.2968,139.25,-0.96,305.0397,315.4245,288.922,1,5,NA
3730221,477.06622,476.03988,1,2,14.75,10.25396,10.19817,8.93041,8.20673,5.80254,8.70884,3,3,1043,2,3,1,2,2,3,2,-0.256,244.75,0.23,481.547,402.7986,450.8019,1,5,5
4580310,514.72834,567.05319,2,1,14.833333333333334,11.64917,8.81989,9.965,9.34439,9.61942,8.27843,1,2,603,1,1,4,4,4,3,1,-2.4968,81,0.15,473.2902,453.8025,489.4069,3,4,4
4130218,599.51563,586.33996,2,2,14.666666666666666,10.92551,13.03951,9.37427,11.01771,10.07332,8.0381,1,1,506,1,1,2,3,3,2,1,-0.5803,186,-0.71,454.2842,384.0332,411.6374,2,NA,1
4180120,524.31999,515.17764,2,1,15.083333333333334,12.51743,9.62932,9.965,8.55351,9.39344,9.15641,1,1,1133,1,2,3,1,3,2,2,-0.7452,169.857,0.87,498.0604,359.0126,487.6352,1,4,4
4220404,631.05967,610.04324,1,1,14.5,11.64917,13.03951,9.965,10.35139,8.69047,9.6346,1,1,1371,1,2,2,4,2,3,3,-1.0989,11.25,0.23,675.5803,681.6809,721.7829,3,8,2
4210331,480.45432,433.70973,1,2,15.333333333333334,7.37134,11.04872,9.49053,9.34439,7.24499,9.15641,4,1,971,1,4,1,2,2,2,3,0.2803,169.167,-0.25,547.0556,511.9368,534.0731,1,5,3
4230116,361.07724,323.30032,2,3,15.5,10.25396,8.81989,8.93041,7.57539,8.93142,6.97717,3,2,907,2,1,3,2,3,4,2,1.9226,215.75,0.01,363.9274,352.0356,388.605,1,5,4
3820502,452.84341,494.90035,2,1,15.083333333333334,11.64917,10.19817,9.60333,9.81093,7.24499,8.70884,1,1,1365,4,2,2,2,3,3,1,-0.9168,NA,0.35,461.4504,415.1487,459.6606,1,6,3
3410107,481.3902,395.68644,2,1,15.666666666666666,11.64917,7.91394,9.39706,8.92971,9.61942,10.74331,1,1,598,3,5,1,3,3,3,2,-0.0892,106.727,0.88,310.1807,283.7901,304.4013,1,3,4
3850110,450.61768,408.28358,1,1,14.666666666666666,8.74681,11.04872,8.26761,7.88323,6.51317,9.6346,NA,1,454,2,2,1,4,3,2,2,0.2803,177.2,0.27,349.36130000000003,365.7838,383.9426,NA,3,NA
4610109,650.18778,663.69153,1,1,14.166666666666666,12.51743,9.62932,9.60333,8.55351,15.81948,9.15641,1,2,765,1,2,2,1,2,1,1,-0.7452,253.667,0.37,631.4146,638.7087,653.5248,1,5,2
4020206,361.65223,340.61643,2,1,14.583333333333334,7.30445,13.03951,9.26151,8.92971,9.84519,8.27843,NA,2,817,3,1,3,3,3,2,2,-0.5803,171,0.96,364.94,365.1073,378.3476,1,5,4
4170111,385.26174,458.34952,1,2,14.75,10.25396,13.03951,8.26761,8.20673,8.43911,9.6346,1,2,484,1,5,3,3,2,2,2,-0.256,NA,0.57,336.7425,372.6943,378.0679,1,4,4
4180317,535.17669,493.75523,2,1,14.416666666666666,10.25396,8.48873,9.965,11.9425,10.07332,8.70884,2,2,1133,1,2,3,1,3,2,2,-0.7452,169.857,0.43,533.2684,478.6628,494.0694,1,4,4
4180323,469.88533,423.41015,2,1,14.333333333333334,13.71571,8.19852,7.91186,9.34439,6.85613,6.97717,NA,1,1133,1,2,3,1,3,2,2,-0.7452,169.857,0.74,472.1218,402.79880000000003,508.8959,1,4,4
3570205,527.77714,515.58659,2,1,15.333333333333334,9.60097,9.18945,7.91186,7.57539,8.69047,10.74331,2,2,522,2,1,2,4,3,3,2,-0.5803,146.5,-0.62,410.5858,406.8085,423.107,1,3,4
4260114,514.53829,548.02763,2,1,15.083333333333334,8.19314,10.19817,9.60333,8.55351,8.17383,8.70884,4,3,298,3,5,1,3,3,3,2,-0.5803,55.273,-0.25,375.923,236.4753,312.2342,1,3,1
4880115,492.18242,515.50334,2,1,14.25,9.60097,11.04872,8.26761,6.97345,8.43911,8.70884,2,3,520,1,3,2,3,1,1,2,-0.9168,131.25,0.94,366.3421,357.0879,438.0269,1,3,3
3410117,466.83143,465.50178,1,1,15.083333333333334,9.60097,8.81989,10.35777,9.34439,6.39359,8.70884,3,1,598,3,5,1,3,3,3,2,-0.0892,106.727,-0.53,419.1541,434.8887,438.0269,1,3,4
3230103,622.16893,615.42593,1,1,13.5,11.64917,7.38476,12.07123,8.20673,12.08627,10.15325,1,3,625,3,5,1,2,3,3,1,-0.4184,157.5,0.57,631.1809,554.5913,539.9478,1,3,2
4510110,396.70246,408.62237,2,1,15.333333333333334,10.92551,7.91394,12.07123,9.34439,8.43911,10.15325,3,2,664,1,1,2,2,1,1,3,-0.9168,266.667,-0.5,510.134,472.2472,479.9888,1,3,4
3480107,501.05932,399.52913,1,1,14.5,14.01827,10.84074,10.80246,8.92971,10.54867,9.15641,1,1,532,1,1,2,3,1,2,2,-0.4184,90,-0.16,473.8355,368.7227,391.6822,1,3,4
3160309,327.30054,400.54615,1,1,15,12.51743,8.48873,7.51389,8.20673,3.17837,8.27843,1,1,705,1,2,3,3,3,2,2,-0.5803,176.25,0.56,445.8716,408.0114,431.4062,1,3,4
4400122,593.2218,589.87354,2,1,14.916666666666666,12.51743,7.6477,9.965,9.81093,8.43911,9.15641,1,1,907,3,2,2,4,4,2,2,-0.256,155.5,0.44,392.4365,364.8667,341.4211,1,3,NA
5000219,487.7532,543.43338,1,1,14.083333333333334,11.64917,13.03951,7.91186,7.2741,10.4744,10.38543,1,2,597,1,1,1,1,4,3,1,1.9226,159.25,0.1,504.6035,550.6197,508.3364,1,4,2
3940203,371.96891,372.28048,2,1,14.583333333333334,8.91919,13.03951,7.91186,9.34439,8.17383,8.27843,3,3,524,3,1,2,3,2,2,2,-0.7452,271,-0.46,362.8369,315.1462,325.5688,1,5,4
4300123,548.01543,523.04851,2,1,15.333333333333334,9.60097,10.19817,8.60159,10.35139,8.69047,6.47491,2,3,613,3,4,1,4,4,2,1,1.9226,244,-0.55,417.9078,429.2629,463.204,1,4,3
5060211,419.69934,453.57927,1,1,15.25,11.17406,11.04872,8.93041,9.81093,8.43911,10.74331,NA,2,365,4,1,2,2,2,2,2,0.0872,135.333,-0.01,427.9561,351.0096,387.859,1,5,2
3760105,631.95209,580.45951,2,1,14.833333333333334,11.64917,11.04872,10.80246,11.01771,12.54869,10.74331,1,1,113,1,6,1,3,2,3,2,-0.256,36.333,0.91,635.9324,583.6374,567.5494,1,3,2
4160101,464.48023,592.31447,2,1,15.166666666666666,8.74681,13.03951,7.03246,7.2741,11.07454,9.6346,NA,3,98,4,6,NA,3,2,4,2,-1.9848,60.667,-0.43,434.7328,378.7404,411.9172,1,3,3
3600119,483.26106,533.63244,2,1,14.916666666666666,10.92551,13.03951,8.93041,4.82293,8.69047,10.15325,1,2,NA,1,1,3,2,3,3,1,0.2803,177,0.32,451.1684,413.7854,407.0683,1,3,NA
4000418,380.25183,396.99796,2,1,14.833333333333334,8.19314,8.19852,8.60159,8.92971,6.39359,6.97717,4,1,681,2,5,1,3,3,1,1,1.9226,148.889,-0.06,449.6884,466.7138,452.2939,1,6,4
4210321,497.05937,543.10485,2,1,14.666666666666666,10.92551,8.48873,8.26761,8.55351,6.85613,8.70884,2,1,971,1,4,1,2,2,2,3,0.2803,169.167,0.04,468.3829,371.2823,497.4263,1,5,NA
3080101,534.48193,545.18375,2,1,14.833333333333334,10.92551,13.03951,8.93041,11.01771,7.58514,11.44903,2,1,511,4,1,1,4,3,3,2,-0.256,133.25,0.09,390.7229,423.3285,440.9176,1,6,NA
4520118,568.55562,568.99527,2,1,14.666666666666666,14.01827,9.62932,8.93041,10.35139,8.43911,6.47491,1,2,1287,1,1,1,2,1,1,2,0.7756,145.778,2.1,545.7314,452.1986,473.5546,2,3,NA
3600104,583.96646,548.45437,2,1,15.166666666666666,12.51743,13.03951,11.33851,11.9425,10.80346,12.42205,1,1,NA,1,1,3,2,3,3,1,0.2803,177,0.16,602.2044,477.3796,492.1112,1,3,NA
4640113,515.27774,466.58384,2,3,14.416666666666666,8.19314,13.03951,8.60159,9.34439,9.61942,9.6346,3,2,92,3,6,3,2,3,3,2,-0.5803,70,-0.87,215.46190000000001,271.7609,333.6815,1,NA,4
4320311,471.10144,501.94459,1,1,14.583333333333334,11.17406,11.04872,11.33851,8.55351,8.93142,12.42205,NA,1,367,NA,2,1,2,1,3,2,1.1595,98.5,-0.07,415.4931,523.4543,448.191,3,4,NA
4750320,484.66667,451.69939,1,1,14,11.64917,10.19817,11.33851,11.9425,11.07454,10.15325,2,2,588,4,6,1,4,2,3,2,-1.5162,NA,-0.19,356.9949,394.9349,442.4095,1,3,NA
3470109,473.12471,429.16,2,1,14.666666666666666,10.25396,9.18945,9.26151,8.92971,8.93142,8.70884,2,2,305,4,1,1,3,2,3,2,0.0872,152.5,-0.2,336.7425,388.9251,358.4856,1,3,4
3510103,538.01807,533.4368,1,1,14.833333333333334,10.25396,8.48873,10.80246,8.55351,8.93142,9.6346,2,2,64,3,6,1,3,2,2,2,-0.4184,NA,-0.23,475.4713,428.9314,418.3514,1,3,4
4620218,588.15636,592.09396,1,1,14.833333333333334,9.60097,9.62932,8.26761,8.92971,8.69047,8.27843,2,3,592,2,1,1,3,1,1,1,1.1595,119.2,-0.64,629.5451,525.9167,623.3122,1,5,4
4970115,626.07066,611.58412,2,1,14.25,12.51743,9.18945,9.60333,13.70742,9.61942,10.74331,1,2,500,1,1,3,3,4,4,2,-1.5162,168,-2.62,366.0305,325.4912,366.2253,4,4,NA
3050112,626.30474,551.49661,1,1,14.333333333333334,10.92551,9.62932,10.35777,8.55351,9.16491,9.6346,1,2,445,4,5,1,1,3,2,3,-0.9168,166.667,-0.12,426.2424,363.9568,371.6337,1,3,3
3640307,466.38595,454.24201,1,1,15.083333333333334,9.60097,7.38476,9.26151,9.81093,8.69047,9.15641,1,1,758,2,2,3,2,3,2,3,1.9226,205.2,-0.4,372.5736,363.1625,334.8004,1,3,NA
3900116,577.73565,599.24884,1,2,14.916666666666666,11.64917,10.19817,10.35777,11.01771,10.30668,11.44903,1,2,807,1,1,3,3,3,2,1,0.0872,102.5,0.44,566.4512,572.781,567.3629,3,5,2
3290204,431.72209,462.79974,1,1,15.083333333333334,10.04151,7.11034,7.51389,6.33324,9.16491,6.47491,NA,3,469,4,3,3,3,3,2,2,-0.7452,186,-0.82,325.8374,307.5608,384.5953,1,4,4
4470216,401.27728,459.2654,1,2,15.166666666666666,10.04151,13.03951,9.965,11.01771,9.16491,12.42205,NA,1,527,1,1,2,4,2,3,2,0.0872,NA,-0.03,364.8621,422.5769,478.0306,1,3,4
4770105,662.50617,646.14967,2,1,13.916666666666666,8.19314,13.03951,8.60159,8.55351,8.69047,9.15641,3,2,638,2,5,1,4,2,3,3,-0.256,167.5,-0.04,501.9551,398.3881,507.8702,1,4,NA
3780219,500.65249,591.95888,2,1,15,12.51743,10.19817,9.26151,7.57539,9.16491,8.70884,1,2,1442,2,2,1,4,3,3,2,-0.9168,232.833,0.15,543.7841,531.9119,532.2081,1,5,2
3160302,432.94568,415.30327,2,1,14.833333333333334,9.60097,13.03951,8.93041,10.35139,7.58514,6.47491,3,3,705,1,2,3,3,3,2,2,-0.5803,176.25,-0.54,388.0745,363.2629,374.6177,1,3,3
3460103,496.08773,562.23712,2,1,14.583333333333334,11.64917,8.19852,9.26151,8.55351,9.16491,9.6346,1,1,665,2,4,1,3,4,3,1,0.5021,130.4,0.1,474.8481,448.1888,512.7191,1,4,4
3190305,574.3747,621.78092,2,1,15.083333333333334,10.25396,13.03951,8.93041,7.88323,8.69047,9.6346,2,3,1079,3,2,1,3,3,3,1,-0.9812,148.857,-0.64,514.2623,481.8705,494.6289,1,3,4
3100109,453.39492,517.96238,1,1,14.583333333333334,8.19314,13.03951,8.26761,7.2741,6.85613,6.47491,4,1,492,3,5,2,4,3,4,1,-0.9168,107.333,-2.12,414.5583,410.0268,450.1492,1,6,5
4180310,436.3273,452.64386,1,1,13.583333333333334,10.92551,10.19817,8.26761,7.88323,8.93142,7.85736,1,1,1133,1,2,3,1,3,2,2,-0.7452,169.857,0.13,510.2898,483.3417,503.301,1,4,NA
3310110,689.83898,653.90913,2,1,14.416666666666666,10.92551,10.19817,8.60159,8.92971,10.07332,8.27843,1,1,594,1,1,1,1,1,3,2,-0.0892,NA,0.56,764.3013,643.1417,691.6636,3,8,4
3600107,599.01361,564.1314,2,1,14.666666666666666,10.25396,9.18945,9.60333,8.92971,10.30668,9.6346,1,3,NA,1,1,3,2,3,3,1,0.2803,177,0.51,577.1226,521.9678,535.0056,1,3,2
3980224,565.4177,538.28768,2,1,14.333333333333334,10.92551,8.81989,7.91186,5.49149,6.85613,7.42878,1,1,798,2,1,2,3,3,4,2,-1.0989,168.6,0.49,514.2623,484.3566,534.0731,1,3,5
4480215,649.4519,621.58877,1,1,14,10.92551,9.18945,13.46507,13.70742,11.07454,10.74331,1,1,819,1,1,1,3,2,3,1,0.5021,146,0.72,612.1748,608.5249,599.3473,2,5,2
3980217,513.69693,478.07252,2,1,14.5,8.74681,11.04872,7.91186,11.01771,10.30668,8.70884,NA,3,798,2,1,2,3,3,4,2,-1.0989,168.6,-0.59,472.4334,405.2046,452.0142,1,3,4
3600108,601.88237,619.40785,2,1,15.25,10.25396,13.03951,12.07123,8.55351,11.70269,10.74331,1,2,NA,1,1,3,2,3,3,1,0.2803,177,0.38,455.2968,448.5096,513.5584,1,3,NA
3170103,493.72781,529.84201,2,1,15.083333333333334,11.64917,10.19817,8.26761,8.55351,9.39344,8.27843,1,2,32,4,6,1,1,2,1,1,-1.0989,32,0.54,422.5035,403.9215,501.6225,1,5,4
3770225,441.20681,509.36669,2,1,15.25,8.91919,13.03951,8.60159,8.92971,8.93142,8.27843,4,2,338,1,4,1,3,4,3,3,-2.0766,NA,-1.26,465.423,427.6591,483.7188,1,6,4
3780225,429.3825,457.23014,1,1,15.083333333333334,11.64917,7.91394,8.26761,10.35139,4.94405,7.42878,1,2,1442,2,2,1,4,3,3,2,-0.9168,232.833,-0.67,309.4018,355.14,376.2029,1,5,4
4820101,434.8294,420.61024,1,1,14.833333333333334,8.74681,9.62932,8.60159,8.92971,8.43911,7.85736,NA,2,173,2,6,1,4,4,1,1,0.0872,8.667,-0.22,411.5205,556.1799,429.3547,1,3,1
3050111,528.21056,579.22382,1,1,14.416666666666666,10.92551,10.19817,9.26151,11.01771,10.80346,9.6346,2,2,445,4,5,1,1,3,2,3,-0.9168,166.667,-0.1,425.3856,378.4927,382.0776,1,3,3
3530317,474.03109,487.37504,2,1,14.5,10.92551,13.03951,8.60159,8.20673,9.16491,8.27843,1,2,898,NA,1,4,4,3,3,1,-0.9168,NA,0.95,423.9056,418.5971,428.702,2,4,4
4380209,655.90675,648.38034,2,1,15.666666666666666,14.01827,13.03951,13.46507,11.9425,12.54869,12.42205,1,1,620,4,2,1,2,3,3,2,-0.4184,174.571,0.82,543.6283,514.7503,477.1913,1,3,NA
4280106,390.69578,462.84895,1,1,14.416666666666666,14.01827,8.81989,6.36452,8.92971,6.39359,8.27843,1,1,311,1,1,1,NA,2,2,3,0.7756,189,-0.12,363.9274,380.5579,308.1313,1,5,4
3510101,589.94845,569.39014,2,1,14.416666666666666,11.64917,7.6477,10.35777,8.92971,7.58514,9.15641,1,1,64,3,6,1,3,2,2,2,-0.4184,NA,-0.33,483.6501,437.7636,475.3264,1,3,4
4720106,582.00174,553.12914,1,1,14.416666666666666,12.51743,9.62932,10.35777,10.35139,13.14698,11.44903,1,2,846,1,4,1,3,3,3,3,-1.0989,173.8,0.18,467.6819,548.0779,475.2331,1,6,2
4060203,575.6107,468.36072,1,1,14.916666666666666,7.37134,7.11034,13.46507,10.35139,9.84519,10.15325,4,2,425,4,2,2,4,3,2,3,1.1595,131.333,-1.15,550.405,565.6322,511.7866,1,3,2
3020111,510.93946,460.3072,2,3,14.583333333333334,10.92551,9.62932,9.26151,11.01771,8.93142,12.16187,1,2,76,3,6,1,NA,3,3,3,-1.2965,37.5,-0.35,339.0014,386.5193,447.1652,1,3,4
3510105,519.88619,584.30176,2,1,14.75,9.60097,9.62932,8.93041,8.20673,9.16491,9.15641,2,2,64,3,6,1,3,2,2,2,-0.4184,NA,-1.06,463.6314,417.7149,407.9075,1,3,NA
4060208,613.64288,629.65844,1,1,15.25,11.64917,7.38476,13.46507,11.01771,9.61942,10.74331,3,2,425,4,2,2,4,3,2,3,1.1595,131.333,-0.33,355.3591,432.2675,334.5207,1,3,3
4120222,560.82176,525.99474,2,2,13.75,10.25396,13.03951,12.07123,10.35139,9.39344,10.15325,3,1,1653,4,4,NA,3,3,3,2,-0.8068,187,0.23,515.5865,348.7477,415.6471,1,3,4
3830101,514.74868,542.51772,2,1,16.083333333333332,11.17406,13.03951,6.36452,6.33324,9.39344,7.42878,NA,1,51,4,6,1,3,3,3,2,-0.0892,25,-2.1,464.7219,386.4391,439.0526,1,3,3
3800207,456.05083,452.11074,2,1,15.166666666666666,9.60097,13.03951,9.26151,13.70742,10.80346,9.6346,3,2,407,1,4,3,3,2,3,3,-2.4968,172.4,-0.37,403.108,403.6007,352.238,1,5,4
3700110,545.78221,533.30739,2,1,14.5,12.51743,11.04872,9.965,11.01771,10.80346,10.15325,1,1,899,3,1,1,4,2,3,2,-0.256,206,0.61,442.2885,480.3468,462.6445,1,5,3
3800217,677.90305,614.03956,2,1,14.916666666666666,12.21628,10.19817,11.33851,11.01771,11.37095,9.6346,NA,3,407,1,4,3,3,2,3,3,-2.4968,172.4,-0.3,573.3837,517.4769,529.4107,1,5,2
3290217,525.23621,572.73397,2,1,15.166666666666666,10.92551,9.18945,8.60159,8.55351,7.58514,6.47491,3,2,469,4,3,3,3,3,2,2,-0.7452,186,-0.12,385.0366,336.7987,411.6374,1,4,4
4480202,587.82082,612.10883,2,2,14.416666666666666,14.01827,9.18945,10.80246,9.34439,7.89169,10.74331,1,1,819,1,1,1,3,2,3,1,0.5021,146,0.5,469.6292,501.9192,490.2462,2,5,2
4730315,519.20897,507.93711,2,1,15,11.64917,10.19817,13.46507,13.70742,11.37095,14.34298,2,3,1159,2,1,3,3,2,1,1,-0.256,172.167,1.3,399.9143,363.1025,334.4275,NA,5,4
3490301,510.12001,511.00085,1,2,14.5,11.17406,13.03951,9.60333,8.92971,10.30668,12.42205,NA,2,820,3,1,1,2,3,3,2,-0.5803,116.143,-0.4,435.7454,470.1561,432.6184,1,3,4
3170101,376.35356,471.20427,2,1,14.416666666666666,10.25396,13.03951,12.07123,9.81093,8.93142,10.74331,2,1,32,4,6,1,1,2,1,1,-1.0989,32,-0.27,458.9578,429.0224,460.4066,1,5,4
4560309,574.9232,633.88957,2,1,16.5,10.92551,9.18945,8.93041,9.34439,8.17383,9.15641,2,1,706,1,2,2,4,4,4,2,-1.0989,231,-0.87,452.4926,359.1729,461.3391,1,4,NA
4670119,503.61589,483.49416,2,1,14.5,8.74681,11.04872,9.96948,7.88323,8.17383,9.15641,NA,2,991,2,3,1,3,2,3,1,-1.0989,166.5,-0.16,421.0235,366.7112,369.0228,1,3,4
3580224,491.45917,570.46827,1,1,14.916666666666666,9.60097,11.04872,8.93041,8.55351,7.58514,10.15325,2,2,594,1,1,1,1,2,3,3,0.0872,147.75,-0.48,508.9656,521.0714,480.828,1,4,4
4550209,573.30843,578.71983,1,1,15.166666666666666,10.92551,9.62932,13.46507,13.70742,14.02271,12.42205,2,2,786,3,3,1,3,3,3,1,-0.9168,154,-0.1,533.1905,480.9587,493.0436,1,4,2
3160128,517.9285,532.22392,1,1,14.916666666666666,12.51743,10.19817,7.91186,8.92971,6.39359,8.27843,1,2,705,1,2,3,3,3,2,2,-0.5803,176.25,0.62,409.2616,435.2065,420.4961,1,3,4
3630519,504.87256,469.9987,2,1,15.166666666666666,10.92551,13.03951,13.46507,11.9425,8.93142,11.44903,1,1,1209,1,2,4,4,3,4,3,-0.4184,132.526,0.12,473.9913,423.6493,459.4741,1,5,2
3860525,556.11734,604.92209,2,1,14.833333333333334,8.91919,11.04872,10.35777,9.81093,8.17383,8.70884,3,2,1340,3,2,1,4,2,3,2,-0.256,140.9,0.07,556.325,478.6628,476.9116,1,6,4
3320406,564.82104,521.84555,1,1,14.5,11.64917,9.18945,9.965,9.34439,10.30668,9.15641,1,2,1426,NA,1,1,3,1,1,2,0.2803,NA,0.5,599.1665,613.3702,663.5024,1,3,2
5060205,647.93534,616.57979,1,1,14.666666666666666,11.64917,13.03951,7.51389,6.97345,10.07332,9.6346,2,2,365,4,1,2,2,2,2,2,0.0872,135.333,0.17,550.9503,455.3025,558.038,1,5,2
3290218,384.09948,393.91065,2,1,15.166666666666666,11.64917,NA,NA,10.90063,NA,NA,1,NA,469,4,3,3,3,3,2,2,-0.7452,186,0.1,415.4931,336.5581,420.4961,1,4,4
3130110,397.77231,401.71452,2,1,14.5,8.91919,13.03951,10.35777,11.9425,7.89169,11.44903,3,1,202,3,6,1,2,3,3,2,-0.9168,NA,-0.53,348.5044,359.0126,429.821,1,3,1
4930110,594.01801,641.86999,1,1,15.166666666666666,11.64917,9.62932,7.03246,9.81093,7.58514,8.70884,1,1,806,1,1,2,2,2,1,1,0.2803,157.4,0.38,596.8297,555.3856,583.495,1,4,4
4140216,320.94201,389.87494,1,2,15,10.25396,9.62932,9.26151,9.81093,8.43911,9.39064,1,2,1968,1,1,1,1,2,2,2,0.0872,174.818,-1.28,378.6493,322.0967,381.1451,2,6,NA
4720108,628.91975,609.0296,1,1,14.833333333333334,12.51743,11.04872,12.07123,9.34439,14.02271,12.42205,1,2,846,1,4,1,3,3,3,3,-1.0989,173.8,0.05,428.5792,493.35,458.2618,1,6,2
4800116,344.72617,433.42593,2,1,14.75,8.91919,10.19817,10.35777,8.55351,8.43911,9.6346,3,3,441,1,5,3,3,3,2,3,-1.5162,144.667,-0.85,322.0206,302.9566,342.8198,1,3,NA
4970112,591.79865,593.65458,1,1,14.583333333333334,12.51743,8.48873,8.60159,8.92971,8.43911,9.15641,2,2,500,1,1,3,3,4,4,2,-1.5162,168,0.28,465.3451,510.6659,525.8672,4,4,4
4180124,594.56059,511.51673,2,3,15.166666666666666,11.64917,9.62932,12.07123,13.70742,13.14698,12.42205,1,1,1133,1,2,3,1,3,2,2,-0.7452,169.857,-0.5,583.3541,467.4355,536.8706,1,4,2
3960103,671.8272,605.55647,1,1,15.166666666666666,9.60097,10.19817,9.965,8.92971,10.54867,9.6346,2,2,521,2,1,1,1,2,3,3,0.5021,106.6,0.23,486.9995,486.2806,509.8284,1,4,NA
3230102,504.94664,507.08091,2,1,14.583333333333334,9.60097,7.91394,11.33851,13.70742,8.43911,9.6346,2,2,625,3,5,1,2,3,3,1,-0.4184,157.5,0.12,491.8289,420.8425,465.9082,1,3,NA
3630502,469.97707,476.41228,1,2,14.833333333333334,10.92551,13.03951,13.46507,13.70742,10.54867,14.34298,1,3,1209,1,2,4,4,3,4,3,-0.4184,132.526,0.8,406.8469,449.7423,385.5278,1,2,NA
3160303,471.32659,461.48746,2,1,14.5,7.30445,9.18945,5.03748,10.35139,3.17837,5.86845,NA,3,705,1,2,3,3,3,2,2,-0.5803,176.25,-0.29,361.6685,412.9835,417.2324,1,3,4
3240120,594.51455,641.72356,1,1,15.333333333333334,11.64917,13.03951,11.33851,10.35139,8.69047,10.74331,2,1,760,2,3,NA,4,4,3,NA,NA,NA,0.14,556.325,548.2368,539.4815,3,5,NA
3140209,533.20191,596.9959,2,1,14.75,9.60097,10.19817,11.33851,10.35139,10.07332,9.6346,4,2,640,2,4,1,2,2,2,2,-0.5803,168.75,0.26,527.66010000000006,428.7818,485.7702,3,5,4
3490308,446.65873,397.71886,1,1,14.5,10.92551,10.19817,9.60333,9.81093,6.85613,10.15325,3,1,820,3,1,1,2,3,3,2,-0.5803,116.143,-0.51,434.8107,499.7044,472.2492,1,3,3
3660107,540.53912,566.43093,2,1,14.583333333333334,10.92551,13.03951,10.35777,9.81093,10.30668,12.42205,1,1,108,4,6,1,3,3,2,NA,-0.5803,58,-0.39,435.5897,462.7041,459.2876,1,5,4
4450120,587.04785,612.75925,2,1,15.333333333333334,12.51743,13.03951,9.60333,9.34439,10.07332,10.15325,1,1,226,2,4,1,3,3,1,2,1.9226,207.333,0.93,499.2289,515.5522,536.8706,1,3,2
3200206,517.37688,574.78647,2,1,14.333333333333334,12.51743,10.19817,11.33851,10.35139,11.70269,12.42205,1,2,581,2,2,1,3,1,2,2,-0.4184,186,-0.27,490.1932,457.8924,440.5446,1,3,4
4930105,553.02165,570.94269,2,1,14.833333333333334,11.17406,10.19817,7.51389,7.57539,7.58514,7.85736,NA,2,806,1,1,2,2,2,1,1,0.2803,157.4,0.35,478.5091,416.1912,505.4457,1,4,4
3290212,596.2538,507.50459,1,1,14.916666666666666,10.04151,7.38476,8.60159,8.55351,8.93142,8.70884,NA,2,469,4,3,3,3,3,2,2,-0.7452,186,-0.19,486.9995,499.7044,486.2365,1,4,4
4610125,531.38144,496.84363,1,1,15.5,10.25396,13.03951,10.80246,8.55351,7.89169,9.15641,2,2,765,1,2,2,1,2,1,1,-0.7452,253.667,-1.43,387.2955,374.2829,423.107,1,5,NA
3370118,573.99324,617.02922,2,1,14.75,12.51743,8.48873,7.91186,13.70742,11.07454,14.34298,1,2,377,1,5,1,3,1,1,3,0.7756,90.5,0.19,507.5635,532.3931,524.8415,1,5,4
3260209,549.64093,539.87995,1,1,14.583333333333334,8.91919,9.62932,9.965,8.92971,10.80346,11.44903,3,2,687,2,1,2,2,2,3,1,-0.4184,329.5,-0.04,551.7292,538.7051,544.6102,1,3,4
3400119,642.29448,634.46142,1,1,14.25,10.92551,5.3222,9.26151,10.35139,9.61942,9.15641,1,1,1280,NA,1,1,2,3,3,3,1.9226,153.647,0.43,564.9712,494.462,563.9127,3,4,4
4610207,547.90247,590.55669,2,1,14.5,10.92551,8.81989,10.35777,8.55351,11.37095,11.44903,2,2,765,1,2,2,1,2,1,1,-0.7452,253.667,-0.03,552.4303,496.3056,571.0929,1,4,4
5090106,570.95644,564.0416,1,2,15.083333333333334,10.92551,9.18945,8.26761,7.2741,6.85613,8.27843,1,2,310,1,4,1,1,1,2,1,-0.9168,NA,0.25,502.6562,472.2213,452.0142,2,3,NA
3250123,543.97995,558.47026,2,2,16.083333333333332,10.25396,13.03951,13.46507,10.35139,10.54867,10.74331,2,1,348,4,1,1,4,3,3,3,-1.0989,173.5,NA,503.8246,416.9932,442.1298,1,5,4
4000407,377.49805,341.41338,1,1,14.75,10.25396,11.04872,7.91186,8.20673,8.17383,9.15641,2,1,681,2,5,1,3,3,1,1,1.9226,148.889,-0.85,396.9544,369.4376,361.6561,1,6,4
4460324,437.83603,401.4161,1,1,14.916666666666666,11.64917,11.04872,8.93041,9.81093,6.85613,8.70884,1,1,881,1,2,1,2,3,3,2,0.5021,174,-0.38,438.8612,401.9249,447.2585,1,4,3
4740225,413.85199,422.80283,2,1,15.333333333333334,10.25396,NA,NA,9.5204,NA,NA,3,1,366,4,1,1,2,3,2,2,-0.4184,120.667,0.9,293.9009,292.1303,375.5502,1,5,4
4220417,605.84656,643.89313,2,1,15.25,11.64917,11.04872,10.80246,8.20673,8.69047,9.6346,2,2,1371,1,2,2,4,2,3,3,-1.0989,11.25,0.52,570.4237,635.1222,619.2093,3,8,2
4700127,642.14576,625.26474,2,2,14.833333333333334,12.51743,13.03951,10.80246,9.81093,11.37095,11.44903,1,2,1590,1,1,1,4,4,3,3,-0.9168,218,0.58,571.3585,527.1002,508.8959,1,3,NA
4460319,557.70909,538.28124,2,2,15.083333333333334,14.01827,7.38476,11.33851,7.57539,12.54869,12.42205,1,2,881,1,2,1,2,3,3,2,0.5021,174,0.44,519.8707,487.3238,561.3018,1,4,3
4850414,598.20153,551.69301,1,1,15.083333333333334,11.64917,13.03951,10.80246,8.55351,11.07454,8.70884,1,3,1145,2,2,1,2,2,2,1,1.9226,228.2,0.67,478.3533,511.1425,500.5035,1,3,4
3200204,531.59206,574.0408,2,1,14.583333333333334,11.64917,8.90975,10.80246,9.81093,10.54867,9.6346,1,3,581,2,2,1,3,1,2,2,-0.4184,186,0.99,475.7828,493.178,528.8512,1,3,4
3120307,476.38789,488.05633,1,1,14.583333333333334,9.60097,11.04872,9.60333,8.55351,8.43911,8.27843,3,1,696,2,2,NA,2,1,2,2,NA,113.077,-0.67,374.1315,410.0268,411.2645,1,5,NA
3470124,391.66675,357.77225,2,2,14.5,11.64917,NA,NA,NA,NA,NA,1,NA,305,4,1,1,3,2,3,2,0.0872,152.5,-0.22,362.5253,297.2628,319.7874,1,3,4
4630211,525.9617,485.15637,1,1,14.833333333333334,8.19314,8.19852,10.35777,10.35139,8.17383,9.15641,4,NA,311,3,5,1,1,3,2,2,-1.2965,94,-0.55,504.9151,526.7904,461.3391,1,3,4
3630506,436.38395,410.39183,1,1,15.083333333333334,10.25396,7.91394,8.93041,6.97345,6.39359,8.27843,4,1,1209,1,2,4,4,3,4,3,-0.4184,132.526,1.49,362.9148,362.2888,359.6979,1,2,NA
3700112,527.83658,510.21208,1,2,15.5,10.25396,7.91394,8.60159,7.88323,9.16491,8.27843,2,2,899,3,1,1,4,2,3,2,-0.256,206,0.62,472.2776,481.5147,548.7132,1,5,NA
4450104,490.32765,482.28029,1,2,15.333333333333334,10.92551,9.62932,13.46507,13.70742,10.30668,14.34298,1,2,226,2,4,1,3,3,1,2,1.9226,207.333,0.38,455.3747,488.5841,522.044,1,3,4
3250122,515.73149,422.60883,2,1,14.583333333333334,8.19314,9.18945,7.91186,6.97345,7.58514,7.42878,4,2,348,4,1,1,4,3,3,3,-1.0989,173.5,-0.47,462.9304,405.2046,461.3391,1,5,3
3160126,533.27778,519.63899,2,1,14.583333333333334,8.91919,7.91394,9.26151,8.20673,8.43911,7.42878,4,2,705,1,2,3,3,3,2,2,-0.5803,176.25,-0.26,406.769,384.1134,430.567,1,3,4
4670103,505.80844,554.72577,2,1,14.75,8.74681,9.19169,13.46507,11.9425,10.07332,10.15325,NA,2,991,2,3,1,3,2,3,1,-1.0989,166.5,0.31,408.3268,333.5909,367.9038,1,3,4
4450110,548.98427,586.78972,2,1,14.666666666666666,10.25396,9.62932,9.965,11.01771,9.39344,10.15325,2,1,226,2,4,1,3,3,1,2,1.9226,207.333,-0.08,500.3194,465.1099,527.8254,1,3,2
3700116,531.02155,584.67623,2,1,15.166666666666666,14.01827,11.04872,9.965,9.81093,9.84519,9.6346,1,2,899,3,1,1,4,2,3,2,-0.256,206,-1.18,469.6292,424.1305,453.8791,1,5,4
4250301,408.02297,480.51356,2,4,14.75,9.60097,10.19817,9.26151,7.57539,8.69047,9.6346,2,1,647,3,5,1,2,3,3,2,-1.5162,184,-0.72,427.7224,339.4451,405.3898,1,3,3
4680206,501.10691,465.90407,1,1,14.833333333333334,9.60097,10.19817,12.07123,9.34439,10.80346,12.42205,2,1,403,3,2,1,4,4,4,2,-1.2965,192.5,-0.53,435.7454,479.7673,503.2078,1,3,4
3760102,582.7784,661.42223,2,1,15,10.25396,8.19852,9.26151,11.01771,8.69047,10.15325,2,1,113,1,6,1,3,2,3,2,-0.256,36.333,0.08,515.5865,543.6203,545.263,1,3,2
4060216,536.96543,508.92708,1,3,15.083333333333334,7.30445,13.03951,11.33851,13.70742,9.84519,12.42205,NA,NA,425,4,2,2,4,3,2,3,1.1595,131.333,-0.11,307.2208,378.0956,287.8031,1,3,NA
5010114,534.53288,568.2903,1,1,15.166666666666666,10.92551,7.91394,10.80246,8.20673,10.80346,9.15641,2,2,429,1,1,1,1,2,2,2,-0.4184,NA,-0.09,466.124,505.9001,483.9053,1,4,4
3440211,431.33638,468.50464,2,1,15.833333333333334,8.19314,13.03951,10.80246,11.01771,9.16491,10.74331,4,2,649,2,1,3,4,4,3,2,-0.9168,153.111,1.12,379.5062,325.4912,367.8105,1,3,NA
3650207,528.74319,503.56599,2,1,15.333333333333334,7.30445,9.62932,9.26151,8.20673,7.24499,8.27843,NA,3,500,2,5,4,4,3,3,1,-3.2968,139.25,-0.04,444.4695,425.7344,432.5252,1,5,4
3400114,576.73775,609.08437,2,1,14.5,11.64917,9.62932,9.26151,8.55351,9.84519,9.6346,1,2,1280,NA,1,1,2,3,3,3,1.9226,153.647,0.8,515.275,454.9252,510.7609,3,4,4
3280103,475.97894,539.72599,1,1,14.916666666666666,8.91919,9.19169,6.36452,10.35139,9.17829,7.85736,2,2,77,2,6,2,4,2,3,2,-1.0989,74,-1.23,445.8716,451.1721,498.5453,1,5,3
3940226,560.99998,524.42593,1,1,14.583333333333334,8.19314,9.62932,13.46507,13.70742,11.70269,12.42205,4,2,524,3,1,2,3,2,2,2,-0.7452,271,-2.18,517.5339,569.5243,529.3174,1,5,4
4430213,448.78793,441.73369,2,2,14.416666666666666,8.91919,9.62932,9.26151,8.55351,7.89169,10.74331,3,2,251,4,6,3,3,4,2,2,-0.7452,125.5,-0.21,392.047,397.9871,317.7359,1,3,4
4860214,609.72774,608.53019,1,1,14.833333333333334,14.01827,11.04872,9.965,7.57539,9.84519,9.15641,1,2,782,1,1,1,1,2,1,1,1.1595,239,0.56,579.771,543.7092,502.3685,2,3,4
4690325,499.20264,509.79713,2,2,15,9.60097,11.04872,8.26761,8.92971,9.39344,8.70884,2,2,903,1,1,2,3,2,3,1,-0.5803,176.4,-0.66,524.3885,483.5546,463.95,1,4,4
4830409,410.93128,406.03807,1,1,14.5,12.51743,9.19169,9.60333,9.81093,8.69047,9.6346,1,1,960,2,3,1,3,3,3,2,0.5021,189.2,1.24,374.2873,395.1732,426.837,1,3,NA
3700117,583.53238,599.60291,2,1,14.833333333333334,11.64917,10.19817,8.60159,8.55351,8.77517,8.70884,1,1,899,3,1,1,4,2,3,2,-0.256,206,0.09,464.644,379.5423,422.1746,1,5,3
4470204,439.34164,373.38077,2,3,14.583333333333334,10.92551,10.19817,8.93041,9.81093,7.58514,7.85736,1,2,527,1,1,2,4,2,3,2,0.0872,NA,0.03,321.0858,311.0562,353.8232,1,3,4
4700120,558.44597,551.14877,2,1,14.75,12.51743,10.19817,10.80246,11.01771,7.89169,10.15325,1,1,1590,1,1,1,4,4,3,3,-0.9168,218,-0.04,468.7724,502.8013,464.5095,1,3,2
4140203,460.33894,495.76353,2,3,14,8.19314,13.03951,11.33851,11.01771,9.61942,10.15325,4,1,1968,1,1,1,1,2,2,2,0.0872,174.818,-1.56,438.7054,394.5387,398.6759,2,6,NA
4570208,456.30703,504.92596,2,1,15.75,8.91919,13.03951,9.60333,9.81093,8.93142,10.15325,4,2,843,4,1,1,1,1,1,3,0.5021,156,-0.49,445.7158,380.1037,399.7949,1,2,NA
3130106,582.07102,567.71899,2,1,14.416666666666666,8.74681,9.62932,10.35777,10.35139,12.08627,9.6346,NA,1,202,3,6,1,2,3,3,2,-0.9168,NA,-0.31,441.5096,414.5873,490.6192,1,3,4
3770210,451.69311,478.82059,2,1,14.583333333333334,13.71571,9.18945,11.33851,10.35139,8.17867,10.63638,NA,2,338,1,4,1,3,4,3,3,-2.0766,NA,0.59,359.2538,311.9384,383.7561,1,6,3
4270318,608.14917,665.33279,2,2,14.583333333333334,12.51743,13.03951,11.33851,13.70742,11.70269,10.74331,1,1,618,1,4,3,2,2,1,1,-0.9168,170,0.62,534.5926,388.9251,510.4812,2,5,2
3780214,412.38035,461.06148,2,1,14.833333333333334,11.64917,13.03951,11.33851,10.35139,10.30668,11.44903,1,2,1442,2,2,1,4,3,3,2,-0.9168,232.833,0.09,457.4778,279.2992,398.8624,1,5,4
4740211,492.21304,450.58067,1,1,15.166666666666666,10.25396,10.19817,13.46507,10.35139,11.70269,11.44903,3,2,366,4,1,1,2,3,2,2,-0.4184,120.667,0.51,302.4692,372.1382,391.4025,1,5,3
4410215,511.73489,547.96926,1,1,14.916666666666666,10.25396,11.04872,10.80246,5.96004,9.84519,7.42878,2,2,869,1,2,3,4,3,2,1,-0.5803,134.462,0.47,457.6336,546.8865,505.166,2,4,4
3400304,604.16542,559.18647,2,1,14.25,11.64917,10.19817,10.35777,11.9425,10.54867,10.15325,2,3,1280,NA,1,1,2,3,3,3,1.9226,153.647,0.27,529.1401,552.7625,559.2503,3,5,4
4550222,484.06756,417.98163,1,1,14.666666666666666,8.91919,10.00191,10.80246,11.01771,10.07332,10.15325,3,2,786,3,3,1,3,3,3,1,-0.9168,154,-0.81,406.5353,369.4376,366.2253,1,4,3
4680203,437.22742,491.97758,1,2,14.666666666666666,11.64917,13.03951,10.80246,11.01771,9.39344,12.42205,1,1,403,3,2,1,4,4,4,2,-1.2965,192.5,0.27,423.9056,437.8277,451.8277,1,3,4
3050119,534.80697,520.09519,1,1,14.75,9.60097,9.18945,9.965,11.01771,9.84519,9.15641,3,2,445,4,5,1,1,3,2,3,-0.9168,166.667,-0.62,416.1941,406.2936,356.9004,1,3,3
3730428,539.78961,588.8672,1,1,15.083333333333334,11.64917,9.62932,9.60333,8.20673,9.61942,9.6346,2,1,1043,2,3,1,2,2,3,2,-0.256,244.75,0.32,528.439,474.922,517.4748,1,3,4
3190310,475.95961,465.49239,1,1,14.583333333333334,11.64917,8.81989,10.80246,10.35139,7.58514,11.44903,1,1,1079,3,2,1,3,3,3,1,-0.9812,148.857,0.12,399.0575,369.517,348.2283,1,3,3
4070204,550.14876,498.33333,1,3,13.416666666666666,12.51743,13.03951,10.04285,7.57539,10.04708,10.15325,1,2,883,1,5,2,2,3,2,1,-1.2965,140.308,-0.45,439.6401,387.5478,427.956,2,5,4
3270116,635.14689,644.99898,2,1,14.416666666666666,10.92551,8.19852,9.965,8.92971,10.30668,10.74331,2,1,364,4,5,1,3,1,1,1,0.2803,109.333,-0.26,416.973,364.0648,344.1253,1,4,4
3250129,461.37828,506.03409,1,1,14.666666666666666,11.64917,8.81989,9.60333,7.88323,7.89169,8.27843,2,2,348,4,1,1,4,3,3,3,-1.0989,173.5,-0.2,391.7355,318.6017,304.6811,1,5,2
5100112,580.63636,619.05193,1,1,15.333333333333334,10.92551,10.19817,9.965,8.20673,10.07332,10.15325,1,1,364,1,2,1,2,3,3,3,0.5021,85,0.51,492.1405,525.9961,529.7837,2,4,NA
3430302,560.58791,519.32028,2,1,15.833333333333334,9.60097,9.62932,9.60333,11.01771,15.81948,10.74331,2,3,1049,1,2,2,3,2,3,1,-0.9168,282.5,-0.44,456.6989,333.0295,394.1999,1,5,1
5090117,615.36391,539.59233,1,1,14.75,9.60097,9.62932,9.965,9.81093,10.30668,9.6346,2,2,310,1,4,1,1,1,2,1,-0.9168,NA,0.04,549.3924,522.8189,519.433,2,3,2
3370113,579.74517,619.80283,2,1,15.166666666666666,10.25396,13.03951,8.93041,8.55351,9.39344,8.70884,3,2,377,1,5,1,3,1,1,3,0.7756,90.5,0.16,532.7232,572.4903,498.6386,1,5,4
3840223,389.26146,415.62919,1,1,14.916666666666666,11.64917,7.6477,8.60159,7.88323,7.58514,8.70884,2,2,631,1,5,1,3,4,1,2,-0.5803,160.5,0.04,408.5605,449.9806,381.1451,1,3,4
4020404,448.75765,407.58723,2,1,13.75,10.92551,7.6477,8.26761,8.55351,8.69047,7.85736,1,2,817,3,1,3,3,3,2,2,-0.5803,171,-0.29,407.6258,401.7562,393.9202,1,5,3
3330105,463.96614,441.42795,2,3,14.5,8.91919,9.62932,12.07123,9.81093,10.30668,12.42205,2,1,219,4,6,1,1,2,2,3,0.0872,51.5,-0.59,422.4256,337.6006,365.5725,1,NA,4
3600110,520.60441,538.06629,2,1,15.166666666666666,10.92551,10.19817,12.07123,9.34439,10.07332,14.34298,1,3,NA,1,1,3,2,3,3,1,0.2803,177,0.99,499.5404,454.6846,437.3741,1,3,NA
4780419,417.93261,390.5559,2,1,15.083333333333334,11.64917,9.62932,9.26151,9.34439,9.61942,9.15641,2,2,1408,2,2,3,2,2,2,2,0.0872,200.714,0.44,491.05,339.0441,499.4778,1,5,4
4460316,452.70475,561.98561,2,1,14.416666666666666,10.25396,9.62932,8.26761,10.35139,3.17837,8.70884,2,2,881,1,2,1,2,3,3,2,0.5021,174,-0.36,454.7515,469.1196,498.0791,1,4,4
4200108,488.95802,606.44955,2,2,14.833333333333334,9.60097,10.19817,13.46507,11.9425,11.70269,12.42205,2,1,71,3,6,1,2,1,3,3,1.1595,23,-0.23,372.0284,370.4002,366.3185,1,NA,4
4780115,651.57227,587.70571,1,1,15,11.64917,11.04872,7.91186,8.92971,8.43911,10.15325,2,1,1408,2,2,3,2,2,2,2,0.0872,200.714,0.47,501.0204,460.0684,484.6512,1,5,4
4050313,584.14211,608.81508,1,1,14.5,10.04151,11.04872,9.60333,7.88323,10.07332,10.15325,NA,1,1092,1,2,1,3,1,1,3,-0.256,178.5,-0.36,542.5378,633.4663,581.63,1,3,1
4440121,425.50077,459.93785,1,1,15.333333333333334,9.60097,11.04872,9.26151,9.34439,8.17383,9.15641,3,2,NA,1,4,3,2,3,3,3,-0.9168,128.462,-0.37,416.1162,422.7358,416.3931,1,3,NA
4330210,424.96333,389.54106,2,1,14.666666666666666,9.60097,8.19852,7.91186,7.88323,6.85613,7.42878,3,2,556,2,5,1,3,2,1,2,-0.4184,140,0.56,427.5666,372.806,386.74,1,3,4
3940214,343.68626,382.94548,2,1,16.083333333333332,14.01827,10.19817,10.80246,9.34439,9.39344,14.34298,1,2,524,3,1,2,3,2,2,2,-0.7452,271,0.72,398.9796,250.9104,341.7009,1,5,4
3630322,490.4948,477.50688,1,2,15.25,14.01827,8.19852,13.46507,11.9425,11.07454,14.34298,1,1,1209,1,2,4,4,3,4,3,-0.4184,132.526,-0.14,396.6428,433.0618,435.9754,1,5,NA
4630216,596.09748,577.20951,2,2,14.916666666666666,8.91919,13.03951,8.60159,9.81093,9.16491,9.6346,3,2,311,3,5,1,1,3,2,2,-1.2965,94,-0.58,462.6188,420.9227,411.9172,1,3,4
4690308,418.72603,375.37031,2,2,14.75,8.91919,8.48873,9.60333,9.81093,7.89169,10.15325,3,1,903,1,1,2,3,2,3,1,-0.5803,176.4,-0.07,388.0745,275.8508,396.0649,1,4,NA
3080123,557.68418,522.66138,2,1,15.083333333333334,12.21628,10.19817,10.35777,10.35139,11.07454,9.6346,NA,2,511,4,1,1,4,3,3,2,-0.256,133.25,-0.02,528.0495,490.6919,496.7736,1,6,3
4440115,429.54731,410.03231,2,1,14.25,10.25396,8.52716,10.80246,11.9425,11.70269,11.44903,2,3,NA,1,4,3,2,3,3,3,-0.9168,128.462,0.58,413.8573,408.4124,434.2969,1,3,4
3610108,545.026,457.53587,1,2,14.5,10.25396,8.19852,13.46507,11.01771,12.54869,10.74331,2,1,151,1,5,2,2,1,1,2,0.2803,89.333,0.03,453.5052,397.3179,412.6632,1,3,2
3770220,415.82476,479.50973,2,1,15.5,9.60097,10.19817,9.965,9.81093,8.93142,10.74331,4,2,338,1,4,1,3,4,3,3,-2.0766,NA,-0.28,342.974,331.1851,383.6628,1,6,3
4280110,494.42536,479.59582,2,1,14.666666666666666,11.64917,11.04872,10.35777,11.9425,9.61942,3.26515,1,2,311,1,1,1,NA,2,2,3,0.7756,189,-0.41,489.0248,449.8729,453.3197,1,5,4
3940215,421.0959,365.76969,2,1,15.25,7.37134,9.62932,10.80246,13.70742,9.61942,10.74331,4,3,524,3,1,2,3,2,2,2,-0.7452,271,-1.2,388.386,373.608,387.7658,1,5,4
3090105,603.40608,550.68875,1,1,14.416666666666666,9.60097,13.03951,12.07123,9.81093,9.16491,8.70884,2,2,194,3,5,1,3,3,3,2,-1.7689,96,-0.53,501.1762,481.2764,442.8758,1,6,4
4310208,679.33547,629.91234,1,1,14.75,11.64917,11.04872,10.35777,8.20673,12.54869,9.6346,1,2,1109,2,2,1,1,1,2,1,0.2803,159.714,0.89,680.4876,696.6934,663.7822,2,4,NA
4110104,529.88823,542.00958,1,3,15.083333333333334,7.37134,11.04872,11.33851,13.70742,8.69047,12.42205,5,2,60,4,6,2,3,2,3,2,-1.2965,30.5,-1.7,578.2131,546.6482,562.7005,NA,NA,NA
3190112,506.93136,455.99729,1,1,15,8.91919,13.03951,12.07123,11.9425,9.61942,11.44903,4,NA,1079,3,2,1,3,3,3,1,-0.9812,148.857,0.06,448.0527,499.7044,485.304,1,3,4
3630514,503.95332,580.19055,2,1,15.416666666666666,11.64917,13.03951,12.07123,6.97345,12.54869,10.74331,1,2,1209,1,2,4,4,3,4,3,-0.4184,132.526,2.08,383.4787,340.0065,382.7303,1,5,2
3890120,566.57961,553.10219,1,1,15.333333333333334,10.25396,8.19852,11.33851,10.35139,8.69047,9.6346,2,2,NA,NA,2,1,3,3,3,2,-0.0892,259,-0.03,569.2553,511.6985,537.2436,1,3,4
3130101,478.23708,382.33926,2,1,14.416666666666666,8.74681,9.18945,8.93041,9.81093,8.93142,10.39525,NA,2,202,3,6,1,2,3,3,2,-0.9168,NA,-1.99,285.4105,252.434,326.0351,1,3,NA
4290104,576.12925,548.04476,1,1,14.583333333333334,12.21628,9.18945,9.965,6.97345,10.07332,6.47491,NA,2,285,4,6,1,4,2,3,3,0.0872,88,0.59,466.8251,470.3944,448.564,1,3,4
4550217,457.70169,433.73014,1,1,15.333333333333334,9.60097,8.48873,9.60333,7.88323,8.69047,8.70884,2,2,786,3,3,1,3,3,3,1,-0.9168,154,0.05,427.8003,361.5739,408.1872,1,4,4
3640310,476.16923,565.002,1,1,14.333333333333334,10.25396,9.36357,9.26151,11.01771,6.85613,8.70884,3,1,758,2,2,3,2,3,2,3,1.9226,205.2,0.57,526.258,532.2712,502.4618,1,3,3
3880223,597.43158,535.80168,2,1,15.5,9.60097,11.04872,8.60159,7.2741,9.39344,8.27843,3,2,836,1,3,2,2,3,3,2,-0.4184,172.4,-1,550.2493,493.7393,514.6774,2,5,4
3630302,476.84723,507.75304,2,1,14.666666666666666,11.64917,8.48873,11.33851,13.70742,10.80346,11.44903,1,1,1209,1,2,4,4,3,4,3,-0.4184,132.526,0.37,423.4382,393.6566,433.4577,1,5,3
4280107,434.24,509.09271,2,1,15.166666666666666,11.17406,11.04872,6.36452,6.66537,8.17383,6.47491,NA,1,311,1,1,1,NA,2,2,3,0.7756,189,0.59,520.0265,456.2083,491.2719,1,5,NA
3780218,429.04507,440.80591,1,1,14.416666666666666,10.25396,10.19817,7.03246,8.92971,8.69047,7.85736,3,1,1442,2,2,1,4,3,3,2,-0.9168,232.833,0.1,402.2511,436.7951,401.8463,1,5,4
4620217,628.09315,553.19777,1,1,14.166666666666666,10.92551,8.81989,8.60159,8.55351,7.89169,10.74331,1,1,592,2,1,1,3,1,1,1,1.1595,119.2,0.88,628.0651,572.0661,597.762,1,5,4
3820521,506.68275,583.9262,2,2,14.333333333333334,12.51743,9.62932,10.35777,8.55351,9.16491,9.6346,1,2,1365,4,2,2,2,3,3,1,-0.9168,NA,-0.16,524.6222,550.3567,576.03510000000006,1,6,NA
4080315,558.77514,509.3106,2,3,13.666666666666666,8.91919,7.91394,9.60333,8.92971,10.07332,9.15641,3,1,503,3,5,1,3,2,4,3,-1.2965,NA,-1.97,406.769,453.0807,402.4058,1,3,2
4170118,411.23709,496.70538,2,1,14.25,10.92551,11.04872,9.965,8.20673,7.24499,8.54844,2,2,484,1,5,3,3,2,2,2,-0.256,NA,-0.05,411.5205,422.6068,398.2096,1,4,4
4690326,573.53011,558.48499,1,2,14.916666666666666,10.92551,10.19817,9.26151,9.34439,8.17383,8.27843,1,1,903,1,1,2,3,2,3,1,-0.5803,176.4,-0.49,557.6492,509.2362,511.6934,1,4,NA
4930104,644.97832,636.09679,1,2,14.666666666666666,11.64917,8.48873,8.60159,8.92971,10.80346,9.6346,1,2,806,1,1,2,2,2,1,1,0.2803,157.4,0.76,655.4058,647.3667,662.6632,1,4,2
4490113,486.00781,507.22166,2,1,16.583333333333332,8.74681,6.83195,11.33851,8.20673,12.08627,9.15641,NA,2,232,4,6,1,4,4,3,2,-0.256,66,-0.9,364.7063,408.9737,357.6464,1,NA,4
3820511,466.7235,408.07354,1,1,15.083333333333334,11.64917,11.04872,9.60333,5.49149,6.39359,11.44903,1,1,1365,4,2,2,2,3,3,1,-0.9168,NA,0.18,415.3373,455.2231,433.0847,1,6,4
4610211,499.38879,477.19122,2,1,14.833333333333334,14.01827,7.11034,10.80246,9.81093,9.61942,7.85736,1,2,765,1,2,2,1,2,1,1,-0.7452,253.667,0.74,467.2145,462.7041,485.0242,1,4,4
5010112,594.22695,557.81384,1,1,14.916666666666666,8.91919,13.03951,9.60333,8.20673,10.54867,9.6346,3,1,429,1,1,1,1,2,2,2,-0.4184,NA,-1,514.2623,473.5716,558.3178,1,4,2
4070208,428.13913,430.47021,2,4,13.583333333333334,10.25396,9.36357,7.7531,10.35139,7.20663,9.15641,1,1,883,1,5,2,2,3,2,1,-1.2965,140.308,-0.54,379.7398,364.3054,358.7654,2,5,NA
4190304,456.32145,455.46461,1,3,14.75,10.92551,10.19817,10.35777,13.70742,8.69047,8.27843,2,1,516,1,5,1,2,3,3,3,0.2803,118.889,0.01,439.6401,428.1371,439.7986,1,5,NA
4620213,609.34717,546.84453,1,1,15.333333333333334,8.91919,10.19817,12.07123,11.01771,10.80346,10.15325,4,2,592,2,1,1,3,1,1,1,1.1595,119.2,-0.42,531.399,491.0465,521.7643,1,5,NA
3990105,452.29848,510.01808,1,1,14.166666666666666,11.17406,9.18945,13.46507,11.01771,13.14698,12.42205,NA,1,83,4,6,2,2,2,3,2,0.2803,78,-0.69,454.3621,480.9587,548.0604,1,3,4
4780414,601.7798,540.76015,1,1,14,10.25396,9.62932,10.35777,7.88323,9.16491,9.6346,2,2,1408,2,2,3,2,2,2,2,0.0872,200.714,0.23,361.7464,356.5698,322.5849,1,5,NA
4590208,573.43256,565.78313,2,1,14.25,10.25396,7.6477,12.07123,11.01771,10.30668,11.44903,1,3,409,2,5,1,3,3,3,2,0.2803,105,0.44,599.1665,506.811,557.1988,1,3,4
3190113,522.11426,467.76671,2,1,15.166666666666666,10.25396,9.62932,11.33851,10.35139,8.69047,10.74331,1,2,1079,3,2,1,3,3,3,1,-0.9812,148.857,0.38,449.1432,463.4258,504.3267,1,3,2
4980224,475.88978,505.61729,1,1,14.75,12.51743,9.18945,8.93041,8.55351,8.69047,9.6346,2,1,590,3,1,2,3,3,2,2,0.0872,125.6,0.39,497.671,548.1574,586.2924,1,4,NA
4290112,616.21823,571.9116,1,1,14.25,12.51743,10.19817,12.07123,13.70742,12.54869,10.74331,1,2,285,4,6,1,4,2,3,3,0.0872,88,0.66,528.9843,541.3263,568.5752,1,3,4
4230119,536.52409,470.15931,1,2,14.916666666666666,7.30445,8.81989,8.93041,9.81093,9.61942,7.42878,NA,1,907,2,1,3,2,3,4,2,1.9226,215.75,-0.8,505.6161,506.3766,437.0944,1,5,4
3570230,587.40774,616.79332,1,1,15.083333333333334,10.92551,11.04872,11.33851,7.88323,11.07454,12.42205,2,2,522,2,1,2,4,3,3,2,-0.5803,146.5,0.19,512.0034,519.6416,505.8187,1,3,2
4840201,627.39716,576.98507,1,1,15,12.51743,9.62932,10.80246,11.9425,11.70269,11.44903,1,2,883,2,3,2,2,1,2,2,-0.4184,190,0.2,443.379,423.4507,461.9918,1,3,4
4310406,501.41161,485.68294,2,2,15.166666666666666,10.92551,9.47748,10.35777,11.01771,8.69047,10.74331,2,1,1109,2,2,1,1,1,2,1,0.2803,159.714,-0.26,411.91,365.6687,366.5983,2,5,4
4450121,452.48508,457.64378,2,1,14.75,7.30445,9.18945,10.80246,10.35139,8.69047,11.44903,NA,1,226,2,4,1,3,3,1,2,1.9226,207.333,-0.98,408.5605,373.9287,435.2294,1,3,NA
4510106,508.99932,580.12115,2,1,15.083333333333334,11.17406,10.19817,8.93041,7.88323,7.89169,8.70884,NA,1,664,1,1,2,2,1,1,3,-0.9168,266.667,-0.82,536.9294,509.2169,558.038,1,3,NA
3220105,645.45877,728.45915,2,1,15.083333333333334,12.51743,13.03951,10.35777,9.81093,10.54867,11.44903,1,1,42,4,6,1,1,3,3,2,0.5021,21,-0.3,551.4177,473.0491,535.0056,1,4,NA
4550213,495.63622,488.89933,2,1,15.083333333333334,8.91919,9.18945,7.91186,8.20673,6.85613,10.15325,4,3,786,3,3,1,3,3,3,1,-0.9168,154,-0.42,447.2737,278.9784,334.241,1,4,4
3880213,551.99482,603.15852,1,1,14.333333333333334,11.64917,13.03951,13.46507,13.70742,12.08627,14.34298,2,2,836,1,3,2,2,3,3,2,-0.4184,172.4,-0.25,559.986,537.037,463.204,2,5,4
4400109,520.04217,553.04436,2,1,14.75,10.92551,9.62932,12.07123,8.92971,10.54867,10.15325,2,1,907,3,2,2,4,4,2,2,-0.256,155.5,0.47,552.1187,525.2558,549.3659,1,3,NA
4450108,629.99474,669.59992,2,1,15.25,10.25396,8.48873,10.35777,11.9425,11.70269,9.15641,2,2,226,2,4,1,3,3,1,2,1.9226,207.333,-0.9,539.2662,493.178,518.8736,1,3,2
4440120,402.99172,466.86829,1,1,14.416666666666666,10.92551,8.48873,7.91186,7.57539,7.58514,5.86845,2,2,NA,1,4,3,2,3,3,3,-0.9168,128.462,-0.29,413.7015,383.2586,418.4446,1,3,3
3250132,542.28149,583.01261,2,2,14.666666666666666,10.25396,10.19817,9.965,11.01771,9.16491,10.74331,2,2,348,4,1,1,4,3,3,3,-1.0989,173.5,-0.76,498.7615,401.7562,427.1167,1,5,NA
4070205,568.74691,516.86767,2,3,12.916666666666666,10.92551,13.03951,12.07123,11.01771,11.70269,14.34298,1,NA,883,1,5,2,2,3,2,1,-1.2965,140.308,1.33,530.5421,414.026,437.0944,1,5,NA
4320306,504.93155,534.25994,2,1,14.416666666666666,8.74681,9.18945,10.35777,10.35139,8.43911,10.74331,NA,1,367,NA,2,1,2,1,3,2,1.1595,98.5,0.11,385.8934,398.3079,434.4834,3,4,4
3850101,513.30374,520.8103,2,1,14.666666666666666,12.51743,9.62932,11.33851,11.9425,9.39344,12.42205,1,1,454,2,2,1,4,3,2,2,0.2803,177.2,0.08,394.3839,306.5653,327.9933,NA,3,NA
4020411,539.32848,547.44574,1,1,14.666666666666666,9.60097,10.19817,8.60159,9.81093,9.16491,7.85736,1,1,817,3,1,3,3,3,2,2,-0.5803,171,0.06,545.4977,581.5978,446.699,1,5,4
3980215,477.50724,457.96948,1,1,15.083333333333334,10.92551,10.19817,8.93041,8.20673,8.93142,9.15641,2,1,798,2,1,2,3,3,4,2,-1.0989,168.6,0.3,447.2737,477.5432,511.5069,1,3,4
4020211,415.97605,405.68869,2,1,15,12.51743,13.03951,11.33851,10.35139,8.93142,11.44903,1,1,817,3,1,3,3,3,2,2,-0.5803,171,-0.28,375.6894,350.6723,353.1705,1,5,NA
4550218,352.9902,379.96477,2,1,14.583333333333334,8.91919,NA,NA,11.9425,8.43911,9.6346,3,3,786,3,3,1,3,3,3,1,-0.9168,154,-0.32,360.8895,246.9808,345.4308,1,4,4
3820506,558.7471,539.06946,2,1,14.916666666666666,10.92551,7.6477,6.36452,6.97345,9.16491,5.86845,1,3,1365,4,2,2,2,3,3,1,-0.9168,NA,0.05,456.8547,512.6652,449.2167,1,6,1
3830103,491.28666,487.25938,2,1,16.25,7.30445,10.19817,8.93041,10.35139,10.30668,14.34298,NA,1,51,4,6,1,3,3,3,2,-0.0892,25,-0.61,580.9394,408.1718,435.6024,1,3,NA
3990110,427.97075,501.39598,1,1,15.25,6.33067,7.91394,10.80246,10.35139,10.30668,10.74331,4,3,83,4,6,2,2,2,3,2,0.2803,78,-1.3,445.6379,425.357,449.2167,1,3,4
3480122,426.35966,418.35043,1,1,15,11.64917,13.03951,9.965,9.34439,9.39344,9.6346,1,1,532,1,1,2,3,1,2,2,-0.4184,90,0.8,396.1754,456.0174,384.0358,1,3,3
4410224,518.30884,559.26372,2,1,14.916666666666666,12.51743,9.62932,12.07123,11.01771,11.70269,10.15325,1,2,869,1,2,3,4,3,2,1,-0.5803,134.462,-0.22,494.0879,558.9375,588.8101,2,4,NA
3770204,556.02158,624.25677,1,1,15.25,10.92551,10.19817,10.80246,9.81093,9.16491,8.70884,1,1,338,1,4,1,3,4,3,3,-2.0766,NA,0.63,559.5186,585.8077,590.9549,1,6,2
4380210,750.96324,658.53721,1,1,15.083333333333334,11.64917,13.03951,13.46507,13.70742,15.81948,14.34298,1,2,620,4,2,1,2,3,3,2,-0.4184,174.571,0.01,575.2532,618.3744,502.3685,1,3,NA
4860215,625.4044,598.02264,1,1,15.333333333333334,12.51743,13.03951,8.60159,7.88323,9.16491,9.15641,1,2,782,1,1,1,1,2,1,1,1.1595,239,0.57,446.1832,491.0465,390.843,2,3,NA
3430303,522.00655,553.74147,2,1,14.916666666666666,14.01827,8.19852,11.08765,11.01771,8.69047,9.73852,1,1,1049,1,2,2,3,2,3,1,-0.9168,282.5,0.65,334.0162,328.7792,366.5983,1,5,5
3640314,550.99167,518.99174,1,1,14.25,8.74681,6.19658,12.07123,7.88323,11.07454,9.15641,NA,2,758,2,2,3,2,3,2,3,1.9226,205.2,-0.16,455.0631,460.8627,461.3391,1,3,4
4230114,457.62549,435.39496,1,2,14.666666666666666,10.92551,13.03951,8.60159,11.01771,10.54867,9.6346,1,1,907,2,1,3,2,3,4,2,1.9226,215.75,0.37,524.4664,496.8449,480.9213,1,5,2
4990219,603.19323,567.84338,1,1,14.416666666666666,12.21628,8.48873,10.80246,7.88323,8.69047,9.15641,NA,2,643,1,1,3,3,3,4,1,-0.9168,156,0.1,491.7511,561.9784,535.0056,1,4,4
4950206,607.03563,656.83398,2,1,14.916666666666666,11.64917,13.03951,9.965,7.57539,9.16491,9.6346,1,2,521,3,1,4,4,3,3,3,-1.7689,180.333,0.14,517.3781,489.1682,561.8612,1,4,4
3360112,540.78147,485.18233,1,1,14.25,8.91919,8.81989,7.91186,5.49149,7.89169,8.27843,3,3,802,3,2,1,2,1,1,3,0.5021,207.25,-0.73,454.3621,455.3025,439.6121,1,3,4
3430103,472.70515,445.37725,1,1,14.5,10.25396,11.04872,8.60159,9.34439,7.58514,9.6346,2,1,1049,1,2,2,3,2,3,1,-0.9168,282.5,0.53,504.1362,510.0305,518.8736,1,5,4
3580205,531.8848,544.95003,1,1,15.166666666666666,12.21628,13.03951,11.33851,11.01771,9.16491,10.74331,NA,1,594,1,1,1,1,2,3,3,0.0872,147.75,0.58,474.5365,451.331,437.0944,1,4,3
4910308,691.8113,660.49172,2,1,15.083333333333334,14.01827,11.04872,10.35777,9.81093,8.69047,12.42205,1,2,1938,1,1,2,2,1,2,1,-0.256,98.7,0.31,626.9746,647.0712,674.8788,4,4,NA
4740208,389.20906,466.25978,2,NA,16.333333333333332,11.64917,9.62932,10.35777,11.01771,9.16491,9.6346,1,2,366,4,1,1,2,3,2,2,-0.4184,120.667,0.68,363.2264,315.1462,413.1294,1,5,4
4120211,472.03688,490.74255,2,2,14.166666666666666,7.30445,10.19817,9.60333,8.92971,9.16491,8.70884,NA,2,1653,4,4,NA,3,3,3,2,-0.8068,187,0.27,573.6174,462.5437,460.3133,1,3,NA
3950106,585.558,607.2525,1,1,14.166666666666666,10.25396,7.91394,9.965,7.57539,9.16491,10.15325,2,2,49,3,6,3,4,4,2,2,-2.0766,13.667,-0.06,520.5717,495.8123,535.6583,1,4,2
5030219,452.82765,450.35241,2,1,14.583333333333334,10.25396,13.03951,9.60333,8.92971,8.17383,9.15641,3,1,668,1,4,1,1,1,2,2,-0.3225,121.636,-0.62,408.3268,366.3904,405.11,1,3,3
5100110,597.21415,647.2913,1,2,14.166666666666666,14.01827,8.81989,11.33851,13.70742,11.37095,8.70884,1,2,364,1,2,1,2,3,3,3,0.5021,85,0.65,601.8149,618.851,627.4151,2,4,2
3660106,626.51223,642.83246,2,1,14.5,10.25396,13.03951,9.965,8.55351,10.30668,9.15641,2,1,108,4,6,1,3,3,2,NA,-0.5803,58,0.18,514.9634,462.1427,526.6132,1,5,4
3510107,542.68194,583.88354,1,1,14.416666666666666,8.74681,8.81989,10.80246,11.01771,9.16491,10.74331,NA,1,64,3,6,1,3,2,2,2,-0.4184,NA,-0.29,474.0692,476.6694,427.8627,1,3,4
3290213,494.27173,506.9119,2,1,14.75,11.64917,13.03951,9.26151,7.88323,4.94405,8.70884,1,2,469,4,3,3,3,3,2,2,-0.7452,186,0.78,190.5359,264.5434,224.5804,1,4,NA
4730327,532.50459,513.16137,1,1,14.583333333333334,10.25396,13.03951,13.46507,13.70742,8.93142,14.34298,3,2,1159,2,1,3,3,2,1,1,-0.256,172.167,0.37,423.6719,455.2231,391.4025,NA,5,4
4590211,444.54284,465.18939,1,1,14.166666666666666,11.64917,8.19852,10.35777,9.81093,8.43911,9.6346,1,1,409,2,5,1,3,3,3,2,0.2803,105,0.45,418.6088,471.8242,448.191,1,3,2
3440223,462.21952,462.57748,2,2,15.166666666666666,10.04151,7.91394,9.60333,10.35139,10.07332,9.6346,NA,2,649,2,1,3,4,4,3,2,-0.9168,153.111,0.13,330.511,307.1267,321.7456,1,3,4
3570211,523.17897,566.19765,1,1,14.583333333333334,10.25396,11.04872,9.26151,8.55351,12.54869,14.34298,3,2,522,2,1,2,4,3,3,2,-0.5803,146.5,-0.92,477.6523,532.2712,475.9791,1,3,5
4770123,633.38943,656.88733,2,1,15.333333333333334,12.51743,8.81989,10.35777,11.9425,9.39344,10.15325,2,2,638,2,5,1,4,2,3,3,-0.256,167.5,0.25,568.0869,435.6785,520.0858,1,4,NA
3800226,548.42907,559.07845,2,1,13.666666666666666,10.92551,13.03951,8.93041,8.55351,10.54867,11.44903,1,1,407,1,4,3,3,2,3,3,-2.4968,172.4,-0.14,476.5618,457.8924,479.4293,1,5,4
4940203,393.92186,414.22667,1,1,15.166666666666666,10.92551,7.11034,9.26151,11.9425,7.89169,9.6346,1,2,832,2,1,2,4,3,4,2,-0.0892,139,-0.34,344.1424,433.0618,388.978,4,3,NA
3550313,653.68135,679.50386,2,1,13.916666666666666,12.51743,9.62932,10.80246,8.92971,10.80346,10.15325,1,2,1000,NA,1,NA,2,NA,NA,1,NA,93.619,0.76,648.2396,548.5122,598.2283,2,3,NA
4980204,597.72041,550.31635000000006,2,1,14.583333333333334,10.25396,13.03951,9.60333,11.9425,12.54869,9.25415,2,2,590,3,1,2,3,3,2,2,0.0872,125.6,0.16,516.6771,543.9411,560.1828,1,4,4
4190302,438.90499,437.1522,1,3,14.333333333333334,9.60097,8.81989,10.35777,10.35139,9.84519,10.74331,2,2,516,1,5,1,2,3,3,3,0.2803,118.889,-0.59,421.3351,447.28,483.7188,1,5,3
4460323,413.82909,396.59152,1,3,14.666666666666666,10.92551,8.81989,10.35777,11.01771,9.39344,10.15325,1,2,881,1,2,1,2,3,3,2,0.5021,174,0.59,375.0662,419.7968,415.6471,1,4,4
3810125,569.18792,578.40635,1,1,15.083333333333334,10.25396,8.19852,7.51389,5.96004,8.17383,7.85736,3,2,728,1,2,1,1,1,1,3,-0.0892,252,-0.17,509.0435,573.893,509.8284,1,NA,3
3590105,620.72768,610.7121,1,2,15.25,11.64917,10.19817,12.07123,9.81093,11.37095,11.44903,1,3,620,1,1,1,2,2,2,2,-0.9168,215.333,0.69,444.3138,452.6813,535.1921,1,3,NA
4000413,472.27084,478.00552,2,1,15.083333333333334,9.60097,13.03951,10.80246,9.81093,9.61942,9.6346,3,1,681,2,5,1,3,3,1,1,1.9226,148.889,-0.42,416.0383,365.9093,420.3096,1,6,3
4720116,535.85536,467.21265,1,1,14.583333333333334,11.64917,11.04872,13.46507,11.9425,10.54867,12.42205,2,3,846,1,4,1,3,3,3,3,-1.0989,173.8,-0.16,481.547,567.3002,548.8064,1,6,4
4030310,479.34257,513.69536,2,1,15.5,9.60097,13.03951,9.26151,8.92971,8.17383,9.6346,3,1,1029,1,4,2,1,2,2,1,0.7756,202.6,-0.43,465.2672,478.1816,457.6091,NA,4,4
4020204,369.70084,426.75016,2,1,15.666666666666666,8.91919,4.59042,11.33851,11.01771,9.84519,10.15325,4,3,817,3,1,3,3,3,2,2,-0.5803,171,0.04,259.5498,184.4291,259.7352,1,5,NA
3150210,430.05201,495.77161,2,1,15,10.92551,8.19852,9.60333,11.01771,10.54867,11.44903,2,3,328,2,2,1,3,2,2,2,-0.5803,130.4,0.22,496.4247,346.6626,424.972,1,4,4
4250321,480.68773,483.58549,2,1,15.083333333333334,8.91919,7.52417,9.60333,9.34439,9.61942,9.15641,3,2,647,3,5,1,2,3,3,2,-1.5162,184,-0.58,453.5052,357.569,467.5867,1,3,4
3550321,588.60229,551.43278,2,1,13.5,14.01827,10.19817,11.33851,8.92971,11.37095,9.15641,1,3,1000,NA,1,NA,2,NA,NA,1,NA,93.619,0.73,509.6666,458.9349,478.1238,2,3,4
3730205,413.00282,421.61952,2,1,14.666666666666666,10.25396,11.04872,8.9673,10.35139,9.61942,9.15641,3,2,1043,2,3,1,2,2,3,2,-0.256,244.75,0.59,386.7503,353.8801,401.6598,1,5,5
3670117,490.54385,497.42858,2,1,15.083333333333334,8.91919,9.18945,9.26151,8.92971,7.58514,8.70884,3,3,558,3,4,2,4,4,3,1,-0.4184,149.714,0.28,443.3011,478.1816,497.7061,1,4,NA
3350112,640.97502,579.26954,1,1,15,10.92551,7.91394,11.33851,11.9425,12.54869,10.74331,1,3,516,1,2,3,3,3,2,2,1.9226,180.667,-0.23,535.2937,620.519,600.0932,1,3,4
4010320,653.02536,527.37664,2,1,14.833333333333334,10.25396,11.04872,10.35777,11.01771,10.07332,12.42205,2,1,673,3,2,1,3,3,2,2,-1.0989,187.5,-0.05,435.6675,384.1134,402.3126,1,5,4
4680211,564.58864,611.42689,2,1,14.583333333333334,14.01827,9.62932,5.03748,5.96004,9.16491,5.86845,1,1,403,3,2,1,4,4,4,2,-1.2965,192.5,-0.35,571.5921,576.5803,615.5725,1,3,4
3550322,534.04036,571.0135,2,1,14.25,14.01827,11.04872,8.93041,9.81093,8.69047,9.15641,1,2,1000,NA,1,NA,2,NA,NA,1,NA,93.619,0.69,469.5513,441.8535,485.0242,2,3,2
5080112,629.39339,605.61179,1,1,14.666666666666666,11.64917,13.03951,9.60333,7.57539,8.93142,12.42205,1,1,494,3,5,1,3,3,1,3,-0.256,123,-0.36,471.4987,459.2741,539.3883,1,3,2
4680215,497.04417,483.7293,1,1,14.583333333333334,10.25396,11.04872,6.36452,9.34439,7.24499,7.85736,3,2,403,3,2,1,4,4,4,2,-1.2965,192.5,-0.08,511.8476,439.6546,464.1365,1,3,4
3560321,542.51647,563.86833,2,1,15.083333333333334,10.04151,8.81989,9.60333,7.88323,8.43911,8.27843,NA,2,756,3,1,2,3,3,3,2,1.1595,145.091,-0.26,469.9408,514.8305,472.2492,1,4,4
4550210,468.98454,406.90856,1,1,14.833333333333334,9.60097,11.04872,13.46507,9.81093,11.37095,10.74331,2,2,786,3,3,1,3,3,3,1,-0.9168,154,-0.24,431.8508,387.6273,431.4062,1,4,4
4000410,503.10225,465.34269,1,1,14.666666666666666,11.64917,11.04872,9.965,8.92971,9.84519,9.6346,1,2,681,2,5,1,3,3,1,1,1.9226,148.889,-0.11,416.8952,450.5366,440.8243,1,6,4
4530202,514.35203,537.57856,1,1,14.416666666666666,8.91919,8.48873,9.965,11.01771,9.84519,10.15325,3,2,205,1,6,1,3,3,4,2,-0.5803,67,-1.48,393.527,365.466,420.0298,1,3,4
3160323,418.50033,372.49838,2,1,14.75,10.92551,13.03951,9.965,6.66537,10.54867,8.27843,2,2,705,1,2,3,3,3,2,2,-0.5803,176.25,-0.77,537.0073,581.439,594.5916,1,3,3
3530318,462.47886,410.69331,2,2,14.416666666666666,7.30445,13.03951,9.965,8.20673,7.89169,9.6346,NA,2,898,NA,1,4,4,3,3,1,-0.9168,NA,-0.75,409.9626,356.8473,437.7471,2,4,4
4450101,454.99193,494.09566,2,1,14.75,8.74681,13.03951,10.35777,11.01771,9.16491,9.6346,NA,1,226,2,4,1,3,3,1,2,1.9226,207.333,-0.23,350.8413,345.4597,394.1067,1,3,3
5050205,532.34224,503.38061,2,1,15.083333333333334,11.64917,11.04872,12.07123,11.9425,9.84519,11.44903,1,3,809,1,3,1,2,2,3,1,1.9226,155.6,0.4,536.8515,478.6628,486.2365,2,3,4
3980221,346.58183,391.35896,2,3,14.833333333333334,8.91919,8.81989,8.93041,8.92971,8.43911,7.85736,4,2,798,2,1,2,3,3,4,2,-1.0989,168.6,-0.15,338.534,383.2313,366.3185,1,3,4
4140215,516.19317,431.75216,1,2,13.75,11.64917,13.03951,10.35777,NA,NA,NA,1,2,1968,1,1,1,1,2,2,2,0.0872,174.818,1.22,416.272,387.5478,417.6986,2,6,NA
3220101,580.54094,676.70832,2,1,14.666666666666666,9.60097,9.18945,8.93041,9.34439,10.80346,10.15325,3,2,42,4,6,1,1,3,3,2,0.5021,21,-0.42,616.3811,485.9605,565.4979,1,4,NA
3490320,539.22792,590.98942,2,1,14.5,10.92551,11.04872,9.965,11.01771,10.54867,9.15641,2,1,820,3,1,1,2,3,3,2,-0.5803,116.143,0.38,357.7738,380.1037,361.8426,1,3,4
3890107,584.60737,608.83767,2,1,15.166666666666666,10.25396,8.81989,9.26151,8.55351,8.93142,9.15641,2,2,NA,NA,2,1,3,3,3,2,-0.0892,259,-0.05,492.4521,432.2301,470.6639,1,3,4
4630205,530.26723,509.7512,2,1,14.5,7.30445,8.52716,11.33851,8.92971,9.61942,8.70884,NA,2,311,3,5,1,1,3,2,2,-1.2965,94,-0.98,536.2284,381.5472,451.9209,1,3,3
4440110,440.38836,451.24952,2,1,14.583333333333334,10.04151,13.03951,8.93041,7.88323,8.43911,8.70884,NA,1,NA,1,4,3,2,3,3,3,-0.9168,128.462,-0.18,422.5814,445.3018,347.5755,1,3,4
3630303,482.66061,582.17878,2,1,14.75,11.64917,13.03951,12.07123,11.01771,10.07332,11.44903,1,1,1209,1,2,4,4,3,4,3,-0.4184,132.526,-0.04,413.8573,373.1268,401.6598,1,5,3
3400126,601.35253,611.69705,1,1,12.833333333333334,10.92551,8.19852,12.07123,11.01771,10.30668,11.44903,1,1,1280,NA,1,1,2,3,3,3,1.9226,153.647,0.17,444.7032,487.7898,406.3223,3,4,4
3830104,483.12777,484.79073,1,1,14.333333333333334,8.19314,10.19817,13.46507,13.70742,14.02271,11.44903,3,2,51,4,6,1,3,3,3,2,-0.0892,25,-1.17,532.1779,485.48630000000003,519.1533,1,3,2
4460309,544.44063,523.97574,2,1,15.333333333333334,11.64917,13.03951,12.07123,9.81093,11.70269,9.6346,1,3,881,1,2,1,2,3,3,2,0.5021,174,-0.3,561.5439,494.7017,500.5035,1,4,3
4200101,530.68433,453.3078,2,1,14.833333333333334,9.60097,11.04872,10.80246,11.01771,9.16491,12.42205,3,1,71,3,6,1,2,1,3,3,1.1595,23,-0.37,473.6797,362.7015,429.6345,1,NA,NA
3140216,524.45452,496.16255,1,1,13.833333333333334,9.60097,11.04872,9.26151,8.20673,8.17383,11.44903,3,1,640,2,4,1,2,2,2,2,-0.5803,168.75,-0.52,505.694,480.641,478.7766,3,5,4
4330204,517.16369,486.6154,2,1,14.833333333333334,11.64917,7.91394,8.60159,8.20673,7.89169,7.85736,2,3,556,2,5,1,3,2,1,2,-0.4184,140,-0.02,398.668,383.3115,448.6572,1,3,4
4690315,502.51878,564.29758,2,1,15.25,12.51743,11.04872,9.26151,7.57539,8.43911,8.70884,1,2,903,1,1,2,3,2,3,1,-0.5803,176.4,0.29,445.0927,480.1865,490.1529,1,4,NA
4740206,347.22419,420.59824,1,1,14.916666666666666,8.74681,8.48873,9.965,7.88323,8.43911,9.6346,NA,2,366,4,1,1,2,3,2,2,-0.4184,120.667,-0.19,298.7303,316.5365,310.276,1,5,4
4030304,445.52956,410.90608,1,1,14.833333333333334,9.60097,13.03951,9.60333,8.20673,8.93142,9.15641,1,1,1029,1,4,2,1,2,2,1,0.7756,202.6,-0.78,412.7668,465.5491,458.5416,NA,4,NA
4780121,558.27647,547.24999,1,1,15.166666666666666,10.25396,13.03951,7.91186,6.66537,5.80254,6.47491,2,NA,1408,2,2,3,2,2,2,2,0.0872,200.714,0.03,496.3468,492.6351,441.5703,1,5,3
4110105,627.24297,592.46036,1,3,15.083333333333334,7.30445,11.04872,10.80246,10.35139,9.84519,10.74331,NA,2,60,4,6,2,3,2,3,2,-1.2965,30.5,-0.78,533.8916,474.922,513.7449,NA,NA,1
3090106,580.76072,554.94508,2,1,15.25,12.51743,10.86378,12.07123,11.9425,11.07454,9.6346,1,2,194,3,5,1,3,3,3,2,-1.7689,96,0.91,483.8059,401.9968,481.8538,1,6,2
3560312,573.91939,565.01411,2,1,15.166666666666666,9.60097,9.18945,9.965,9.81093,9.39344,8.70884,2,3,756,3,1,2,3,3,3,2,1.1595,145.091,-0.32,473.9913,486.201,527.5457,1,4,3
3150201,515.36489,419.88988,2,1,14.416666666666666,10.25396,10.19817,9.26151,7.57539,8.17383,5.86845,3,1,328,2,2,1,3,2,2,2,-0.5803,130.4,-0.09,393.6828,330.1425,441.9433,1,4,4
4680221,589.86253,573.533,2,1,15.25,8.91919,13.03951,13.46507,13.70742,13.14698,14.34298,3,1,403,3,2,1,4,4,4,2,-1.2965,192.5,-0.75,482.3259,442.5752,516.0761,1,3,NA
4490105,322.83936,413.08263,2,1,16.25,10.92551,8.93749,10.35777,8.20673,8.93142,7.85736,2,NA,232,4,6,1,4,4,3,2,-0.256,66,-0.56,209.8536,209.129,262.6259,1,NA,NA
3570202,525.30995,506.16285,2,1,14.833333333333334,9.60097,13.03951,8.93041,7.88323,9.16491,9.15641,4,2,522,2,1,2,4,3,3,2,-0.5803,146.5,0.8,469.8629,435.4379,545.263,1,3,NA
3070206,553.06701,498.46808,1,1,14.583333333333334,8.74681,9.62932,9.965,11.01771,11.07454,10.74331,NA,1,640,3,4,1,3,1,3,3,0.7756,239,-0.88,612.4864,548.2368,535.2853,2,3,2
3080102,393.80656,359.96834,1,1,14.833333333333334,7.30445,8.48873,9.60333,10.35139,8.69047,10.74331,NA,1,511,4,1,1,4,3,3,2,-0.256,133.25,-0.62,395.9417,369.919,444.5543,1,6,NA
4570215,511.14248,519.11635,1,1,14.916666666666666,10.25396,8.81989,8.60159,7.88323,8.17383,10.15325,2,1,843,4,1,1,1,1,1,3,0.5021,156,-0.61,459.8925,449.5835,493.8829,1,2,NA
3690128,648.90675,426.7314,2,1,14.833333333333334,9.60097,12.19393,9.60333,8.20673,9.39344,9.15641,2,1,202,3,1,3,4,NA,3,2,-0.5803,119.333,-0.05,544.4072,459.4161,528.4782,1,5,NA
4720115,410.08993,488.55934,1,1,14.666666666666666,10.25396,13.03951,9.60333,7.57539,9.61942,10.74331,2,1,846,1,4,1,3,3,3,3,-1.0989,173.8,-0.21,437.0696,456.3351,417.5121,1,6,NA
4300130,540.72851,556.15491,2,1,14.916666666666666,11.64917,9.18945,8.60159,7.88323,7.58514,8.70884,2,2,613,3,4,1,4,4,2,1,1.9226,244,-0.27,505.7719,462.9446,572.3051,1,4,4
3610107,417.38869,465.82322,1,1,14.166666666666666,10.04151,8.48873,12.07123,8.55351,8.69047,11.44903,NA,1,151,1,5,2,2,1,1,2,0.2803,89.333,0.89,446.4169,441.2432,425.9045,1,3,5
4410211,542.11936,549.1853,2,1,15,10.25396,13.03951,9.26151,8.20673,10.07332,8.70884,1,2,869,1,2,3,4,3,2,1,-0.5803,134.462,0.01,464.5661,464.0674,537.9896,2,4,3
5000213,595.27579,663.94991,2,2,14.833333333333334,11.64917,10.19817,10.80246,8.20673,10.54867,8.70884,1,2,597,1,1,1,1,4,3,1,1.9226,159.25,0.72,599.4002,496.6263,579.765,1,4,NA
3520211,536.28095,465.68694,1,1,13.75,11.64917,8.48873,9.965,8.92971,9.39344,9.15641,2,3,637,1,4,1,1,3,2,2,0.7756,150.5,0.43,475.2376,400.7334,444.5543,1,3,4
4560311,598.13259,627.09312,2,1,14.583333333333334,8.74681,9.41561,10.80246,9.81093,7.89169,10.74331,NA,2,706,1,2,2,4,4,4,2,-1.0989,231,NA,480.92380000000003,429.6639,492.9504,1,4,NA
3380220,484.42075,547.87771,2,1,14.416666666666666,9.60097,10.19817,9.60333,8.92971,9.28491,10.74331,4,2,472,1,5,3,3,3,3,3,-0.9168,114,0.05,476.1723,471.5254,479.7091,1,3,5
4650103,584.12412,543.74413,2,4,15.166666666666666,10.25396,13.03951,9.26151,11.01771,11.37095,12.42205,1,2,80,1,6,1,4,3,4,2,-0.9168,81,-0.06,462.9304,368.8765,428.9817,1,5,3
4630204,593.21208,619.95013,1,1,15.333333333333334,10.92551,11.04872,10.80246,10.35139,10.07332,12.42205,2,1,311,3,5,1,1,3,2,2,-1.2965,94,0.34,456.0757,475.3985,479.9888,1,3,NA
4090104,466.68864,520.79743,1,3,14,8.19314,8.19852,8.26761,4.82293,9.84519,6.97717,3,1,334,1,5,1,3,NA,3,3,-1.5162,58.182,-1.91,414.6362,278.9657,432.1522,1,6,1
5050221,471.49776,434.31694,2,1,15.083333333333334,10.25396,9.62932,8.93041,9.81093,10.07332,10.15325,1,2,809,1,3,1,2,2,3,1,1.9226,155.6,0.31,438.238,374.4099,362.5886,2,3,4
4800120,536.67884,527.64614,2,1,14.166666666666666,10.25396,13.03951,9.37427,8.55351,9.16491,9.15641,3,3,441,1,5,3,3,3,2,3,-1.5162,144.667,-0.5,384.2577,371.5229,416.5796,1,3,4
3940201,475.71134,490.16317,2,1,14.75,10.92551,8.81989,10.35777,9.81093,10.54867,9.6346,2,3,524,3,1,2,3,2,2,2,-0.7452,271,0.59,366.3421,352.2762,348.508,NA,5,4
4270302,479.50615,512.7319,2,1,14.25,14.01827,8.19852,10.35777,11.9425,9.61942,10.74331,1,2,618,1,4,3,2,2,1,1,-0.9168,170,1.03,425.9308,337.6006,382.4506,2,5,4
4070212,539.53139,454.61441,2,3,13.75,10.92551,7.6477,7.81632,NA,8.69047,8.27843,1,2,883,1,5,2,2,3,2,1,-1.2965,140.308,0.54,474.8481,436.9616,380.3059,2,6,2
3350111,553.92334,603.43207,1,1,14.416666666666666,10.25396,11.04872,10.35777,6.97345,9.61942,8.70884,1,3,516,1,2,3,3,3,2,2,1.9226,180.667,0.31,458.101,477.7815,503.301,1,3,2
4890213,573.30463,602.12295,2,1,16.083333333333332,12.51743,13.03951,9.965,8.55351,10.54867,9.15641,1,2,731,1,1,3,2,1,1,3,0.5021,152.4,-0.09,497.3594,568.8014,549.9254,1,3,2
3350117,579.95992,567.2377,1,1,14.916666666666666,10.92551,13.03951,11.33851,11.01771,11.07454,9.6346,2,2,516,1,2,3,3,3,2,2,1.9226,180.667,-0.03,518.936,564.8379,544.9832,1,3,2
4020222,570.77834,589.74217,2,1,15.166666666666666,11.64917,8.48873,7.51389,6.97345,9.16491,10.15325,2,1,817,3,1,3,3,3,2,2,-0.5803,171,0.49,430.1371,411.2994,460.1268,1,5,NA
4300127,546.95597,539.17116,1,1,14.916666666666666,10.25396,13.03951,9.965,9.81093,8.43911,9.15641,2,2,613,3,4,1,4,4,2,1,1.9226,244,-0.5,472.1997,533.8598,500.2238,1,4,4
4780409,455.31842,503.55737,2,1,14.333333333333334,10.25396,13.03951,10.35777,11.9425,10.30668,10.74331,3,1,1408,2,2,3,2,2,2,2,0.0872,200.714,0.12,460.0483,509.1367,474.4871,1,5,NA
3400124,569.32267,595.67456,1,2,14.75,12.51743,10.19817,9.965,9.81093,8.93142,10.74331,1,2,1280,NA,1,1,2,3,3,3,1.9226,153.647,0.96,555.4681,495.2563,515.4233,3,5,2
4740224,425.73708,413.05961,1,1,14.666666666666666,10.92551,13.03951,13.46507,11.01771,11.07454,10.74331,1,1,366,4,1,1,2,3,2,2,-0.4184,120.667,-0.15,352.5549,350.3741,380.3059,1,5,1
3160316,350.06256,427.38683,1,1,15.5,10.04151,8.48873,9.60333,9.34439,7.58514,9.6346,NA,2,705,1,2,3,3,3,2,2,-0.5803,176.25,0.1,481.6249,433.0321,481.574,1,3,4
3380211,381.45364,460.8198,1,1,14.583333333333334,11.64917,10.19817,8.60159,6.97345,8.69047,7.42878,1,2,472,1,5,3,3,3,3,3,-0.9168,114,0.32,396.0975,441.2432,428.702,1,3,NA
4570223,431.63728,578.76599,1,1,14.75,8.74681,9.62932,8.60159,7.54198,8.34992,9.15641,NA,3,843,4,1,1,1,1,1,3,0.5021,156,-0.14,323.5784,273.9615,329.1123,1,2,4
4840225,568.14388,572.7546,2,1,14.083333333333334,12.51743,13.03951,10.80246,9.81093,9.61942,10.15325,1,2,883,2,3,2,2,1,2,2,-0.4184,190,1.36,429.1245,400.8741,410.9847,1,3,4
4070211,648.21032,485.97394,1,3,14,10.25396,NA,12.07123,8.55351,10.30668,10.74331,1,3,883,1,5,2,2,3,2,1,-1.2965,140.308,0.04,476.8733,403.5929,426.5573,2,6,4
4460308,416.41415,387.18534,1,1,15.583333333333334,8.91919,8.19852,9.965,10.35139,8.43911,9.15641,4,2,881,1,2,1,2,3,3,2,0.5021,174,-0.04,399.7585,452.1253,475.1399,1,4,NA
3850108,458.19231,520.94288,2,1,14.833333333333334,4.94733,11.04872,8.26761,8.92971,8.17383,8.27843,NA,3,454,2,2,1,4,3,2,2,0.2803,177.2,0.03,452.7263,463.506,468.6125,NA,3,NA
4830408,409.57472,359.3212,NA,NA,14.25,NA,NA,NA,NA,NA,NA,NA,NA,960,2,3,1,3,3,3,2,0.5021,189.2,-1.07,455.6084,360.7768,503.301,1,3,4
3950105,447.5297,440.18059,1,1,15.25,9.60097,7.6477,8.93041,8.55351,7.58514,9.15641,4,1,49,3,6,3,4,4,2,2,-2.0766,13.667,-1.3,462.0735,361.5739,437.0944,1,4,NA
4310210,727.09003,669.82513,1,1,15,12.51743,9.18945,12.07123,10.35139,10.54867,9.6346,1,1,1109,2,2,1,1,1,2,1,0.2803,159.714,1.06,630.7914,695.1842,627.6949,2,4,NA
3940224,386.91752,388.87297,2,1,16,7.30445,13.03951,11.33851,11.9425,11.37095,14.34298,NA,2,524,3,1,2,3,2,2,2,-0.7452,271,NA,394.8512,335.1146,375.5502,1,5,4
3440203,401.62332,439.01648,1,1,14.5,9.60097,13.03951,12.07123,11.01771,9.16491,14.34298,3,1,649,2,1,3,4,4,3,2,-0.9168,153.111,-0.33,394.4618,408.1999,382.2641,1,3,2
3390215,467.73648,450.09545,1,1,15.416666666666666,8.74681,10.19817,10.35777,8.55351,6.85613,8.27843,NA,2,654,4,1,1,2,3,1,2,-0.4184,134.6,-0.64,439.5622,370.5496,374.6177,1,6,NA
3230117,471.12323,514.76651,1,1,14.916666666666666,9.60097,7.11034,5.03748,3.41233,6.39359,5.01998,2,3,625,3,5,1,2,3,3,1,-0.4184,157.5,-0.95,511.2245,496.6066,483.9985,1,3,4
3440208,555.22671,534.97495,2,1,15.333333333333334,10.04151,11.04872,11.33851,11.01771,10.54867,10.15325,NA,1,649,2,1,3,4,4,3,2,-0.9168,153.111,0.33,385.9713,431.6688,466.0015,1,3,4
4070228,544.43582,521.98773,2,2,14.416666666666666,10.25396,NA,9.81219,9.81093,10.54867,10.15325,1,2,883,1,5,2,2,3,2,1,-1.2965,140.308,-0.44,372.4957,265.4256,325.1958,2,6,NA
4900117,656.24507,589.58439,2,2,14.416666666666666,12.51743,8.48873,13.46507,11.01771,10.80346,9.15641,1,2,1106,1,1,1,2,2,2,2,1.9226,103.455,-0.03,637.4124,507.613,568.2954,3,NA,2
4040518,631.26526,583.92336,2,1,14.583333333333334,11.64917,11.04872,12.07123,11.9425,10.54867,11.44903,1,3,1240,1,3,1,2,3,2,3,0.7756,14.143,0.08,642.1639,585.2413,663.5957,1,6,NA
4940216,515.79652,486.94612,2,2,14.75,10.25396,11.04872,10.35777,11.9425,9.16491,7.42878,3,1,832,2,1,2,4,3,4,2,-0.0892,139,-0.36,422.114,510.7406,452.9467,4,3,2
4440122,483.18497,470.56313,1,1,13.916666666666666,11.17406,10.19817,8.26761,8.20673,5.80254,6.47491,NA,3,NA,1,4,3,2,3,3,3,-0.9168,128.462,-0.29,330.9783,331.3107,318.6684,1,3,4
4730122,634.05491,650.80666,2,1,14.666666666666666,10.92551,9.62932,8.60159,8.55351,10.30668,9.15641,2,2,1159,2,1,3,3,2,1,1,-0.256,172.167,-0.72,546.6661,578.9861,518.5938,2,5,4
4710105,371.37416,364.27072,2,1,13.916666666666666,10.04151,13.03951,9.26151,8.20673,8.69047,8.70884,NA,2,999,4,6,1,2,3,3,2,-0.4184,47.2,-0.03,358.6306,316.5095,310.4625,1,5,3
4430202,442.1523,439.83242,2,2,14.666666666666666,10.25396,9.62932,9.60333,11.01771,9.84519,9.15641,3,2,251,4,6,3,3,4,2,2,-0.7452,125.5,-0.84,402.8743,338.4026,347.5755,1,3,NA
3340109,465.5646,374.53975,2,3,14.666666666666666,9.60097,9.62932,9.26151,8.20673,9.61942,9.15641,3,1,116,2,6,1,1,3,3,3,1.9226,57,-0.91,428.1119,417.7149,455.8374,1,NA,4
3390226,517.62135,491.55936,1,1,15.416666666666666,10.25396,13.03951,13.46507,11.9425,15.81948,11.44903,2,2,654,4,1,1,2,3,1,2,-0.4184,134.6,-0.88,583.5878,540.2143,550.5781,1,6,4
3690108,566.39402,501.2046,2,2,14.416666666666666,10.92551,10.19817,13.46507,11.9425,9.16491,11.44903,1,2,202,3,1,3,4,NA,3,2,-0.5803,119.333,-0.18,407.7037,401.5156,480.1753,1,5,NA
3390206,651.91395,687.38324,2,1,14,11.64917,6.53455,12.07123,11.9425,12.54869,9.15641,1,3,654,4,1,1,2,3,1,2,-0.4184,134.6,0.46,646.6817,474.7332,587.9709,1,6,NA
4300107,597.03984,520.9085,1,1,14.5,10.92551,13.03951,10.35777,8.92971,11.07454,8.70884,2,2,613,3,4,1,4,4,2,1,1.9226,244,-0.24,558.6618,518.053,530.1567,1,4,2
5080105,620.06119,574.50747,2,1,14.166666666666666,10.25396,11.04872,12.07123,11.01771,12.08627,14.34298,2,2,494,3,5,1,3,3,1,3,-0.256,123,-0.34,621.0547,562.1452,620.1417,1,3,4
5080104,542.95614,571.92546,2,1,14.833333333333334,10.25396,9.18945,13.46507,13.70742,8.43911,14.34298,2,2,494,3,5,1,3,3,1,3,-0.256,123,-0.09,449.7663,479.3845,553.5621,1,3,4
3610103,461.77538,471.51928,1,1,14.333333333333334,10.25396,8.48873,11.33851,9.34439,9.39344,11.44903,2,1,151,1,5,2,2,1,1,2,0.2803,89.333,NA,416.5836,495.8123,415.0877,1,3,NA
4430207,566.27682,501.59947,2,4,14.583333333333334,8.91919,5.81451,11.33851,9.34439,10.54867,10.15325,3,2,251,4,6,3,3,4,2,2,-0.7452,125.5,-1.07,504.6814,479.4647,481.8538,1,3,4
5050227,496.39656,552.86084,2,1,15,14.01827,7.6477,11.33851,11.01771,10.80346,12.42205,1,1,809,1,3,1,2,2,3,1,1.9226,155.6,0.18,494.711,408.4124,462.2715,2,3,2
3430122,520.63782,432.21916,1,1,15.083333333333334,12.21628,13.03951,10.80246,10.35139,8.43911,10.15325,NA,2,1049,1,2,2,3,2,3,1,-0.9168,282.5,-0.18,518.3128,470.9504,528.6647,1,5,4
3730427,651.41875,664.03523,2,2,14.916666666666666,10.92551,10.19817,12.07123,11.01771,10.07332,12.42205,1,2,1043,2,3,1,2,2,3,2,-0.256,244.75,-0.08,595.3497,527.6616,580.4178,1,3,5
3220104,568.84434,525.70025,2,1,14.5,8.19314,11.04872,10.80246,10.35139,9.39344,12.42205,3,1,42,4,6,1,1,3,3,2,0.5021,21,-0.9,495.5678,417.7951,422.9206,1,4,4
3930208,606.94312,562.65643,2,1,14.75,12.51743,7.91394,9.965,7.57539,10.30668,9.15641,1,2,1030,1,1,1,4,3,3,3,0.0872,155.714,0.57,553.6766,562.1452,582.003,2,5,2
4880113,539.54111,468.61571,2,1,14.166666666666666,11.64917,11.04872,9.60333,9.81093,9.16491,9.15641,1,1,520,1,3,2,3,1,1,2,-0.9168,131.25,-0.62,501.7993,412.9033,449.8695,1,3,3
4250318,468.39447,556.59103,2,1,14.25,10.25396,8.81989,11.33851,11.9425,10.07332,10.74331,2,1,647,3,5,1,2,3,3,2,-1.5162,184,0.71,466.9808,419.6396,481.8538,1,3,4
4740218,484.72969,487.29932,1,1,14.75,11.17406,13.03951,9.60333,8.55351,9.39344,8.70884,NA,2,366,4,1,1,2,3,2,2,-0.4184,120.667,-0.49,406.5353,448.8686,420.3096,1,5,3
3100118,542.23747,468.03829,2,1,14.416666666666666,10.92551,8.48873,10.35777,7.88323,8.17383,8.70884,1,2,492,3,5,2,4,3,4,1,-0.9168,107.333,-0.64,401.3164,331.9068,420.0298,1,6,NA
4600210,398.49433,383.88319,2,1,14.833333333333334,8.74681,11.04872,8.26761,8.55351,8.43911,7.85736,NA,3,412,3,4,1,4,2,3,3,0.5021,197,-0.68,365.5632,355.2434,388.3253,1,5,NA
4800123,463.87944,484.26798,2,1,14.333333333333334,10.25396,9.18945,13.46507,13.70742,13.14698,12.42205,1,3,441,1,5,3,3,3,2,3,-1.5162,144.667,1.53,387.3734,311.9384,408.84,1,3,NA
3790107,405.9102,419.46522,2,1,14.666666666666666,11.64917,13.03951,13.46507,9.81093,15.81948,14.34298,1,1,127,4,6,1,3,3,1,1,0.7756,51.2,-0.04,381.2198,341.3698,390.6565,1,6,3
5070201,420.62751,424.46668,1,1,15.083333333333334,10.25396,8.81989,9.60333,8.92971,9.84519,8.27843,2,1,436,NA,6,2,2,3,3,2,-0.4184,119.333,-1.01,378.9609,357.0463,399.7949,1,6,3
4330212,584.18412,605.82215,2,1,14.916666666666666,10.92551,11.04872,9.26151,10.35139,14.02271,8.70884,2,3,556,2,5,1,3,2,1,2,-0.4184,140,0.07,561.9333,560.381,582.4692,1,3,NA
3520215,408.95002,450.80751,2,1,14.083333333333334,11.64917,9.18945,NA,7.54198,9.61942,NA,1,3,637,1,4,1,1,3,2,2,0.7756,150.5,0.03,394.4618,329.4208,394.1067,1,3,4
5010121,531.94,582.17561,2,1,15.25,10.25396,8.19852,5.03748,10.35139,6.39359,9.15641,3,1,429,1,1,1,1,2,2,2,-0.4184,NA,1.1,422.4256,396.1426,456.0239,1,4,2
4060209,563.11174,526.4685,1,1,14.75,10.25396,13.03951,9.60333,8.55351,8.69047,9.15641,2,2,425,4,2,2,4,3,2,3,1.1595,131.333,-0.42,429.436,427.5016,382.7303,1,3,NA
4550202,598.13539,597.26901,2,1,14.833333333333334,8.74681,8.81989,9.965,8.55351,10.54867,10.74331,NA,2,786,3,3,1,3,3,3,1,-0.9168,154,-0.06,467.9935,432.2301,463.577,1,4,NA
3030121,354.60475,275.93773,1,4,14.5,8.91919,9.18945,9.965,9.34439,6.39359,10.74331,3,1,763,NA,4,1,2,1,1,3,-0.0892,127.692,-0.58,295.3809,244.016,268.3141,1,3,3
4220413,561.46993,557.09316,1,1,15.416666666666666,10.25396,13.03951,8.26761,9.34439,5.80254,8.27843,2,1,1371,1,2,2,4,2,3,3,-1.0989,11.25,-0.42,578.1352,591.9238,523.6292,3,8,2
3160314,501.68346,449.34585,2,1,14.5,10.92551,13.03951,12.07123,10.35139,11.07454,11.44903,4,1,705,1,2,3,3,3,2,2,-0.5803,176.25,-0.18,415.0257,448.948,431.8724,1,3,NA
4970117,640.89043,662.49283,2,1,13.916666666666666,12.21628,9.62932,11.33851,13.70742,10.54867,9.6346,NA,2,500,1,1,3,3,4,4,2,-1.5162,168,1.13,538.5652,555.5693,547.9672,4,4,4
3660102,576.29998,620.50409,2,1,14.25,8.91919,8.19852,13.46507,7.88323,9.39344,14.34298,2,2,108,4,6,1,3,3,2,NA,-0.5803,58,-0.68,496.0352,446.6651,466.3745,1,5,4
3050102,453.79471,516.69876,2,3,14.666666666666666,10.25396,8.48873,8.60159,8.92971,7.24499,8.70884,1,2,445,4,5,1,1,3,2,3,-0.9168,166.667,-0.5,476.2502,362.3005,421.1488,1,3,3
4300125,501.06211,514.35745,2,1,14.416666666666666,10.25396,7.10837,7.51389,6.97345,4.94405,5.86845,1,1,613,3,4,1,4,4,2,1,1.9226,244,0.72,493.3089,425.8146,498.9183,1,4,4
4740202,468.39012,521.08941,1,1,15.333333333333334,11.64917,13.03951,10.80246,13.70742,15.81948,14.34298,1,1,366,4,1,1,2,3,2,2,-0.4184,120.667,-0.44,301.7682,327.1803,382.2641,1,5,4
5020120,352.86629,353.2714,1,1,16.166666666666668,10.92551,11.04872,8.26761,8.55351,7.58514,7.85736,2,1,395,2,1,2,2,3,2,2,-0.0892,115.667,-0.27,337.5214,411.6154,341.3279,1,NA,2
3360104,415.06397,441.47465,2,1,15.166666666666666,10.25396,10.19817,8.60159,9.34439,8.93142,9.6346,2,1,802,3,2,1,2,1,1,3,0.5021,207.25,-0.46,392.9818,418.8377,412.8497,1,3,4
3590122,490.52989,540.52043,1,1,15.166666666666666,11.64917,8.81989,9.60333,8.92971,7.89169,11.44903,2,1,620,1,1,1,2,2,2,2,-0.9168,215.333,-0.76,486.9216,544.5035,548.0604,1,3,NA
3250109,544.61962,519.24859,2,1,15.333333333333334,11.64917,13.03951,11.33851,9.34439,11.37095,10.15325,1,1,348,4,1,1,4,3,3,3,-1.0989,173.5,0.11,501.4878,423.4087,500.8765,1,5,4
4190303,435.27924,384.40561,1,3,14.166666666666666,10.25396,11.04872,12.07123,8.92971,10.30668,12.42205,1,2,516,1,5,1,2,3,3,3,0.2803,118.889,-0.56,399.2133,400.7334,426.837,1,5,2
4600219,459.24641,483.37556,2,1,15.166666666666666,10.25396,9.62932,7.51389,NA,8.93142,6.97717,3,2,412,3,4,1,4,2,3,3,0.5021,197,0.46,399.7585,379.2216,398.5826,1,5,4
4440108,499.35907,482.51259,1,1,16.25,9.60097,11.04872,9.965,9.81093,7.89169,8.70884,3,1,NA,1,4,3,2,3,3,3,-0.9168,128.462,-0.58,451.1684,372.6943,400.5408,1,3,4
3170107,524.6267,542.48291,1,1,15.083333333333334,10.92551,13.03951,10.80246,10.35139,10.84961,11.44903,2,1,32,4,6,1,1,2,1,1,-1.0989,32,-0.62,438.1601,529.4116,432.4319,1,5,4
3150204,585.27196,539.92774,1,3,15.25,9.60097,13.03951,10.80246,6.97345,4.94405,10.15325,1,2,328,2,2,1,3,2,2,2,-0.5803,130.4,-0.05,282.6842,260.6171,332.6557,1,4,3
3760106,575.31807,582.65188,1,1,14.583333333333334,10.25396,9.18945,8.60159,8.55351,8.43911,8.70884,2,2,113,1,6,1,3,2,3,2,-0.256,36.333,0.18,466.0461,533.9392,518.5006,1,3,3
3080106,437.37625,461.10546,1,1,15.166666666666666,11.64917,9.62932,9.965,9.34439,10.07332,9.15641,2,3,511,4,1,1,4,3,3,2,-0.256,133.25,-0.41,420.1667,414.3468,384.1291,1,6,4
3750204,457.0914,446.15019,1,1,13.75,12.51743,13.03951,9.60333,10.35139,8.69047,10.74331,1,1,923,2,5,1,2,1,1,2,-0.0892,134.714,0.52,421.0235,405.4993,424.0395,1,3,2
4550204,420.16885,542.71717,2,1,14.75,8.91919,9.62932,9.26151,10.35139,8.93142,9.15641,2,3,786,3,3,1,3,3,3,1,-0.9168,154,-0.27,487.0774,490.7721,472.2492,1,4,4
4280109,540.06615,499.40415,2,1,14.833333333333334,10.25396,13.03951,7.51389,7.88323,7.58514,7.42878,2,1,311,1,1,1,NA,2,2,3,0.7756,189,-0.47,380.363,470.1621,440.8243,1,5,4
5010113,442.12481,436.81581,2,1,14.333333333333334,11.64917,13.03951,13.46507,11.01771,9.84519,12.42205,1,NA,429,1,1,1,1,2,2,2,-0.4184,NA,0.02,328.9531,334.3928,409.7725,1,4,NA
4060221,590.28421,626.93185,2,1,14.75,10.92551,13.03951,9.26151,8.92971,8.93142,9.6346,2,1,425,4,2,2,4,3,2,3,1.1595,131.333,-1.14,451.2463,438.0843,500.5035,1,3,NA
4480203,594.64349,658.07294,2,1,14.833333333333334,11.64917,13.03951,9.965,11.9425,9.84519,9.6346,1,2,819,1,1,1,3,2,3,1,0.5021,146,0.51,590.8319,599.2753,585.3599,2,5,2
4830401,389.54146,398.4475,1,1,14.833333333333334,10.92551,10.19817,7.91186,8.20673,4.94405,8.70884,2,1,960,2,3,1,3,3,3,2,0.5021,189.2,0.46,375.6894,431.7115,436.1619,1,3,NA
4920208,599.56468,630.41382,2,1,14.916666666666666,12.51743,10.19817,10.35777,8.92971,11.37095,10.15325,1,1,972,1,1,1,2,1,3,1,-0.0892,163.667,0.61,662.2605,662.3884,677.4897,1,4,NA
3040125,479.39397,521.45974,2,3,14.833333333333334,10.92551,13.03951,11.33851,9.81093,9.39344,10.74331,1,2,685,4,2,1,2,4,3,2,-0.256,134.6,0.06,476.7955,510.2594,550.8579,1,5,2
3080111,472.88035,483.5677,2,1,14.916666666666666,9.60097,9.62932,9.965,10.35139,9.42411,10.15325,3,2,511,4,1,1,4,3,3,2,-0.256,133.25,-0.24,350.0623,405.6056,404.364,1,6,NA
3100115,484.60309,562.77144,2,1,14.916666666666666,11.64917,8.19852,8.93041,7.2741,8.43911,8.27843,3,3,492,3,5,2,4,3,4,1,-0.9168,107.333,-0.16,407.0026,391.5715,438.9593,1,6,4
4980203,494.46112,426.90183,1,1,14.083333333333334,8.91919,7.6477,8.93041,8.20673,8.17383,10.15325,4,2,590,3,1,2,3,3,2,2,0.0872,125.6,-0.49,404.7437,429.0108,429.7277,1,4,4
4370105,572.54015,604.48543,2,2,14.916666666666666,11.17406,9.18945,11.33851,11.01771,7.58514,14.34298,NA,1,110,1,3,1,3,2,1,3,-1.2965,NA,-0.02,447.9748,446.9057,547.1279,1,4,4
3560323,557.5387,530.78484,1,1,14.583333333333334,10.04151,10.19817,11.33851,11.01771,10.54867,8.70884,NA,2,756,3,1,2,3,3,3,2,1.1595,145.091,-0.3,431.6171,422.1798,414.7147,1,4,NA
3150203,466.71724,431.78675,2,1,15.083333333333334,8.74681,13.03951,9.965,9.34439,8.69047,7.85736,NA,NA,328,2,2,1,3,2,2,2,-0.5803,130.4,-0.88,432.4739,372.8862,467.68,1,4,2
4610119,553.98144,542.93561,1,2,14.416666666666666,11.17406,8.81989,8.60159,8.55351,3.17837,7.42878,NA,2,765,1,2,2,1,2,1,1,-0.7452,253.667,-0.38,465.3451,445.6119,460.3133,1,5,3
3780213,529.22912,542.36147,1,2,14.833333333333334,4.94733,8.19852,11.33851,11.9425,8.90321,12.42205,NA,2,1442,2,2,1,4,3,3,2,-0.9168,232.833,0.43,470.9534,524.3281,503.3943,1,5,4
3580211,498.9813,521.6485,2,1,15,12.51743,8.48873,12.07123,11.9425,10.54867,12.42205,1,3,594,1,1,1,1,2,3,3,0.0872,147.75,0.11,470.0966,458.9349,488.3812,1,4,4
3630316,463.4344,439.73476,1,1,14.666666666666666,12.51743,11.04872,7.03246,7.57539,5.80254,7.42878,1,2,1209,1,2,4,4,3,4,3,-0.4184,132.526,0.49,430.9939,488.9018,474.3939,1,5,4
3970420,603.69368,498.41309,2,1,14.916666666666666,11.17406,13.03951,9.965,11.9425,8.93142,10.15325,NA,2,898,1,1,3,4,3,2,2,1.9226,131,-0.46,445.0148,443.698,465.069,1,4,NA
4600211,484.8974,506.21696,1,1,15.5,10.92551,9.62932,7.91186,7.57539,7.58514,8.70884,2,1,412,3,4,1,4,2,3,3,0.5021,197,0.08,449.7663,464.5959,479.2428,1,5,4
4730306,418.80849,498.04364,1,1,15.416666666666666,12.51743,10.19817,10.35777,9.81093,7.58514,10.15325,1,1,1159,2,1,3,3,2,1,1,-0.256,172.167,0.2,358.5527,457.1294,367.1578,NA,5,2
4510112,435.15499,460.48308,2,1,14.916666666666666,11.64917,7.6477,7.03246,8.20673,8.43911,6.47491,1,2,664,1,1,2,2,1,1,3,-0.9168,266.667,0.31,466.124,446.5048,501.3428,1,3,4
4890204,573.39603,555.53374,2,1,14.75,9.60097,13.03951,8.93041,7.57539,8.93142,8.27843,3,2,731,1,1,3,2,1,1,3,0.5021,152.4,-0.09,386.8282,347.9457,439.0526,1,3,3
3360114,509.49095,568.19122,1,1,15.083333333333334,9.60097,8.48873,11.33851,11.01771,10.07332,12.42205,2,2,802,3,2,1,2,1,1,3,0.5021,207.25,-0.53,470.7976,427.3428,430.4737,1,3,4
4270314,366.45442,410.56281,1,1,15.25,9.60097,13.03951,6.36452,8.20673,6.39359,6.97717,3,2,618,1,4,3,2,2,1,1,-0.9168,170,-0.14,435.6675,436.4774,407.2548,2,5,3
3200217,478.32401,515.88807,1,1,14.166666666666666,11.64917,11.04872,9.965,9.34439,8.69047,9.6346,1,1,581,2,2,1,3,1,2,2,-0.4184,186,0.2,447.7411,455.3025,520.4588,1,3,4
4750322,443.54472,504.25372,2,1,14,7.37134,8.19852,9.965,10.35139,9.39344,10.15325,4,2,588,4,6,1,4,2,3,2,-1.5162,NA,-0.22,426.1645,411.6201,480.9213,1,3,NA
3160118,530.31025,520.79416,2,1,15.166666666666666,10.92551,8.81989,10.80246,8.20673,11.07454,9.15641,1,2,705,1,2,3,3,3,2,2,-0.5803,176.25,-0.18,492.9974,473.0491,480.9213,1,3,2
3730405,625.94396,608.59031,2,1,14.416666666666666,10.92551,10.57996,13.46507,13.70742,11.37095,12.42205,1,NA,1043,2,3,1,2,2,3,2,-0.256,244.75,0.55,571.3585,567.1975,613.3346,1,3,2
3100125,512.41077,485.68665,2,1,15.75,8.74681,11.04872,8.93041,7.57539,7.24499,9.15641,NA,2,492,3,5,2,4,3,4,1,-0.9168,107.333,-0.4,428.5013,340.247,470.6639,1,6,4
3740112,655.75121,644.86684,2,1,15.083333333333334,14.01827,10.19817,10.80246,13.70742,11.37095,12.42205,1,1,993,1,2,1,1,2,3,2,0.5021,253.5,1.28,609.2148,511.0613,527.5457,1,5,NA
3350106,552.41427,506.1336,1,1,14.833333333333334,10.04151,8.48873,8.93041,10.35139,8.43911,6.47491,NA,NA,516,1,2,3,3,3,2,2,1.9226,180.667,-1.26,406.0679,413.4424,415.6471,1,3,4
3970411,611.26195,569.52195,2,1,14.5,12.51743,13.03951,11.33851,13.70742,12.08627,14.34298,1,1,898,1,1,3,4,3,2,2,1.9226,131,-0.19,628.143,524.2132,564.0992,1,4,2
4820106,460.37045,478.58687,2,1,14.75,11.17406,13.03951,10.80246,8.55351,9.16491,8.27843,NA,1,173,2,6,1,4,4,1,1,0.0872,8.667,-0.38,270.6886,315.3867,284.1664,1,3,4
4760109,566.57146,598.9765,2,1,16.166666666666668,9.60097,13.03951,13.46507,13.70742,15.81948,13.75104,2,1,93,NA,6,NA,1,1,1,1,NA,NA,NA,280.7369,290.9274,312.0477,1,3,NA
4400107,559.98019,493.10241,1,1,14.75,10.25396,10.19817,10.35777,11.9425,9.16491,9.6346,4,2,907,3,2,2,4,4,2,2,-0.256,155.5,0.27,478.7428,502.8817,439.0526,1,3,NA
3230125,630.87911,633.14379,1,1,14.75,10.92551,11.04872,8.93041,7.57539,9.61942,8.27843,2,2,625,3,5,1,2,3,3,1,-0.4184,157.5,-0.16,568.7101,533.3832,535.9381,1,3,4
4450116,545.88266,624.0692,2,1,14.833333333333334,10.25396,9.18945,10.80246,11.9425,9.84519,10.74331,2,1,226,2,4,1,3,3,1,2,1.9226,207.333,0.01,502.6562,457.0904,529.1309,1,3,2
3610101,583.60009,640.8678,2,1,14.5,10.92551,13.03951,12.07123,13.70742,11.07454,12.42205,1,2,151,1,5,2,2,1,1,2,0.2803,89.333,0.82,560.5312,492.2958,488.4744,1,3,2
3990101,381.76906,394.22751,1,1,14.333333333333334,8.19314,13.03951,7.03246,7.88323,6.39359,7.85736,4,3,83,4,6,2,2,2,3,2,0.2803,78,-0.4,327.4731,435.2859,377.3219,1,3,NA
4370102,565.3149,612.86203,2,1,15.166666666666666,10.92551,6.83195,7.51389,6.97345,8.93142,8.70884,2,1,110,1,3,1,3,2,1,3,-1.2965,NA,-0.49,479.2102,451.4768,502.3685,1,4,NA
3100127,539.50804,459.34287,1,1,14.25,11.64917,8.48873,12.07123,11.01771,9.61942,10.74331,1,2,492,3,5,2,4,3,4,1,-0.9168,107.333,0.27,562.3228,539.4199,564.8452,1,6,NA
3530316,470.0145,514.42128,1,1,15.083333333333334,9.60097,10.19817,8.93041,8.20673,6.85613,9.15641,3,2,898,NA,1,4,4,3,3,1,-0.9168,NA,-0.68,409.2616,432.8235,401.8463,2,4,NA
3270106,561.10892,546.55081,2,1,15.166666666666666,8.91919,8.19852,9.965,11.01771,8.99723,12.42205,2,3,364,4,5,1,3,1,1,1,0.2803,109.333,-0.11,492.53,426.0552,434.2969,1,4,4
4730309,568.05997,557.20555,2,1,15.583333333333334,10.92551,10.19817,12.07123,11.01771,10.07332,12.42205,2,2,1159,2,1,3,3,2,1,1,-0.256,172.167,-0.4,459.8146,424.2107,427.4897,NA,5,NA
4500308,551.47123,601.91105,2,2,14.583333333333334,14.01827,13.03951,9.26151,11.01771,10.80346,8.70884,1,3,715,3,4,1,4,4,4,2,-0.5803,142.2,1.11,734.0785,585.1611,583.6815,1,4,NA
3760101,631.95935,626.29104,1,1,14.75,11.64917,10.19817,12.07123,11.9425,10.80346,12.42205,1,1,113,1,6,1,3,2,3,2,-0.256,36.333,-0.12,480.768,512.4928,492.8571,1,3,2
4810210,476.63203,481.4014,2,1,14.5,8.91919,8.19852,8.93041,7.57539,9.39344,10.15325,4,2,317,3,5,1,3,2,2,1,0.0872,121.6,-0.05,469.084,450.5947,487.169,1,3,3
3860501,523.83016,619.48674,2,1,14.916666666666666,10.25396,11.04872,10.35777,10.35139,10.07332,10.74331,2,2,1340,3,2,1,4,2,3,2,-0.256,140.9,-0.34,524.4664,511.0613,515.4233,1,6,3
3360109,465.258,501.31338,2,1,15,10.25396,13.03951,13.46507,13.70742,12.54869,10.74331,3,2,802,3,2,1,2,1,1,3,0.5021,207.25,-0.44,473.0566,419.6396,485.5837,1,3,4
4300118,441.80347,371.18326,1,1,15.083333333333334,10.92551,11.04872,8.60159,8.92971,7.58514,9.15641,1,1,613,3,4,1,4,4,2,1,1.9226,244,-0.34,371.0157,444.1822,402.3126,1,4,4
3550319,519.31098,570.18284,2,3,14.833333333333334,11.64917,7.6477,8.60159,6.66537,10.20414,9.15641,1,3,1000,NA,1,NA,2,NA,NA,1,NA,93.619,1.59,512.7045,420.1208,455.4644,2,3,NA
4670112,509.56279,560.40252,2,1,14.25,8.91919,10.19817,10.80246,11.01771,8.17383,12.42205,3,1,991,2,3,1,3,2,3,1,-1.0989,166.5,-0.31,427.4887,377.6979,432.8049,1,3,4
3980212,495.636,444.31352,2,1,14.666666666666666,8.91919,7.6477,10.80246,10.35139,11.37095,10.74331,3,2,798,2,1,2,3,3,4,2,-1.0989,168.6,-0.42,402.1732,384.9154,436.8146,1,3,4
4840213,588.87883,523.54682,1,1,15,11.64917,8.48873,7.91186,9.81093,5.80254,8.70884,2,3,883,2,3,2,2,1,2,2,-0.4184,190,0.86,408.4826,414.6338,470.5707,1,3,NA
3880214,478.19004,486.90477,1,1,15.416666666666666,10.92551,9.62932,9.965,8.92971,8.43911,10.15325,2,2,836,1,3,2,2,3,3,2,-0.4184,172.4,-0.1,478.6649,491.2848,469.7314,2,5,4
4940211,515.15841,480.30287,1,1,15.25,11.64917,11.04872,10.35777,11.9425,8.17383,9.15641,1,1,832,2,1,2,4,3,4,2,-0.0892,139,0.78,388.8534,501.3725,450.1492,4,3,NA
3490327,567.79103,599.97334,1,1,14.666666666666666,10.25396,10.19817,10.35777,10.35139,9.61942,11.44903,2,2,820,3,1,1,2,3,3,2,-0.5803,116.143,0.22,471.5766,530.5237,524.0022,1,3,3
3820515,525.47208,469.79979,1,1,14.75,10.25396,11.04872,9.965,8.55351,9.84519,9.15641,2,2,1365,4,2,2,2,3,3,1,-0.9168,NA,0.03,472.1997,444.9765,519.1533,1,6,4
4620215,567.68511,657.25297,2,1,14.583333333333334,11.64917,9.18945,10.80246,11.01771,9.5492,11.44903,1,2,592,2,1,1,3,1,1,1,1.1595,119.2,-0.03,583.0425,450.9155,580.6975,1,5,4
3290211,436.2807,522.37573,1,1,15,7.30445,9.62932,10.35777,5.96004,6.85613,8.27843,NA,3,469,4,3,3,3,3,2,2,-0.7452,186,-0.52,265.8592,305.9722,276.9862,1,4,4
3530325,471.45608,471.82905,2,1,14.583333333333334,10.25396,11.04872,9.60333,11.9425,7.89169,8.70884,3,1,898,NA,1,4,4,3,3,1,-0.9168,NA,-0.23,362.6032,385.156,425.9045,2,4,4
4460314,535.18462,578.76097,1,1,14.583333333333334,11.64917,5.3222,7.51389,7.88323,8.17383,6.47491,1,1,881,1,2,1,2,3,3,2,0.5021,174,0.11,462.3851,571.9867,554.6811,1,4,3
4590213,372.18702,388.61154,2,1,14.583333333333334,8.91919,10.19817,8.60159,9.81093,8.43911,9.6346,3,2,409,2,5,1,3,3,3,2,0.2803,105,-0.55,388.8534,432.9519,401.3801,1,3,3
3630317,576.80513,528.21974,2,1,15.166666666666666,10.25396,13.03951,10.80246,13.70742,15.81948,14.34298,3,3,1209,1,2,4,4,3,4,3,-0.4184,132.526,-0.6,497.5931,412.1815,433.7374,1,5,3
3210208,414.73513,437.14609,2,1,15.083333333333334,10.25396,7.11034,9.60333,11.01771,8.43911,8.70884,1,2,766,2,5,2,1,3,2,2,-0.256,163.8,0.3,375.7673,334.2324,388.5117,1,3,4
3870105,613.11192,619.69405,2,1,15.416666666666666,10.92551,11.04872,12.07123,11.9425,13.14698,12.42205,2,2,47,NA,6,2,4,1,3,2,-0.5803,NA,-1.51,508.8098,374.4901,508.8959,1,5,4
4830403,429.91324,411.15889,2,1,15.166666666666666,14.01827,13.03951,8.60159,9.34439,8.17383,10.15325,1,1,960,2,3,1,3,3,3,2,0.5021,189.2,0.72,358.4748,342.4123,464.1365,1,3,NA
4170116,462.88132,432.80552,1,2,14.333333333333334,9.60097,9.18945,9.965,9.81093,10.30668,8.70884,2,2,484,1,5,3,3,2,2,2,-0.256,NA,-0.26,498.9173,499.2279,458.5416,1,4,2
4020221,464.59788,471.23428,1,1,14.416666666666666,10.04151,9.62932,9.965,8.55351,7.24499,10.15325,NA,1,817,3,1,3,3,3,2,2,-0.5803,171,-0.29,409.9626,460.8627,422.4543,1,5,4
4240131,566.23458,517.75125,1,1,15.166666666666666,10.25396,10.19817,9.26151,10.35139,8.69047,10.74331,1,1,858,2,1,1,2,3,3,1,-0.9168,166.909,0.25,611.0064,563.1698,558.2245,2,6,4
4270307,484.03638,427.64357,1,1,14.25,9.60097,9.18945,7.91186,8.55351,7.89169,7.85736,3,1,618,1,4,3,2,2,1,1,-0.9168,170,0.12,434.0318,394.1406,432.2454,2,5,4
4050310,611.51659,548.75333,2,2,14.916666666666666,10.92551,10.19817,9.94656,9.34439,9.61942,9.15641,3,2,1092,1,2,1,3,1,1,3,-0.256,178.5,0.26,396.5649,328.2179,332.6557,1,3,3
4840212,546.04713,586.19277,1,1,15,12.51743,10.19817,9.26151,8.55351,9.16491,7.42878,1,2,883,2,3,2,2,1,2,2,-0.4184,190,0.35,443.6127,468.2498,477.1913,1,3,NA
4760105,601.9188,628.25025,1,1,18.333333333333332,10.92551,13.03951,13.46507,13.70742,14.02271,14.34298,3,1,93,NA,6,NA,1,1,1,1,NA,NA,-1.36,457.322,397.5562,437.0944,1,3,NA
4010319,628.23572,650.02913,2,1,14.833333333333334,10.92551,11.04872,13.46507,11.01771,13.14698,10.74331,2,2,673,3,2,1,3,3,2,2,-1.0989,187.5,-0.08,377.1693,325.5714,385.8075,1,5,NA
3360108,507.36265,404.07329,2,1,15,10.04151,10.19817,8.60159,10.35139,6.39359,10.15325,NA,2,802,3,2,1,2,1,1,3,0.5021,207.25,-0.43,437.4591,326.2932,362.5886,1,3,4
3440217,437.4567,524.604,2,1,15.166666666666666,7.30445,13.03951,9.26151,10.35139,8.69047,10.15325,NA,2,649,2,1,3,4,4,3,2,-0.9168,153.111,0.04,375.7673,316.5897,405.2965,1,3,5
4990223,657.08676,606.39292,2,1,15.166666666666666,14.01827,13.03951,11.33851,9.34439,9.61942,10.15325,1,1,643,1,1,3,3,3,4,1,-0.9168,156,0.91,550.2493,589.1708,567.8292,1,4,NA
4920215,608.95801,559.69307,1,1,14.416666666666666,10.92551,9.62932,9.965,7.57539,9.39344,10.15325,2,2,972,1,1,1,2,1,3,1,-0.0892,163.667,0.43,539.2662,579.4532,510.7609,1,4,NA
3230119,450.26214,382.74985,2,1,14.833333333333334,10.25396,13.03951,8.93041,8.55351,9.39344,7.85736,2,2,625,3,5,1,2,3,3,1,-0.4184,157.5,-0.47,414.8699,291.0076,343.9388,1,3,NA
3580225,587.97501,617.06763,1,1,15.25,14.01827,11.04872,8.93041,9.81093,9.39344,9.6346,1,3,594,1,1,1,1,2,3,3,0.0872,147.75,-0.17,533.0347,556.1799,563.26,1,4,3
4560315,642.38062,653.37678,2,1,15.5,11.17406,9.18945,13.46507,13.70742,12.08627,12.42205,NA,2,706,1,2,2,4,4,4,2,-1.0989,231,0.95,547.8346,507.0516,531.2756,1,4,4
4410216,475.50397,492.12357,1,1,14.5,8.19314,11.04872,7.03246,7.2741,7.24499,6.47491,3,3,869,1,2,3,4,3,2,1,-0.5803,134.462,0.29,360.1885,359.8264,442.596,2,4,NA
4600209,507.82176,547.40351,2,1,14.75,11.17406,8.81989,8.93041,11.01771,8.43911,9.15641,NA,1,412,3,4,1,4,2,3,3,0.5021,197,-0.88,409.8847,353.6395,448.2842,1,5,NA
4510118,577.46559,529.84103,1,1,15.083333333333334,13.71571,13.03951,13.46507,9.81093,11.70269,11.44903,NA,1,664,1,1,2,2,1,1,3,-0.9168,266.667,0.23,475.3155,437.0334,472.5289,1,3,NA
5050228,584.13932,590.26056,2,1,14.416666666666666,10.92551,13.03951,10.80246,10.35139,10.07332,14.34298,2,2,809,1,3,1,2,2,3,1,1.9226,155.6,-0.32,511.1466,470.7235,456.4901,2,3,4
5010108,584.01998,545.97033,2,1,15.166666666666666,11.64917,13.03951,12.07123,10.35139,11.07454,10.74331,1,1,429,1,1,1,1,2,2,2,-0.4184,NA,0.59,493.231,469.8414,496.4938,1,4,2
4650106,622.52614,605.20971,1,3,14.333333333333334,10.25396,11.04872,12.07123,11.01771,12.08627,12.42205,2,2,80,1,6,1,4,3,4,2,-0.9168,81,-0.53,532.2558,516.7027,543.398,1,5,2
4000417,442.5561,420.85148,1,1,14.916666666666666,11.64917,13.03951,12.07123,8.86107,10.8314,13.90881,1,2,681,2,5,1,3,3,1,1,1.9226,148.889,0.53,373.4304,360.6207,399.7016,1,6,4
4680204,482.49088,514.43492,1,1,14.75,10.25396,13.03951,8.60159,9.34439,8.17383,8.70884,2,2,403,3,2,1,4,4,4,2,-1.2965,192.5,-0.4,392.5144,448.0743,407.2548,1,3,NA
3470119,623.38504,548.41258,1,1,14.333333333333334,10.92551,11.04872,9.965,7.88323,11.37095,10.15325,1,2,305,4,1,1,3,2,3,2,0.0872,152.5,0.33,563.4133,639.8207,654.364,1,3,4
3820504,441.08524,448.7249,2,2,15.25,8.91919,10.19817,13.46507,10.35139,10.80346,11.44903,4,2,1365,4,2,2,2,3,3,1,-0.9168,NA,-0.49,353.0223,374.4901,316.6169,1,6,2
4540123,489.78775,516.61169,2,1,14.666666666666666,9.60097,10.19817,8.93041,8.55351,9.39344,9.6346,2,1,407,3,4,1,3,3,3,2,-1.0989,173.6,-0.51,388.1524,331.4256,398.8624,1,3,NA
3780216,605.4803,613.6903,2,1,14.75,11.64917,10.19817,9.965,11.9425,10.30668,9.6346,1,3,1442,2,2,1,4,3,3,2,-0.9168,232.833,0.97,493.231,436.2399,487.4487,1,5,2
3420223,473.15868,517.72332,1,1,15,10.92551,13.03951,8.60159,7.57539,7.24499,9.6346,2,2,1076,3,4,2,2,1,3,1,-0.0892,177.833,-0.27,484.6627,494.9386,484.3715,1,3,4
3010116,679.96833,626.15793,2,3,14.666666666666666,9.60097,11.04872,13.46507,11.9425,12.54869,10.15325,3,2,702,3,5,2,2,2,3,1,-1.7689,173.25,-1.13,417.0509,388.6845,526.7997,1,3,2
3350121,522.95539,482.96737,2,3,14.916666666666666,9.60097,9.18945,8.93041,9.34439,8.69047,7.85736,2,2,516,1,2,3,3,3,2,2,1.9226,180.667,0.34,418.453,461.9021,496.7736,1,3,4
3250115,546.64535,636.26984,2,1,15.416666666666666,10.92551,13.03951,9.26151,8.55351,9.16491,9.6346,2,2,348,4,1,1,4,3,3,3,-1.0989,173.5,-0.06,458.9578,406.5679,432.2454,1,5,4
3950107,492.42165,574.24102,2,1,14,10.25396,9.62932,8.26761,8.92971,9.61942,8.70884,3,2,49,3,6,3,4,4,2,2,-2.0766,13.667,-1.13,560.3754,442.4148,526.7997,1,4,4
3120301,511.5883,498.97458,2,1,15,11.17406,8.81989,9.965,9.34439,9.39344,7.85736,NA,2,696,2,2,NA,2,1,2,2,NA,113.077,0,443.5348,450.4343,452.2007,1,5,4
3520220,407.23245,364.57492,1,1,14.75,10.92551,11.04872,9.60333,8.92971,8.69047,8.70884,1,2,637,1,4,1,1,3,2,2,0.7756,150.5,0.17,384.2577,376.1098,388.605,1,3,NA
4770121,611.491,636.94677,1,1,15.583333333333334,8.91919,13.03951,8.60159,8.92971,7.89169,7.42878,2,2,638,2,5,1,4,2,3,3,-0.256,167.5,0,420.0109,351.9628,411.6374,1,4,NA
3340105,527.63703,503.54613,2,3,14.25,10.92551,9.62932,9.965,11.01771,10.07332,10.15325,1,1,116,2,6,1,1,3,3,3,1.9226,57,0.56,340.793,335.4354,346.643,1,NA,2
3210224,451.77501,455.09821,2,1,16.083333333333332,9.60097,7.6477,9.965,11.01771,8.93142,9.6346,3,1,766,2,5,2,1,3,2,2,-0.256,163.8,-0.53,276.7643,151.5494,232.2268,1,3,NA
4570210,477.13002,499.33694,2,1,15,11.17406,7.6477,9.61401,11.01771,8.13968,9.6346,NA,1,843,4,1,1,1,1,1,3,0.5021,156,0,517.5339,454.444,443.8083,1,2,4
3690112,531.26568,484.20349,1,1,15.25,10.25396,11.04872,7.91186,7.57539,7.58514,9.15641,2,2,202,3,1,3,4,NA,3,2,-0.5803,119.333,0.02,470.8755,480.9587,425.9045,1,5,4
4020215,387.08243,440.57808,2,1,15.5,8.74681,5.81451,9.26151,8.92971,9.61942,9.15641,NA,3,817,3,1,3,3,3,2,2,-0.5803,171,-0.25,398.3564,346.1814,409.3062,1,5,NA
5050226,563.19442,513.35319,2,1,15.083333333333334,11.64917,9.18945,9.60333,9.81093,8.93142,9.15641,1,1,809,1,3,1,2,2,3,1,1.9226,155.6,0.52,524.5443,500.1549,454.0656,2,3,4
3430322,595.78954,631.92447,2,1,14.416666666666666,14.01827,10.19817,9.26151,9.34439,8.17383,8.27843,1,1,1049,1,2,2,3,2,3,1,-0.9168,282.5,0,507.0182,477.8608,453.8791,1,5,4
3640304,485.60378,581.03201,2,1,14.833333333333334,10.04151,11.04872,10.80246,9.81093,10.30668,12.42205,NA,1,758,2,2,3,2,3,2,3,1.9226,205.2,-0.75,448.5979,403.2799,423.107,1,3,3
4320322,495.27599,498.8324,2,1,15.083333333333334,11.64917,8.19852,11.33851,11.01771,8.6338,11.14046,1,1,367,NA,2,1,2,1,3,2,1.1595,98.5,0.2,449.3768,480.2666,482.7863,3,4,2
3770224,475.68363,458.67816,2,2,15.333333333333334,10.25396,9.18945,12.07123,11.01771,10.54867,10.74331,2,2,338,1,4,1,3,4,3,3,-2.0766,NA,-0.7,473.5239,381.6274,442.6893,1,6,4
4940205,539.69709,564.18028,2,1,14.5,10.92551,11.04872,8.93041,10.35139,11.07454,7.42878,1,3,832,2,1,2,4,3,4,2,-0.0892,139,0.45,462.9304,578.1841,531.9284,4,3,4
3130114,454.66768,533.98149,2,1,14.916666666666666,10.92551,9.62932,9.26151,8.92971,8.69047,10.15325,1,1,202,3,6,1,2,3,3,2,-0.9168,NA,0.52,547.9903,440.4902,558.3178,1,3,4
4480216,636.32981,577.20187,1,1,14.666666666666666,14.01827,13.03951,11.33851,7.88323,12.08627,11.44903,1,2,819,1,1,1,3,2,3,1,0.5021,146,-0.19,671.8414,740.6981,642.2417,2,5,2
4020412,594.49053,617.80086,1,1,14.166666666666666,10.25396,9.62932,9.965,10.35139,11.48298,8.70884,3,3,817,3,1,3,3,3,2,2,-0.5803,171,-0.24,561.7775,618.0566,492.7639,1,5,4
3360105,405.49444,433.659,1,1,15.166666666666666,10.25396,9.62932,9.26151,8.55351,7.89169,10.74331,2,1,802,3,2,1,2,1,1,3,0.5021,207.25,0.14,403.809,457.5266,463.1108,1,3,4
3190104,554.2325,549.76207,1,1,15,14.01827,10.19817,10.80246,10.35139,11.37095,11.44903,1,2,1079,3,2,1,3,3,3,1,-0.9812,148.857,0.04,452.8042,502.1668,567.3629,1,3,4
3860505,632.55545,631.68868,2,1,14.583333333333334,11.64917,9.62932,8.93041,8.55351,12.08627,7.42878,1,2,1340,3,2,1,4,2,3,2,-0.256,140.9,0.03,597.7644,505.7685,526.7997,1,6,3
4680202,637.11619,597.21391,1,1,15.25,8.74681,8.19852,13.46507,10.35139,11.70269,12.42205,NA,1,403,3,2,1,4,4,4,2,-1.2965,192.5,-0.56,602.9833,588.1906,611.4696,1,3,NA
4400101,608.03397,558.05673,1,1,14.833333333333334,10.04151,10.19817,13.46507,10.35139,11.07454,11.44903,NA,1,907,3,2,2,4,4,2,2,-0.256,155.5,0.27,534.5147,565.7116,481.6673,1,3,2
3800219,570.9351,504.86485,1,1,15.25,10.92551,13.03951,7.91186,7.2741,10.30668,8.70884,2,1,407,1,4,3,3,2,3,3,-2.4968,172.4,-0.27,462.6188,546.5687,492.1112,1,5,NA
4660302,590.03426,514.64507,2,1,14.75,12.51743,9.62932,12.07123,13.70742,10.80346,12.13873,1,1,1028,2,4,3,3,2,4,3,-0.7452,135.467,0.15,496.3468,453.8827,486.3297,3,5,2
4550207,345.33668,373.53887,2,1,14.75,8.74681,13.03951,NA,10.91133,8.17383,10.74331,NA,2,786,3,3,1,3,3,3,1,-0.9168,154,-0.13,391.9692,284.6722,374.4312,1,4,3
3180301,491.58063,441.68197,1,1,15.083333333333334,10.25396,10.19817,10.80246,10.35139,9.84519,9.6346,2,1,856,1,4,1,2,2,2,3,-1.0989,208.75,-0.37,500.1636,427.7399,477.1913,1,3,NA
3180111,395.26837,488.00996,2,1,14.666666666666666,12.51743,13.03951,8.93041,7.2741,8.43911,8.27843,1,2,856,1,4,1,2,2,2,3,-1.0989,208.75,-0.13,339.7803,315.8679,343.5658,1,3,4
3570212,546.99039,621.3724,2,1,14.75,10.25396,8.17461,9.60333,8.55351,8.93142,7.85736,3,1,522,2,1,2,4,3,3,2,-0.5803,146.5,0.19,555.8576,547.63,564.006,1,3,NA
3190322,491.11649,500.22009,2,1,14.75,11.64917,10.19817,8.26761,8.55351,7.24499,7.85736,2,1,1079,3,2,1,3,3,3,1,-0.9812,148.857,-0.15,328.8752,279.0586,345.7106,1,3,NA
3400109,677.67791,633.25039,1,3,15.166666666666666,11.64917,13.03951,9.965,8.20673,10.80346,10.15325,1,2,1280,NA,1,1,2,3,3,3,1.9226,153.647,0.31,431.0718,397.8739,470.8504,3,4,2
4650101,597.28722,660.55043,1,3,15,10.25396,8.19852,11.33851,10.35139,9.39344,12.42205,1,1,80,1,6,1,4,3,4,2,-0.9168,81,-0.9,445.9495,484.9303,449.2167,1,5,2
4210320,480.29968,403.27493,2,1,15,11.17406,9.62932,10.35777,10.35139,9.84519,9.15641,NA,NA,971,1,4,1,2,2,2,3,0.2803,169.167,-0.21,445.7158,309.5325,438.9593,1,5,NA
3360111,482.14596,533.23865,2,1,15.166666666666666,12.21628,13.03951,7.91186,10.35139,10.07332,8.70884,NA,3,802,3,2,1,2,1,1,3,0.5021,207.25,0.29,255.6551,234.9516,297.2212,1,3,4
4080316,441.44391,398.15378,2,3,14.25,8.91919,8.81989,9.26151,11.9425,9.39344,10.74331,3,2,503,3,5,1,3,2,4,3,-1.2965,NA,-0.84,344.9992,346.3418,304.6811,1,3,NA
3850120,580.86809,608.09571,1,1,14.333333333333334,14.01827,13.03951,11.33851,8.20673,15.81948,14.34298,1,2,454,2,2,1,4,3,2,2,0.2803,177.2,0.44,659.8458,585.0133,611.4696,NA,3,2
3050109,469.77517,546.74437,1,1,14.75,9.60097,3.9717,8.16355,10.49066,7.26973,NA,4,2,445,4,5,1,1,3,2,3,-0.9168,166.667,-0.57,329.732,310.7381,369.6755,1,3,NA
3550303,506.31749,503.38858,2,1,13.916666666666666,12.51743,11.04872,8.93041,8.55351,11.37095,9.6346,1,2,1000,NA,1,NA,2,NA,NA,1,NA,93.619,0.12,548.6135,522.048,500.7833,2,3,4
4550203,482.01065,457.996,2,1,14.75,8.91919,11.04872,9.60333,8.92971,8.69047,10.15325,3,2,786,3,3,1,3,3,3,1,-0.9168,154,-0.64,400.5375,283.8703,369.0228,1,4,4
3280106,618.23312,607.37067,1,1,14.916666666666666,8.91919,9.18945,9.60333,8.55351,11.37095,9.6346,2,3,77,2,6,2,4,2,3,2,-1.0989,74,-0.39,454.5957,510.8248,489.4069,1,5,NA
4700107,508.62904,495.19386,2,1,15.5,9.60097,7.91394,12.07123,8.55351,8.93142,8.70884,3,2,1590,1,1,1,4,4,3,3,-0.9168,218,0.42,451.2463,478.743,443.342,1,3,NA
3880222,708.26685,720.27622,1,1,15.416666666666666,12.51743,8.81989,9.965,7.57539,15.81948,10.74331,1,3,836,1,3,2,2,3,3,2,-0.4184,172.4,0.57,717.6429,722.985,729.6158,2,5,2
4230110,417.86188,437.22956,1,2,14.75,11.17406,10.19817,8.60159,7.57539,8.69047,8.27843,NA,2,907,2,1,3,2,3,4,2,1.9226,215.75,-0.19,427.9561,494.0648,371.727,1,5,2
3800221,434.07129,499.76356,1,1,15,10.92551,9.62932,8.26761,7.57539,8.43911,6.47491,1,2,407,1,4,3,3,2,3,3,-2.4968,172.4,0.5,443.5348,473.4128,482.693,1,5,4
3180124,416.59404,439.34382,2,1,15.25,9.60097,11.04872,11.33851,13.70742,8.43911,14.34298,2,2,856,1,4,1,2,2,2,3,-1.0989,208.75,0.58,416.1162,371.2021,447.072,1,3,NA
3860509,584.61854,495.48846,2,1,15.25,12.51743,10.19817,9.60333,8.55351,9.39344,9.6346,1,1,1340,3,2,1,4,2,3,2,-0.256,140.9,2,459.1915,469.3602,436.1619,1,6,2
3890103,451.39668,522.05723,1,1,15,10.92551,13.03951,13.46507,11.01771,8.93142,12.42205,2,2,NA,NA,2,1,3,3,3,2,-0.0892,259,0.76,450.701,409.1531,452.1074,1,3,4
5060204,467.16731,440.82719,2,1,14.916666666666666,12.51743,10.19817,8.93041,7.57539,7.89169,8.70884,1,1,365,4,1,2,2,2,2,2,0.0872,135.333,1.66,438.7054,265.4256,356.9004,1,5,4
4350304,594.26326,563.31699,2,1,15.166666666666666,13.71571,13.03951,8.26761,10.35139,10.30668,9.15641,NA,3,536,3,4,1,4,2,3,3,-0.256,120.222,0.65,527.0369,505.9289,453.0399,1,3,4
3940212,435.78025,432.02712,2,2,14.5,10.92551,13.03951,7.51389,11.01771,7.58514,11.44903,1,1,524,3,1,2,3,2,2,2,-0.7452,271,0.52,466.9029,375.9336,419.2838,1,5,NA
4510102,485.07461,561.90989,2,1,14.333333333333334,12.51743,9.62932,8.60159,8.92971,10.30668,8.27843,1,2,664,1,1,2,2,1,1,3,-0.9168,266.667,-0.12,467.8377,447.3869,487.542,1,3,NA
3030119,472.70337,456.5004,1,3,13.75,14.01827,13.03951,13.46507,9.81093,13.14698,14.34298,1,2,763,NA,4,1,2,1,1,3,-0.0892,127.692,1.38,404.51,455.5408,350.373,1,6,2
4910304,531.14434,582.00791,1,1,14.666666666666666,14.01827,7.38476,9.965,8.92971,5.80254,10.74331,1,1,1938,1,1,2,2,1,2,1,-0.256,98.7,0.79,466.8251,566.5059,517.0086,4,4,4
4290106,300.59691,325.68102,2,1,14.583333333333334,9.60097,8.81989,9.965,11.01771,8.43911,11.44903,4,3,285,4,6,1,4,2,3,3,0.0872,88,-0.2,323.7342,271.7609,343.0063,1,3,4
4540103,515.77451,507.81108,2,1,15.25,9.60097,NA,8.62554,7.21403,8.29294,8.70884,4,2,407,3,4,1,3,3,3,2,-1.0989,173.6,-0.87,486.7659,422.5266,522.8833,1,NA,4
3600109,604.33336,551.45668,2,1,15.333333333333334,10.92551,13.03951,11.33851,10.08428,9.61942,14.34298,1,1,NA,1,1,3,2,3,3,1,0.2803,177,0.82,477.0291,408.0114,460.3133,1,3,NA
3300222,462.46299,447.26302,1,1,14.75,10.92551,10.19817,8.93041,8.20673,8.43911,8.70884,2,2,837,3,2,1,3,1,3,3,0.0872,136.333,0.57,531.0874,506.1384,524.1887,1,4,4
4960119,500.71294,552.76002,1,1,15,11.64917,8.48873,9.26151,9.34439,8.17383,6.47491,2,1,437,1,1,2,1,2,2,3,1.9226,119.25,1.08,589.1961,624.3317,616.0388,2,5,NA
4250309,423.45571,362.60284,1,1,15.583333333333334,10.92551,7.91394,7.91186,10.35139,7.58514,3.26515,1,1,647,3,5,1,2,3,3,2,-1.5162,184,-0.41,365.0179,313.8359,393.3607,1,3,3
3820510,476.12934,483.72297,1,1,14.833333333333334,10.92551,10.19817,9.965,11.01771,8.17383,9.15641,1,1,1365,4,2,2,2,3,3,1,-0.9168,NA,-0.26,505.2267,575.1639,499.6643,1,6,4
3440201,466.25902,463.02964,1,2,15.833333333333334,9.60097,13.03951,10.80246,11.01771,9.16491,11.44903,4,2,649,2,1,3,4,4,3,2,-0.9168,153.111,-0.33,406.4574,394.9349,347.016,1,3,4
4060212,600.26134,597.31353,1,1,15.166666666666666,9.60097,13.03951,9.965,10.35139,9.84519,8.70884,3,2,425,4,2,2,4,3,2,3,1.1595,131.333,0.51,370.081,449.1863,388.605,1,3,4
4330215,505.48486,538.70776,1,1,14.666666666666666,10.92551,11.04872,8.26761,8.92971,8.69047,8.27843,1,1,556,2,5,1,3,2,1,2,-0.4184,140,0.72,417.2067,471.1093,404.5505,1,3,NA
4980212,577.43799,565.28667,2,1,14.916666666666666,9.60097,13.03951,8.60159,7.88323,9.16491,10.15325,2,2,590,3,1,2,3,3,2,2,0.0872,125.6,0.28,467.7598,362.7015,438.0269,1,4,4
4010307,650.96187,635.22237,2,2,15.166666666666666,11.64917,10.19817,12.07123,7.57539,15.81948,12.42205,2,3,673,3,2,1,3,3,2,2,-1.0989,187.5,-0.23,433.3307,393.7368,496.4938,1,5,4
3190107,567.94109,567.67873,1,1,15.166666666666666,10.25396,11.04872,13.46507,10.35139,15.81948,12.42205,1,2,1079,3,2,1,3,3,3,1,-0.9812,148.857,-0.05,622.5347,643.554,651.3801,1,3,NA
4510126,464.74582,481.00696,2,1,14.916666666666666,10.25396,13.03951,9.965,10.35139,9.16491,10.15325,1,2,664,1,1,2,2,1,1,3,-0.9168,266.667,0.26,309.4797,315.9481,361.8426,1,3,NA
3240104,482.29267,476.42199,1,1,14.333333333333334,10.92551,11.04872,9.60333,10.35139,8.69047,11.44903,3,1,760,2,3,NA,4,4,3,NA,NA,NA,-0.18,417.8299,409.7885,419.5636,3,5,4
3180317,395.85083,410.60537,2,1,14.833333333333334,10.92551,9.62932,10.35777,11.01771,9.61942,10.74331,2,1,856,1,4,1,2,2,2,3,-1.0989,208.75,-0.46,523.8433,466.9544,470.6639,1,3,4
3440206,497.44876,485.25326,1,1,14.75,11.64917,13.03951,13.46507,13.70742,10.54867,11.44903,2,2,649,2,1,3,4,4,3,2,-0.9168,153.111,0.69,513.4834,459.2741,438.7728,1,3,NA
4530210,509.34178000000003,536.51593,1,1,15.25,10.25396,13.03951,13.46507,11.01771,7.58514,14.34298,3,2,205,1,6,1,3,3,4,2,-0.5803,67,-0.91,454.4399,432.0292,404.6438,1,3,NA
5060218,460.46028,502.0525,2,1,15,10.25396,NA,NA,12.03546,NA,NA,2,2,365,4,1,2,2,2,2,2,0.0872,135.333,-0.35,405.2111,316.6698,360.3506,1,5,4
4020421,502.99934,577.4225,2,1,15.166666666666666,12.51743,11.04872,9.26151,8.55351,8.17383,7.85736,2,1,817,3,1,3,3,3,2,2,-0.5803,171,-0.27,563.1017,588.5292,471.5964,1,5,4
4930115,603.47122,514.27387,2,1,14.5,11.64917,8.48873,10.35777,10.35139,10.54867,10.74331,1,1,806,1,1,2,2,2,1,1,0.2803,157.4,0.69,574.0069,555.6495,580.6975,1,4,4
4470209,400.85169,363.07791,2,1,15.083333333333334,12.21628,9.62932,9.965,13.70742,6.39359,14.34298,NA,1,527,1,1,2,4,2,3,2,0.0872,NA,0.37,416.1941,300.7111,462.9243,1,3,3
4830420,479.36078,456.98748,2,2,14.833333333333334,10.25396,6.19658,8.26761,5.96004,7.24499,8.27843,3,1,960,2,3,1,3,3,3,2,0.5021,189.2,-1.07,413.0005,386.5193,493.7896,1,3,3
3440218,546.77899,526.39638,1,2,15.25,9.60097,9.62932,9.60333,9.81093,14.02271,10.15325,2,3,649,2,1,3,4,4,3,2,-0.9168,153.111,NA,463.7093,278.9657,464.4163,1,3,2
3030305,550.41546,453.37829,1,4,14,10.92551,9.18945,11.33851,11.01771,11.07454,11.44903,2,1,763,NA,4,1,2,1,1,3,-0.0892,127.692,-0.02,476.1723,485.48630000000003,444.2745,1,6,4
4860202,600.74012,621.99728,2,1,15.083333333333334,11.64917,9.62932,12.07123,7.88323,10.54867,10.74331,1,3,782,1,1,1,1,2,1,1,1.1595,239,0.64,577.8236,488.3663,485.0242,2,3,3
3420213,537.86746,491.44261,1,1,14.416666666666666,12.51743,9.62932,8.66431,8.20673,9.68024,8.27843,1,2,1076,3,4,2,2,1,3,1,-0.0892,177.833,0.6,511.1466,519.6416,507.031,1,3,4
3570207,409.406,495.56692,1,1,16,9.60097,11.04872,8.26761,8.04648,6.85613,7.85736,4,1,522,2,1,2,4,3,3,2,-0.5803,146.5,-0.04,403.4195,489.3784,415.6471,1,3,NA
3150215,591.15596,585.14945,2,1,15,11.17406,9.62932,10.80246,10.35139,7.89169,11.44903,NA,1,328,2,2,1,3,2,2,2,-0.5803,130.4,-0.49,444.0801,364.3054,438.0269,1,4,4
4680212,428.62864,539.08976,1,1,15.25,8.74681,13.03951,8.93041,8.92971,9.39344,7.85736,NA,1,403,3,2,1,4,4,4,2,-1.2965,192.5,-0.58,490.1153,439.4163,504.2335,1,3,4
4140211,497.23468,489.86507,2,2,14.166666666666666,12.51743,7.71097,8.26761,7.88323,6.85613,7.85736,1,2,1968,1,1,1,1,2,2,2,0.0872,174.818,0.41,505.7719,389.9676,446.4192,2,6,NA
3530319,578.08962,570.49741,2,1,14.666666666666666,10.92551,9.18945,12.07123,11.9425,12.08627,10.15325,2,1,898,NA,1,4,4,3,3,1,-0.9168,NA,-0.03,509.5108,448.5096,493.0436,2,4,4
4370109,615.59285,635.51282,2,1,15.083333333333334,10.25396,8.81989,12.07123,11.01771,10.56797,9.6346,3,2,110,1,3,1,3,2,1,3,-1.2965,NA,0.4,488.7132,556.3712,525.5875,1,4,NA
4570201,554.08468,573.30768,2,2,15,12.51743,13.03951,8.93041,8.20673,8.93142,9.15641,1,2,843,4,1,1,1,1,1,3,0.5021,156,-0.02,424.9182,369.1171,437.0944,1,2,4
5010116,549.59545,548.42229,1,1,13.333333333333334,14.01827,13.03951,10.35777,10.35139,10.30668,10.74331,1,1,429,1,1,1,1,2,2,2,-0.4184,NA,-0.35,437.8486,523.0572,518.2208,1,4,NA
4560320,669.23543,678.32219,2,1,15,12.51743,7.6477,13.46507,9.81093,12.08627,12.42205,1,2,706,1,2,2,4,4,4,2,-1.0989,231,0.29,602.2044,475.7758,529.4107,1,4,2
3100128,475.50586,560.86842,1,1,14.083333333333334,10.92551,8.81989,8.60159,7.88323,7.58514,7.85736,3,3,492,3,5,2,4,3,4,1,-0.9168,107.333,-0.67,489.57,535.7661,561.1153,1,6,4
5010118,619.67738,537.96689,2,1,14.666666666666666,12.21628,8.81989,13.46507,11.01771,15.81948,12.42205,NA,2,429,1,1,1,1,2,2,2,-0.4184,NA,0.31,507.7972,433.7538,458.5416,1,4,2
4460317,395.90312,420.47298,2,1,15.25,9.60097,9.62932,8.60159,10.35139,7.89169,8.81033,2,2,881,1,2,1,2,3,3,2,0.5021,174,-0.66,427.8003,387.3212,482.7863,1,4,3
4140218,448.11641,565.33185,2,2,13.916666666666666,12.21628,9.18945,10.80246,9.81093,12.08627,11.44903,NA,3,1968,1,1,1,1,2,2,2,0.0872,174.818,0.81,545.1862,521.9678,623.5919,2,6,NA
4260106,511.00795,471.15026,1,1,15.166666666666666,8.91919,6.83195,9.61401,11.9425,9.16491,7.42878,4,3,298,3,5,1,3,3,3,2,-0.5803,55.273,-0.77,389.5544,403.1163,347.5755,1,3,3
3350104,623.38168,591.67039,2,1,15.166666666666666,10.25396,9.62932,12.07123,11.01771,10.80346,9.6346,1,3,516,1,2,3,3,3,2,2,1.9226,180.667,-0.45,455.842,478.6628,450.8019,1,3,4
3190308,427.91544,477.3382,1,1,15.083333333333334,12.51743,10.19817,10.80246,11.01771,8.43911,10.15325,1,1,1079,3,2,1,3,3,3,1,-0.9812,148.857,0.15,459.4251,423.5301,443.0623,1,3,4
3430117,461.74264,508.731,2,2,15.166666666666666,10.25396,13.03951,8.93041,7.2741,5.80254,9.15641,3,2,1049,1,2,2,3,2,3,1,-0.9168,282.5,-0.25,408.6384,424.1305,430.6602,1,5,4
4020209,428.08002,450.1093,2,1,15.416666666666666,10.92551,9.62932,7.03246,6.33324,7.24499,8.27843,1,2,817,3,1,3,3,3,2,2,-0.5803,171,0.44,331.212,297.4232,409.7725,1,5,3
3540216,413.1883,487.53292,1,1,14.083333333333334,11.64917,9.62932,8.60159,8.20673,4.94405,7.85736,1,1,369,2,1,1,3,2,1,2,-0.0892,197.5,-0.29,346.1676,449.5835,402.4991,1,3,4
5070202,389.75957,407.99694,1,1,14.833333333333334,10.92551,10.19817,9.965,9.81093,10.07332,9.15641,2,2,436,NA,6,2,2,3,3,2,-0.4184,119.333,-0.08,336.8204,329.6426,375.4569,1,6,4
3930324,583.45562,635.29787,2,1,14.833333333333334,12.51743,9.18945,5.03748,5.96004,4.94405,7.85736,1,1,1030,1,1,1,4,3,3,3,0.0872,155.714,0.57,489.6479,513.1464,508.0567,2,6,4
4020202,437.15155,520.46813,2,2,14.666666666666666,11.17406,13.03951,12.07123,7.57539,10.80346,10.15325,NA,3,817,3,1,3,3,3,2,2,-0.5803,171,-0.41,421.7246,359.8145,428.8885,1,5,3
4450112,467.19289,466.88204,2,1,15.083333333333334,8.91919,13.03951,9.60333,10.35139,6.85613,10.74331,3,1,226,2,4,1,3,3,1,2,1.9226,207.333,-0.49,375.1441,390.4488,478.2171,1,3,3
5030217,476.85549,491.3395,2,1,14.916666666666666,8.19314,9.18945,8.60159,7.2741,6.85613,8.70884,4,2,668,1,4,1,1,1,2,2,-0.3225,121.636,-0.78,465.3451,422.4464,426.7438,1,3,4
3550307,572.13422,647.31367,2,1,14.583333333333334,12.51743,9.18945,13.46507,13.70742,14.02271,12.42205,1,2,1000,NA,1,NA,2,NA,NA,1,NA,93.619,0.43,512.3929,479.5449,519.5263,2,3,4
4490108,354.19815,368.3325,2,1,14.666666666666666,10.04151,8.19852,8.60159,9.34439,8.17383,7.85736,NA,2,232,4,6,1,4,4,3,2,-0.256,66,0.43,286.8905,324.7695,326.7811,1,NA,NA
4800105,490.072,547.05174,1,1,15.083333333333334,12.51743,10.19817,7.51389,6.97345,5.80254,7.85736,1,1,441,1,5,3,3,3,2,3,-1.5162,144.667,0.16,489.0248,492.6351,548.4334,1,3,NA
3900211,658.10343,659.82778,2,1,14.75,10.92551,9.18945,13.46507,11.01771,10.30668,14.34298,1,2,807,1,1,3,3,3,2,1,0.0872,102.5,0.13,608.6696,546.6677,612.5886,3,8,2
3990111,351.31353,363.8777,2,1,14.333333333333334,8.74681,13.03951,9.965,13.70742,7.89169,12.42205,NA,1,83,4,6,2,2,2,3,2,0.2803,78,-0.43,341.3382,343.2142,373.4987,1,3,4
4830422,519.22618,541.57619,2,1,15.333333333333334,11.64917,9.18945,9.60333,7.88323,9.16491,9.15641,2,2,960,2,3,1,3,3,3,2,0.5021,189.2,0.64,473.9913,473.3699,528.4782,1,3,4
3710317,580.32172,580.41095,2,1,14.25,8.19314,9.36357,10.49609,11.01771,8.69047,10.74331,4,2,738,2,5,2,3,1,2,2,0.7756,111.333,-0.69,452.8042,427.6591,448.2842,1,3,4
3750203,391.80876,496.36136,1,1,14.583333333333334,9.60097,10.19817,9.60333,8.20673,8.69047,8.70884,3,1,923,2,5,1,2,1,1,2,-0.0892,134.714,-0.28,499.2289,419.4791,440.8243,1,3,4
4780407,443.55679,534.19709,1,1,14.75,14.01827,10.19817,9.965,8.55351,8.17383,8.70884,1,2,1408,2,2,3,2,2,2,2,0.0872,200.714,0.59,419.3099,381.4317,447.6315,1,5,NA
3170111,475.26474,510.50505,2,1,14.25,10.25396,9.18945,8.59081,7.88323,9.39344,7.09863,2,1,32,4,6,1,1,2,1,1,-1.0989,32,0.31,415.6489,496.3056,511.7866,1,5,2
4510115,542.45356,574.88325,1,1,14.916666666666666,10.25396,9.18945,10.35777,11.01771,9.84519,11.44903,1,2,664,1,1,2,2,1,1,3,-0.9168,266.667,0.38,602.5939,628.3827,647.9299,1,3,NA
3090117,533.4275,479.58829,2,1,14.833333333333334,9.60097,9.18945,10.35777,10.35139,8.43911,10.15325,3,3,194,3,5,1,3,3,3,2,-1.7689,96,-0.74,491.6732,465.9118,529.4107,1,6,4
3010108,610.24674,620.69864,1,3,15,9.60097,10.19817,9.965,8.92971,10.54867,9.6346,3,2,702,3,5,2,2,2,3,1,-1.7689,173.25,-0.41,441.198,419.3997,574.0768,1,3,1
3490312,531.13764,521.979,1,1,14.5,12.51743,11.04872,10.35777,8.20673,11.07454,9.74896,1,2,820,3,1,1,2,3,3,2,-0.5803,116.143,0.64,480.768,510.1099,494.9086,1,3,4
3770208,462.58813,521.8892,1,1,14.5,10.92551,10.19817,6.36452,7.57539,7.24499,7.85736,1,2,338,1,4,1,3,4,3,3,-2.0766,NA,0.03,349.2834,405.0227,410.2387,1,6,4
4490107,458.05175,443.75672,1,1,15.166666666666666,8.19314,13.03951,10.80246,10.35139,9.84519,10.74331,3,1,232,4,6,1,4,4,3,2,-0.256,66,-0.86,181.656,205.0948,244.0694,1,NA,3
4030322,499.41974,554.1956,2,1,15.25,11.64917,11.04872,10.35777,9.81093,8.17383,9.15641,1,1,1029,1,4,2,1,2,2,1,0.7756,202.6,-0.26,462.9304,517.4769,543.398,NA,4,4
3610113,579.65031,638.7422,2,1,14.666666666666666,10.92551,8.19852,10.80246,11.01771,10.80346,8.27843,2,2,151,1,5,2,2,1,1,2,0.2803,89.333,NA,447.2737,380.0235,469.4517,1,3,2
4100114,648.30529,644.79909,1,3,14.25,9.60097,13.03951,9.965,8.92971,10.80346,10.15325,2,2,156,4,6,2,3,3,2,1,-1.5162,39.25,-0.56,534.4368,353.0748,373.6852,1,3,NA
4130214,575.45885,511.53157,2,3,13.666666666666666,10.92551,10.19817,8.26761,8.55351,9.39344,8.70884,1,NA,506,1,1,2,3,3,2,1,-0.5803,186,0.24,507.0182,378.4196,555.5203,2,NA,NA
3730217,488.18203,542.44112,1,2,14.416666666666666,10.04151,13.03951,9.26151,7.88323,8.17383,9.15641,NA,2,1043,2,3,1,2,2,3,2,-0.256,244.75,0.16,390.1776,451.2515,429.6345,1,5,4
5060210,632.52249,644.15576,1,1,14.916666666666666,14.01827,10.19817,9.965,10.35139,10.30668,8.70884,1,2,365,4,1,2,2,2,2,2,0.0872,135.333,-0.03,610.1496,614.1645,620.5147,1,5,2
3340110,379.58623,383.67806,2,1,14.833333333333334,8.91919,11.04872,13.46507,11.9425,10.80346,12.42205,4,1,116,2,6,1,1,3,3,3,1.9226,57,-1.04,368.6789,262.4584,361.5628,1,NA,4
4010315,563.17677,600.04197,2,1,15.166666666666666,10.92551,9.62932,10.35777,9.34439,11.37095,10.74331,1,2,673,3,2,1,3,3,2,2,-1.0989,187.5,-0.68,275.1285,280.5823,308.1313,1,5,3
5060217,561.642,521.2893,1,1,15.25,11.64917,13.03951,9.965,11.9425,11.37095,10.15325,1,1,365,4,1,2,2,2,2,2,0.0872,135.333,0.94,522.1296,502.1668,508.2432,1,5,2
4420130,621.79686,570.0243,2,3,13.833333333333334,4.94733,2.89672,9.965,7.2741,9.39344,8.70884,NA,1,573,1,2,1,4,3,4,2,-1.0989,192.333,0.71,641.1513,625.7395,603.0772,1,5,NA
3980210,497.86776,544.40262,2,2,14.75,10.25396,9.62932,9.965,8.55351,9.39344,8.70884,2,2,798,2,1,2,3,3,4,2,-1.0989,168.6,-0.36,477.3407,478.743,470.1044,1,3,NA
4060218,534.78261,613.9825,1,1,14.833333333333334,8.91919,13.03951,13.46507,11.9425,9.61942,12.42205,3,1,425,4,2,2,4,3,2,3,1.1595,131.333,-1.18,434.8107,492.5556,384.5953,1,3,NA
4680220,461.53583,593.17002,2,2,14.583333333333334,8.19314,13.03951,10.35777,9.34439,9.16491,10.15325,4,1,403,3,2,1,4,4,4,2,-1.2965,192.5,-0.92,490.1932,515.6324,497.0533,1,3,4
3180303,378.51069,387.48387,1,1,15.5,11.64917,10.19817,10.35777,11.9425,9.16491,10.15325,1,2,856,1,4,1,2,2,2,3,-1.0989,208.75,0.28,470.4082,421.0677,478.1238,1,3,2
4670107,574.69649,548.97963,2,1,14.416666666666666,14.01827,10.19817,11.33851,11.9425,10.07332,9.6346,1,1,991,2,3,1,3,2,3,1,-1.0989,166.5,0.25,459.8146,443.4574,428.0492,1,3,4
4770114,633.16239,618.98548,1,1,14.833333333333334,9.60097,13.03951,11.33851,11.01771,6.85613,9.6346,3,1,638,2,5,1,4,2,3,3,-0.256,167.5,-0.72,503.2793,491.2848,495.8411,1,4,4
3100121,578.3723,576.80449,2,1,14.333333333333334,10.25396,13.03951,10.80246,7.88323,9.39344,10.15325,2,2,492,3,5,2,4,3,4,1,-0.9168,107.333,-0.89,533.4242,472.3274,554.0283,1,6,NA
3580201,538.69127,535.61019,2,2,14.5,9.60097,10.19817,9.26151,8.20673,8.43911,9.15641,2,3,594,1,1,1,1,2,3,3,0.0872,147.75,0.23,546.1209,532.7139,524.7482,1,4,2
3570216,491.36454,482.59039,2,1,15.083333333333334,12.51743,9.62932,9.26151,9.34439,7.89169,9.6346,1,2,522,2,1,2,4,3,3,2,-0.5803,146.5,0.09,421.6467,437.0418,470.3842,1,3,NA
4750311,337.74718,450.27592,2,1,15,10.25396,NA,12.53054,13.64377,11.07454,10.74331,2,1,588,4,6,1,4,2,3,2,-1.5162,NA,0.09,289.6947,281.3843,382.0776,1,3,3
3970401,602.54249,550.48362,2,1,14.333333333333334,12.51743,11.04872,13.46507,13.70742,13.14698,12.42205,2,2,898,1,1,3,4,3,2,2,1.9226,131,0.46,477.107,481.3894,548.9929,1,4,4
4140224,521.3852,603.49939,1,2,14.583333333333334,11.64917,13.03951,7.03246,NA,NA,NA,1,3,1968,1,1,1,1,2,2,2,0.0872,174.818,0.79,519.7928,512.7311,565.7777,2,6,NA
3630504,519.36875,536.05166,2,1,14.416666666666666,8.91919,13.03951,8.93041,8.92971,9.61942,8.27843,4,3,1209,1,2,4,4,3,4,3,-0.4184,132.526,-0.59,486.1427,430.0649,474.3939,1,2,3
4230105,501.07027,494.28846,2,3,15.25,10.92551,13.03951,8.60159,9.34439,10.30668,9.15641,2,2,907,2,1,3,2,3,4,2,1.9226,215.75,-0.16,524.5443,420.7623,483.9053,1,5,3
5080123,679.06061,625.20276,2,1,15.166666666666666,11.64917,13.03951,13.46507,11.9425,12.54869,14.34298,1,2,494,3,5,1,3,3,1,3,-0.256,123,0.33,566.5291,474.7332,551.1376,1,3,2
3730407,625.41076,608.68153,2,1,15.333333333333334,11.64917,11.04872,8.60159,8.20673,9.16491,10.74331,1,1,1043,2,3,1,2,2,3,2,-0.256,244.75,0.57,571.2027,443.4574,519.433,1,3,4
4180110,472.94292,440.2945,1,1,15.333333333333334,11.64917,10.19817,10.35777,10.35139,7.89169,9.6346,1,1,1133,1,2,3,1,3,2,2,-0.7452,169.857,0.2,497.2815,409.0737,434.2037,1,4,NA
3490304,679.45648,641.7265,1,1,14.833333333333334,11.64917,13.03951,12.07123,11.9425,14.02271,12.42205,1,2,820,3,1,1,2,3,3,2,-0.5803,116.143,0,637.8797,660.9494,654.364,1,3,2
4740209,532.4971,594.51722,1,1,15.25,10.92551,13.03951,9.60333,8.92971,10.80346,9.15641,2,2,366,4,1,1,2,3,2,2,-0.4184,120.667,0.21,422.3477,514.7963,491.8314,1,5,4
3890122,506.72722,407.38767,2,1,15.333333333333334,8.91919,8.19852,13.46507,13.70742,10.07332,14.34298,2,2,NA,NA,2,1,3,3,3,2,-0.0892,259,-0.38,478.5091,449.071,447.072,1,3,4
3240128,591.99932,665.34828,2,1,15.5,12.51743,9.18945,7.91186,6.97345,7.58514,8.27843,1,1,760,2,3,NA,4,4,3,NA,NA,NA,0.78,504.6035,566.155,608.1126,3,5,2
3050108,539.31452,582.67163,2,1,14.583333333333334,10.25396,13.03951,8.60159,10.35139,9.84519,8.70884,3,3,445,4,5,1,1,3,2,3,-0.9168,166.667,0.04,513.4834,370.4804,441.7568,1,3,NA
3360117,345.04651,483.43611,2,1,15,8.19314,10.19817,11.33851,11.01771,9.61942,10.74331,4,2,802,3,2,1,2,1,1,3,0.5021,207.25,-0.61,342.4287,355.1632,315.0317,1,3,3
3500304,617.68685,657.07337,1,1,14.583333333333334,12.51743,9.62932,9.26151,8.92971,10.07332,9.15641,1,2,1151,1,1,2,1,2,3,1,-0.9168,NA,1.09,621.0547,661.8231,651.8463,1,3,2
4450103,519.05802,524.90515,2,1,14.583333333333334,9.60097,9.62932,10.35777,7.57539,8.69047,7.85736,2,1,226,2,4,1,3,3,1,2,1.9226,207.333,0.19,495.5678,438.5655,579.4853,1,3,NA
3430310,456.34636,365.46156,2,1,14.75,8.19314,13.03951,9.21086,8.55351,8.69047,10.15325,3,1,1049,1,2,2,3,2,3,1,-0.9168,282.5,0.05,414.0131,426.0552,394.1999,1,5,4
4770124,691.21542,585.82496,1,1,15.166666666666666,8.91919,NA,8.93041,8.55351,8.69047,10.15325,2,3,638,2,5,1,4,2,3,3,-0.256,167.5,0.79,560.687,437.8277,536.3111,1,4,4
3530305,500.87976,559.81015,1,1,14.333333333333334,14.01827,11.04872,10.80246,11.01771,11.70269,12.42205,1,3,898,NA,1,4,4,3,3,1,-0.9168,NA,1.27,473.7576,486.2012,485.304,2,4,4
3960109,415.19894,458.32639,2,1,14.166666666666666,10.92551,10.19817,11.33851,10.35139,9.84519,11.44903,1,2,521,2,1,1,1,2,3,3,0.5021,106.6,-0.25,350.9191,355.484,452.9467,1,4,NA
4780413,519.99032,522.72358,1,1,15,10.25396,9.62932,13.46507,13.70742,14.02271,14.34298,2,3,1408,2,2,3,2,2,2,2,0.0872,200.714,-1.06,487.8564,483.1034,519.806,1,5,NA
4760104,642.17738,626.79536,1,1,14.166666666666666,11.64917,13.03951,12.07123,11.01771,10.30668,12.42205,2,2,93,NA,6,NA,1,1,1,1,NA,NA,-0.19,439.6401,519.4033,532.3946,1,3,2
4380203,687.76912,619.55122,2,1,14.25,10.25396,8.81989,13.46507,10.35139,11.07454,11.44903,1,1,620,4,2,1,2,3,3,2,-0.4184,174.571,-0.19,431.3834,412.9835,354.4759,1,3,4
4520108,722.93187,605.5808,1,1,14.666666666666666,12.51743,8.81989,11.33851,8.92971,11.37095,10.74331,1,2,1287,1,1,1,2,1,1,2,0.7756,145.778,1.1,635.7766,591.1295,619.862,2,3,NA
4780428,577.17184,491.88986,1,1,14.25,10.92551,11.04872,13.46507,8.55351,11.37095,7.42878,2,2,1408,2,2,3,2,2,2,2,0.0872,200.714,-0.36,562.4786,503.1994,511.6934,1,5,NA
3140212,666.58221,655.13795,2,1,14.5,10.92551,9.62932,11.33851,9.34439,8.43911,10.74331,2,1,640,2,4,1,2,2,2,2,-0.5803,168.75,-0.51,365.2516,306.2446,354.1029,3,5,4
4830415,439.94065,489.37985,2,1,14.416666666666666,10.25396,8.48873,9.26151,10.35139,8.43911,9.15641,2,3,960,2,3,1,3,3,3,2,0.5021,189.2,0.3,395.5523,387.3212,436.5349,1,3,4
4600212,503.05029,525.44995,2,1,15,11.64917,13.03951,9.60333,10.35139,10.54867,9.15641,1,1,412,3,4,1,4,2,3,3,0.5021,197,0.82,502.5004,418.0357,474.3939,1,5,5
4790212,501.74804,502.73456,2,1,14.75,10.04151,9.62932,10.80246,11.9425,9.61942,10.15325,NA,1,980,1,4,2,4,1,1,1,0.5021,84.167,0.17,476.0944,469.9216,493.7896,1,3,NA
3160306,472.96896,450.43086,1,1,14.583333333333334,9.60097,8.93749,NA,NA,NA,7.5257,2,3,705,1,2,3,3,3,2,2,-0.5803,176.25,0.46,449.6105,418.7642,414.5282,1,3,3
3950104,580.55602,522.85025,2,1,15.083333333333334,4.94733,13.03951,5.03748,6.33324,7.24499,7.85736,NA,3,49,3,6,3,4,4,2,2,-2.0766,13.667,-1.88,531.8663,443.4574,492.4841,1,4,2
4250310,627.04386,654.55475,2,1,14.416666666666666,10.04151,11.04872,10.35777,9.34439,11.37095,11.44903,NA,2,647,3,5,1,2,3,3,2,-1.5162,184,NA,683.3697,574.415,659.0265,1,3,4
4830413,474.67624,439.99772,2,1,15,10.25396,13.03951,11.33851,11.9425,10.30668,11.44903,2,2,960,2,3,1,3,3,3,2,0.5021,189.2,-0.27,469.3955,460.218,478.2171,1,3,NA
4730115,559.0871,517.66276,1,1,15,10.92551,11.04872,9.965,8.20673,8.17383,10.15325,2,1,1159,2,1,3,3,2,1,1,-0.256,172.167,0.85,533.5021,594.2273,514.4909,2,5,3
4020201,415.73247,366.43102,2,1,15,11.64917,8.19852,10.80246,10.35139,9.84519,10.15325,1,3,817,3,1,3,3,3,2,2,-0.5803,171,-0.11,420.8677,356.0454,407.9075,1,5,4
4620224,671.98129,671.90926,2,1,15.166666666666666,12.51743,5.81451,8.93041,7.57539,8.93142,9.6346,1,3,592,2,1,1,3,1,1,1,1.1595,119.2,0.87,575.0974,453.8827,571.0929,1,5,4
3080105,398.20819,444.03397,1,1,15.166666666666666,10.92551,8.81989,8.93041,8.92971,7.58514,8.27843,3,1,511,4,1,1,4,3,3,2,-0.256,133.25,-0.39,434.1097,384.1134,400.4476,1,6,3
4550215,383.12819,338.68035,1,2,14.916666666666666,10.92551,11.04872,9.965,7.88323,9.39344,9.15641,1,2,786,3,3,1,3,3,3,1,-0.9168,154,0.32,303.2482,330.8341,310.276,1,4,4
3850113,373.19754,397.48721,2,1,14.333333333333334,10.25396,9.62932,9.26151,9.34439,8.93142,8.27843,1,2,454,2,2,1,4,3,2,2,0.2803,177.2,0.37,444.158,399.2702,422.8273,NA,3,NA
4820115,431.51158,498.45542,2,1,14.583333333333334,8.91919,10.19817,8.60159,8.55351,9.39344,7.85736,3,1,173,2,6,1,4,4,1,1,0.0872,8.667,-0.9,424.0614,385.4767,410.2387,1,3,3
4940213,463.05328,457.02272,2,1,14.916666666666666,11.64917,8.48873,10.35777,13.70742,12.54869,6.97717,1,2,832,2,1,2,4,3,4,2,-0.0892,139,0.43,361.7464,369.4378,395.3189,4,3,2
3580204,654.74226,625.85427,1,1,15.083333333333334,11.64917,10.19817,13.46507,13.70742,12.54869,14.34298,1,2,594,1,1,1,1,2,3,3,0.0872,147.75,0.3,589.5077,603.0442,504.6065,1,4,3
3720103,571.5912,529.05597,1,1,14.916666666666666,8.19314,13.03951,13.46507,13.70742,11.37095,12.42205,4,2,434,4,6,1,2,2,3,3,-2.4968,143.333,-0.83,424.2172,274.9147,351.3987,1,5,4
4980215,543.79447,519.68198,2,1,15,10.25396,10.19817,9.965,8.92971,8.93142,8.70884,2,2,590,3,1,2,3,3,2,2,0.0872,125.6,-0.17,407.5479,418.5169,465.7217,1,4,NA
3580206,584.56468,519.74123,2,1,14.833333333333334,10.04151,8.19852,8.26761,6.97345,4.94405,7.85736,NA,2,594,1,1,1,1,2,3,3,0.0872,147.75,-0.12,494.8668,465.1099,451.7344,1,4,4
3940220,383.13478,349.07333,1,1,14.333333333333334,8.91919,11.04872,11.33851,8.20673,9.16491,9.6346,3,1,524,3,1,2,3,2,2,2,-0.7452,271,-0.33,398.2785,429.0903,382.7303,1,5,4
4540102,584.88894,622.65796,1,1,14.916666666666666,9.60097,9.62932,11.33851,8.20673,11.07454,9.6346,3,2,407,3,4,1,3,3,3,2,-1.0989,173.6,-0.69,520.4938,513.2871,502.182,1,NA,NA
3890119,505.83335,494.52064,1,1,15.166666666666666,11.17406,13.03951,9.26151,8.55351,6.39359,11.44903,NA,1,NA,NA,2,1,3,3,3,2,-0.0892,259,-0.19,442.678,474.6042,457.6091,1,3,2
3970409,580.25434,538.14202,2,1,14.583333333333334,9.60097,8.48873,10.35777,9.81093,5.80254,9.15641,3,2,898,1,1,3,4,3,2,2,1.9226,131,-0.22,444.158,412.9835,466.0015,1,4,4
3040113,501.53698,507.52488,1,1,14.833333333333334,14.01827,11.04872,9.965,9.81093,9.16491,10.74331,1,1,685,4,2,1,2,4,3,2,-0.256,134.6,0.51,434.577,463.9605,464.1365,1,5,4
3850117,489.00428,416.43399,2,1,14.583333333333334,10.92551,9.62932,7.91186,9.34439,9.16491,8.70884,1,2,454,2,2,1,4,3,2,2,0.2803,177.2,-0.58,342.8961,259.8119,333.5882,NA,3,3
3940221,411.89085,390.28203,2,1,15.166666666666666,11.64917,9.62932,8.93041,9.81093,7.89169,9.6346,1,2,524,3,1,2,3,2,2,2,-0.7452,271,1.28,262.8213,273.2044,344.9646,1,5,4
3750215,567.97315,487.48459,2,1,14.416666666666666,10.92551,8.48873,9.60333,9.81093,8.69047,9.6346,1,1,923,2,5,1,2,1,1,2,-0.0892,134.714,-0.77,550.8724,469.1196,549.7389,1,3,3
3680304,686.33859,683.02206,2,2,14.333333333333334,7.37134,9.18945,8.26761,9.81093,12.08627,8.70884,4,2,619,2,2,2,3,1,3,1,-0.5803,91.714,-1.09,555.0008,476.5777,509.8284,3,5,NA
4250316,485.00466,510.64111,1,1,14.75,11.17406,9.62932,8.60159,10.35139,8.93142,7.85736,NA,2,647,3,5,1,2,3,3,2,-1.5162,184,0.43,536.0726,553.797,550.6714,1,3,4
4020413,433.22334,511.06774,2,1,14.666666666666666,10.25396,9.18945,9.60333,10.35139,8.17383,10.74331,2,3,817,3,1,3,3,3,2,2,-0.5803,171,-0.45,435.9012,428.9422,408.2805,1,5,3
3580202,572.03277,583.62647,2,1,14.833333333333334,10.25396,12.83637,10.35777,9.34439,9.84519,8.70884,2,2,594,1,1,1,1,2,3,3,0.0872,147.75,-0.58,591.3772,631.1125,635.5278,1,4,3
3180114,469.48499,506.75325,2,1,15.166666666666666,10.92551,9.18945,8.26761,8.55351,7.24499,9.15641,2,3,856,1,4,1,2,2,2,3,-1.0989,208.75,-0.03,326.2268,344.0162,349.8135,1,3,4
4600221,575.16902,565.57833,2,1,14.583333333333334,8.19314,13.03951,9.60333,9.34439,11.07454,9.6346,4,3,412,3,4,1,4,2,3,3,0.5021,197,-0.73,491.7511,438.0843,466.0015,1,5,3
4120213,571.65824,653.52997,2,2,14.916666666666666,10.25396,13.03951,9.965,10.35139,9.39344,8.70884,1,1,1653,4,4,NA,3,3,3,2,-0.8068,187,0.91,649.0185,498.7114,572.9579,1,3,4
3710311,474.16272,495.46631,2,1,14.5,10.25396,13.03951,9.965,9.34439,11.70269,10.74331,2,2,738,2,5,2,3,1,2,2,0.7756,111.333,0.03,508.9656,429.6639,478.9631,1,3,NA
4530211,510.80225,542.01864,1,1,15,10.25396,8.19852,8.93041,10.35139,8.93142,10.74331,4,1,205,1,6,1,3,3,4,2,-0.5803,67,-0.56,393.4491,370.5496,414.7147,1,3,NA
5050201,565.21177,525.26402,1,1,14.916666666666666,12.51743,11.04872,9.26151,7.2741,8.93142,8.27843,1,2,809,1,3,1,2,2,3,1,1.9226,155.6,-0.68,453.7389,437.2717,431.4994,2,3,4
3940205,459.09914,502.78639,2,2,14.75,10.25396,10.19817,10.80246,9.81093,10.30668,9.6346,2,2,524,3,1,2,3,2,2,2,-0.7452,271,0.18,415.3373,386.5193,370.8877,1,5,4
4620203,624.4074,589.52264,1,1,14.916666666666666,8.74681,10.19817,7.51389,8.55351,5.80254,7.42878,NA,NA,592,2,1,1,3,1,1,1,1.1595,119.2,-1.14,568.0869,537.1164,585.6397,1,4,2
5090123,687.09469,685.42076,2,1,15,10.92551,13.03951,12.07123,11.9425,14.02271,14.34298,2,2,310,1,4,1,1,1,2,1,-0.9168,NA,0.51,553.2871,481.9507,544.9832,2,3,2
4950209,510.32739,524.97891,1,1,15,10.92551,13.03951,12.07123,11.01771,7.89169,10.15325,1,1,521,3,1,4,4,3,3,3,-1.7689,180.333,0.05,532.4116,515.9084,536.8706,1,4,4
3460115,530.66366,476.65996,2,1,15.25,8.74681,10.19817,8.60159,10.35139,7.89169,9.6346,NA,3,665,2,4,1,3,4,3,1,0.5021,130.4,-1.44,497.9047,477.0589,517.9411,1,4,4
3290202,582.24331,602.05759,1,1,13.833333333333334,9.60097,13.03951,NA,NA,NA,NA,2,2,469,4,3,3,3,3,2,2,-0.7452,186,-0.55,372.1841,430.6789,402.9653,1,4,NA
4230112,552.39281,510.23576,2,3,15.083333333333334,10.92551,10.19817,10.80246,11.01771,10.54867,10.74331,1,2,907,2,1,3,2,3,4,2,1.9226,215.75,0.03,550.0935,517.1561,521.671,1,5,4
3160310,447.11841,516.35681,2,1,14.416666666666666,8.91919,6.83195,8.93041,11.01771,6.85613,8.70884,2,2,705,1,2,3,3,3,2,2,-0.5803,176.25,0.21,342.195,348.8649,340.3954,1,3,2
3770207,445.25838,424.04169,2,1,14.75,8.74681,13.03951,12.07123,11.9425,8.93142,10.74331,NA,2,338,1,4,1,3,4,3,3,-2.0766,NA,-0.53,393.6049,395.3407,454.5319,1,6,3
3310120,625.553,609.42916,1,1,14.75,12.51743,11.04872,9.965,10.35139,8.17383,10.15325,1,1,594,1,1,1,1,1,3,2,-0.0892,NA,0.5,640.7618,621.2339,552.8161,3,8,4
3280104,563.55767,587.04952,1,1,14.916666666666666,9.60097,13.03951,12.07123,13.70742,14.02271,14.34298,2,3,77,2,6,2,4,2,3,2,-1.0989,74,0.09,560.2976,524.4075,547.4077,1,5,4
3370117,493.46133,455.15277,1,1,14.666666666666666,8.19314,10.19817,13.46507,10.35139,9.84519,12.42205,4,1,377,1,5,1,3,1,1,3,0.7756,90.5,-2.06,496.3468,498.1158,453.5994,1,5,4
3250118,535.29256,543.23294,1,1,14.333333333333334,10.92551,13.03951,10.35777,9.81093,10.07332,11.44903,2,1,348,4,1,1,4,3,3,3,-1.0989,173.5,-0.72,424.8403,391.5988,418.3514,1,5,4
4820102,362.50967,364.23078,1,1,15.75,10.04151,7.3246,13.46507,13.70742,9.84519,12.42205,NA,1,173,2,6,1,4,4,1,1,0.0872,8.667,-0.21,374.2094,350.2153,402.7788,1,3,NA
4580311,477.50567,538.22942,2,1,14.666666666666666,12.51743,10.19817,12.07123,9.81093,11.37095,12.42205,1,3,603,1,1,4,4,4,3,1,-2.4968,81,-0.24,436.4465,450.9155,423.107,3,4,4
3970402,573.78408,500.99096,1,1,14.75,10.25396,13.03951,10.80246,11.9425,8.93142,11.44903,1,1,898,1,1,3,4,3,2,2,1.9226,131,-0.68,542.4599,447.2005,477.0981,1,4,NA
4070217,526.61265,512.41101,2,2,14.75,10.04151,10.19817,13.46507,8.55351,11.70269,14.34298,NA,2,883,1,5,2,2,3,2,1,-1.2965,140.308,0.14,426.3982,398.3079,383.1966,2,6,2
4930117,511.25935,549.0032,1,1,14.416666666666666,12.51743,8.81989,8.93041,8.92971,6.85613,8.70884,1,1,806,1,1,2,2,2,1,1,0.2803,157.4,0.49,497.2815,489.299,549.8322,1,4,4
4940210,477.8402,485.85457,2,1,15.083333333333334,10.25396,9.62932,9.965,8.55351,8.93142,8.27843,2,2,832,2,1,2,4,3,4,2,-0.0892,139,-0.22,369.8473,390.529,453.3197,4,3,NA
3250120,380.6772,423.37622,1,2,16.416666666666668,10.04151,8.48873,10.80246,9.34439,9.16491,10.74331,NA,3,348,4,1,1,4,3,3,3,-1.0989,173.5,-1.01,324.2016,301.9212,285.7516,1,5,1
4730317,446.78857,538.41556,2,1,14.583333333333334,10.92551,10.19817,9.60333,8.92971,9.39344,9.15641,1,2,1159,2,1,3,3,2,1,1,-0.256,172.167,-0.37,395.1628,400.9543,319.8806,NA,5,4
3730424,564.25064,585.68246,2,1,14.916666666666666,10.92551,13.03951,11.33851,10.35139,11.07454,14.34298,3,2,1043,2,3,1,2,2,3,2,-0.256,244.75,-0.12,547.8346,505.4477,676.7438,1,3,5
4740201,481.47456,451.80217,1,1,15.25,8.74681,11.04872,9.26151,9.81093,7.58514,8.27843,NA,2,366,4,1,1,2,3,2,2,-0.4184,120.667,-0.79,316.4901,389.3748,365.9455,1,5,4
4520109,536.46431,636.35789,1,1,15.25,11.64917,8.81989,7.03246,6.33324,6.85613,10.15325,1,2,1287,1,1,1,2,1,1,2,0.7756,145.778,0.54,497.9826,573.6547,584.1477,2,3,2
3600120,589.22721,596.46289,2,1,14.916666666666666,9.60097,11.04872,10.35777,8.55351,11.37095,10.15325,2,3,NA,1,1,3,2,3,3,1,0.2803,177,-0.2,567.7754,524.3736,582.5625,1,3,NA
4720107,624.9531,673.08931,2,1,14.916666666666666,14.01827,8.81989,13.46507,10.35139,15.81948,14.34298,1,2,846,1,4,1,3,3,3,3,-1.0989,173.8,0.73,570.4237,559.7394,586.5722,1,6,NA
4370114,466.57355,569.56243,2,1,15.083333333333334,10.25396,NA,NA,NA,NA,NA,3,NA,110,1,3,1,3,2,1,3,-1.2965,NA,0.16,408.4047,395.5812,459.4741,1,4,4
4210325,464.50503,462.0975,1,1,15.083333333333334,11.17406,10.19817,8.93041,4.82293,7.89169,8.27843,NA,2,971,1,4,1,2,2,2,3,0.2803,169.167,-0.06,382.3882,382.1465,381.1451,1,5,NA
3430119,485.41942,505.32465,1,1,15.083333333333334,11.17406,11.04872,9.965,8.92971,9.16491,9.6346,NA,1,1049,1,2,2,3,2,3,1,-0.9168,282.5,-0.47,466.4356,487.8692,483.1593,1,5,NA
3010115,611.24977,670.02414,2,3,14.75,9.60097,11.04872,11.33851,9.81093,11.07454,10.15325,2,2,702,3,5,2,2,2,3,1,-1.7689,173.25,-1.48,486.2985,425.0126,612.1223,1,3,3
3470113,414.14205,433.14835,2,1,15.25,8.91919,10.19817,9.60333,9.34439,10.30668,7.85736,4,3,305,4,1,1,3,2,3,2,0.0872,152.5,-0.34,280.3474,274.1668,310.276,1,3,4
3900121,569.06166,644.31812,1,1,15.333333333333334,10.92551,8.48873,9.26151,9.34439,3.17837,8.70884,2,1,807,1,1,3,3,3,2,1,0.0872,102.5,-0.16,469.1619,419.5585,384.5953,3,5,4
3570224,672.26151,623.61192,2,1,14.833333333333334,10.25396,9.62932,9.60333,6.66537,11.37095,9.6346,2,2,522,2,1,2,4,3,3,2,-0.5803,146.5,0.84,628.8441,516.4344,558.5975,1,3,2
4290113,494.46592,456.17351,2,1,15.5,8.19314,8.81989,9.965,9.81093,9.39344,10.74331,3,2,285,4,6,1,4,2,3,3,0.0872,88,0.16,448.8316,461.1002,478.8698,1,3,4
3630515,454.65349,514.79509,1,3,15.083333333333334,11.64917,9.62932,8.93041,7.2741,8.43911,10.15325,1,2,1209,1,2,4,4,3,4,3,-0.4184,132.526,0.56,329.031,459.8301,397.1839,1,5,2
3730214,531.67262,521.25701,2,1,15.416666666666666,10.92551,9.62932,10.80246,9.81093,10.30668,10.74331,2,1,1043,2,3,1,2,2,3,2,-0.256,244.75,-0.83,462.2293,419.1584,419.5636,1,5,4
4700108,571.80628,590.8957,2,1,15.5,12.51743,11.04872,11.33851,11.01771,10.80346,10.15325,1,2,1590,1,1,1,4,4,3,3,-0.9168,218,1.35,455.9978,433.5934,458.7281,1,3,3
4970113,562.5952,627.38238,1,1,14.75,10.92551,13.03951,8.60159,8.20673,8.69047,9.15694,2,2,500,1,1,3,3,4,4,2,-1.5162,168,0.3,502.5004,507.171,512.6259,4,4,4
3950102,520.31223,574.58723,2,1,14.666666666666666,8.91919,10.19817,9.965,8.20673,9.61942,10.15325,3,2,49,3,6,3,4,4,2,2,-2.0766,13.667,-0.96,473.2902,392.0527,481.947,1,4,4
3940216,472.81052,500.75702,1,1,15.333333333333334,10.25396,11.04872,9.60333,9.81093,9.39344,8.70884,1,3,524,3,1,2,3,2,2,2,-0.7452,271,-0.44,445.7937,499.2279,429.6345,1,5,4
3980226,439.41405,461.19787,2,1,15.666666666666666,10.25396,9.18945,6.36452,6.33324,3.17837,6.97717,2,1,798,2,1,2,3,3,4,2,-1.0989,168.6,-0.06,408.4826,395.902,403.7113,1,3,4
4800107,431.88366,470.32898,1,1,15.083333333333334,11.64917,10.19817,7.91186,8.55351,7.24499,8.70884,2,2,441,1,5,3,3,3,2,3,-1.5162,144.667,0.25,447.3516,428.296,468.5192,1,3,NA
3970408,640.3426,616.30035,2,2,15.083333333333334,12.51743,7.91394,13.46507,13.70742,11.70269,10.15325,1,2,898,1,1,3,4,3,2,2,1.9226,131,0.22,563.0238,453.0807,538.1761,1,4,5
4890221,562.33542,666.86995,2,1,14.25,11.64917,11.04872,10.35777,9.34439,9.16491,8.70884,1,1,731,1,1,3,2,1,1,3,0.5021,152.4,0.69,438.7054,406.5679,405.3898,1,3,2
3380215,403.57072,441.70259,1,1,14.583333333333334,12.21628,11.04872,9.965,8.55351,8.69047,9.15641,NA,1,472,1,5,3,3,3,3,3,-0.9168,114,0.31,508.3424,462.3719,438.1201,1,3,2
3640306,539.30413,521.62635,2,2,14.666666666666666,10.04151,8.81989,10.80246,10.35139,9.39344,12.42205,NA,1,758,2,2,3,2,3,2,3,1.9226,205.2,0.5,369.5358,359.0927,374.5244,1,3,2
3190314,545.44645,594.86332,2,2,14.75,14.01827,8.48873,9.26151,8.55351,8.17383,9.15641,1,2,1079,3,2,1,3,3,3,1,-0.9812,148.857,0.48,570.8911,541.2145,551.7904,1,3,4
3960117,481.54528,430.60234,1,1,15.25,8.91919,7.91394,10.80246,11.9425,9.84519,9.6346,3,2,521,2,1,1,1,2,3,3,0.5021,106.6,-0.87,395.8638,349.6593,425.9045,1,4,4
3430317,557.67591,584.34355,1,1,14.833333333333334,12.51743,8.81989,13.46507,13.70742,11.07454,11.44903,1,1,1049,1,2,2,3,2,3,1,-0.9168,282.5,0.64,515.8202,484.692,463.204,1,5,2
3220103,550.05814,575.22728,1,1,14.5,9.60097,9.62932,9.26151,10.35139,4.94405,9.6346,2,1,42,4,6,1,1,3,3,2,0.5021,21,-0.51,625.5725,537.3547,588.1574,1,4,NA
3520207,483.55034,501.13248,1,1,14.5,11.17406,9.18945,10.80246,8.92971,8.69047,8.70884,NA,2,637,1,4,1,1,3,2,2,0.7756,150.5,0.72,433.7202,485.48630000000003,498.0791,1,3,4
4820109,413.11399,467.85302,2,1,15.5,8.74681,13.03951,8.60159,11.9425,9.39344,8.27843,NA,NA,173,2,6,1,4,4,1,1,0.0872,8.667,-0.43,362.3695,344.7379,351.9582,1,3,3
3250108,492.84009,479.61143,2,1,14.5,11.64917,13.03951,11.33851,13.70742,10.54867,10.15325,2,2,348,4,1,1,4,3,3,3,-1.0989,173.5,0.81,414.6362,338.6431,396.0649,1,5,2
3600105,511.90361,489.84194,2,1,14.5,10.92551,10.19817,12.07123,11.9425,10.07332,11.44903,1,2,NA,1,1,3,2,3,3,1,0.2803,177,0.44,400.5375,364.0648,355.7814,1,3,NA
4630214,547.33844,564.79873,2,1,15.083333333333334,4.94733,13.03951,10.80246,10.35139,10.30668,10.74331,NA,1,311,3,5,1,1,3,2,2,-1.2965,94,-0.53,493.1531,466.9544,485.5837,1,3,3
4460303,463.98245,473.86332,2,1,15.333333333333334,10.25396,13.03951,9.37427,7.88323,9.16491,8.70884,3,2,881,1,2,1,2,3,3,2,0.5021,174,-0.45,409.5731,403.3601,461.712,1,4,4
3970412,619.29637,642.86541,1,1,15.5,10.92551,11.04872,9.60333,9.81093,10.30668,8.27843,1,3,898,1,1,3,4,3,2,2,1.9226,131,0.36,590.5203,596.1337,607.7396,1,4,2
4970118,683.48403,701.3253,2,1,15.166666666666666,10.92551,10.19817,12.07123,11.9425,15.81948,14.34298,2,3,500,1,1,3,3,4,4,2,-1.5162,168,0.43,604.697,506.0091,577.2473,4,4,2
4690302,467.451,515.53967,1,1,14,10.25396,13.03951,9.965,11.01771,9.16491,9.6346,2,2,903,1,1,2,3,2,3,1,-0.5803,176.4,-0.7,427.9561,482.9445,429.5412,1,4,NA
4020408,454.61259,518.3961,2,1,14.75,10.92551,11.04872,10.80246,11.01771,10.07332,9.15641,1,2,817,3,1,3,3,3,2,2,-0.5803,171,0.76,396.4091,429.7441,438.9593,1,5,3
4300105,468.54788,472.26244,2,1,14.916666666666666,12.51743,8.19852,11.33851,10.35139,8.17383,9.15641,1,1,613,3,4,1,4,4,2,1,1.9226,244,0.17,439.6401,448.8304,476.4454,1,4,3
3730413,574.12453,584.12544,2,1,15,11.64917,10.19817,9.60333,11.01771,10.54867,14.34298,1,2,1043,2,3,1,2,2,3,2,-0.256,244.75,0.23,522.1296,502.8013,601.865,1,3,5
4020414,412.91287,501.06865,1,1,14.5,8.74681,9.18945,5.03748,7.88323,6.85613,6.97717,NA,1,817,3,1,3,3,3,2,2,-0.5803,171,-0.01,372.5736,429.3286,343.8456,1,5,NA
4400106,632.4074,534.65492,2,1,14.666666666666666,14.01827,8.81989,9.965,11.9425,11.70269,8.70884,1,2,907,3,2,2,4,4,2,2,-0.256,155.5,0.67,420.0109,354.36130000000003,361.2831,1,3,NA
4550223,377.91191,393.57033,2,1,14.583333333333334,9.60097,13.03951,9.26151,11.01771,8.69047,8.70884,2,2,786,3,3,1,3,3,3,1,-0.9168,154,-1,385.1924,369.1171,314.9385,1,4,3
3300218,526.45332,526.61438,2,1,14.083333333333334,10.92551,8.19852,8.93041,10.35139,8.43911,8.70884,1,2,837,3,2,1,3,1,3,3,0.0872,136.333,0.24,432.5518,412.1815,428.9817,1,4,4
4530213,601.98852,581.8521,2,1,14.666666666666666,10.25396,11.04872,9.60333,11.01771,11.07454,14.34298,2,2,205,1,6,1,3,3,4,2,-0.5803,67,-0.76,572.449,497.9094,551.7904,1,3,NA
4220407,644.32535,626.6282,2,1,14.666666666666666,11.64917,11.04872,11.33851,10.35139,10.54867,10.74331,1,2,1371,1,2,2,4,2,3,3,-1.0989,11.25,0.57,550.9503,584.8403,507.031,3,8,2
4440109,450.92908,457.38846,2,1,13.833333333333334,10.25396,8.19852,8.93041,8.92971,8.43911,9.6346,3,2,NA,1,4,3,2,3,3,3,-0.9168,128.462,0.11,388.6197,303.8387,354.1029,1,3,4
3960104,505.17133,580.69595,2,1,14.25,10.25396,8.48873,9.26151,8.92971,8.93142,8.70884,2,2,521,2,1,1,1,2,3,3,0.5021,106.6,0.08,452.0252,441.0515,495.5614,1,4,4
4720122,553.99496,544.0755,1,1,14.5,11.64917,11.04872,10.35777,10.35139,7.58514,10.74331,2,1,846,1,4,1,3,3,3,3,-1.0989,173.8,0.09,350.6855,436.9539,440.5446,1,6,4
3560319,578.19264,539.63761,2,1,14.166666666666666,14.01827,7.11034,10.35777,11.01771,10.54867,8.27843,1,1,756,3,1,2,3,3,3,2,1.1595,145.091,0.68,488.2458,493.178,476.6319,1,4,NA
3210202,454.72478,472.85197,2,1,15,8.91919,8.81989,9.965,11.01771,8.69047,8.70884,3,1,766,2,5,2,1,3,2,2,-0.256,163.8,-0.3,378.0262,360.0551,408.84,1,3,NA
4280123,507.79908,561.06035,1,1,14.5,11.64917,8.81989,8.26761,9.34439,12.08627,9.6346,3,3,311,1,1,1,NA,2,2,3,0.7756,189,0.37,467.604,500.0222,467.8665,1,5,4
3280109,452.58262,487.18737,2,1,14.916666666666666,8.91919,7.6477,8.60159,9.81093,9.61942,8.27843,4,2,77,2,6,2,4,2,3,2,-1.0989,74,-0.61,530.62,465.1099,513.5584,1,5,3
4180112,525.69633,495.41318,1,2,13.666666666666666,8.91919,13.03951,10.80246,8.20673,11.37095,10.74331,3,1,1133,1,2,3,1,3,2,2,-0.7452,169.857,-0.49,557.1039,509.2362,586.0127,1,4,NA
4230120,472.10917,491.39405,2,1,15,11.64917,10.19817,11.33851,8.92971,8.69047,9.6346,1,2,907,2,1,3,2,3,4,2,1.9226,215.75,0.08,469.084,513.2266,460.2201,1,5,4
3260218,412.60706,334.65796,1,3,15.333333333333334,8.91919,13.03951,8.26761,8.92971,8.69047,8.27843,3,1,687,2,1,2,2,2,3,1,-0.4184,329.5,-0.65,396.0196,280.316,362.6818,1,3,1
4240103,488.14963,527.12786,1,1,14.583333333333334,12.51743,11.04872,8.93041,10.35139,5.80254,10.15325,1,1,858,2,1,1,2,3,3,1,-0.9168,166.909,0.88,560.4533,550.858,507.9634,2,6,NA
3180314,451.27556,505.83867,1,1,15,9.60097,11.04872,9.965,8.92971,9.39344,9.6346,2,1,856,1,4,1,2,2,2,3,-1.0989,208.75,0.2,410.5858,387.2301,410.9847,1,3,2
4940209,472.53688,466.46054,1,1,15.083333333333334,11.64917,6.83195,9.60333,7.88323,8.69047,8.27843,1,1,832,2,1,2,4,3,4,2,-0.0892,139,-0.17,388.9313,494.462,481.8538,4,3,2
4490102,492.26935,462.76242,1,1,15.166666666666666,9.60097,9.62932,8.26761,8.20673,10.30668,8.70884,2,1,232,4,6,1,4,4,3,2,-0.256,66,-1.08,305.2734,306.6871,355.0354,1,NA,NA
4430211,492.66824,496.13833,2,3,14.5,9.60097,10.19817,9.965,10.35139,9.39344,10.15325,2,2,251,4,6,3,3,4,2,2,-0.7452,125.5,-0.7,370.9378,340.7282,358.4856,1,3,3
3450201,527.33255,508.89205,1,1,14.083333333333334,10.25396,7.11034,8.26761,7.2741,8.69047,7.85736,2,2,380,4,5,1,3,2,3,2,0.5021,102,-1.17,450.0779,471.983,507.404,1,3,4
3730208,426.34771,540.38426,1,1,14.416666666666666,10.92551,13.03951,11.33851,8.55351,8.17383,10.74331,1,1,1043,2,3,1,2,2,3,2,-0.256,244.75,0.01,455.0631,382.9409,448.937,1,5,4
4020220,478.7867,521.81817,1,1,15.25,14.01827,11.04872,11.33851,9.81093,10.30668,9.6346,1,1,817,3,1,3,3,3,2,2,-0.5803,171,0.33,445.0927,468.6469,450.9884,1,5,4
4930123,521.42733,543.39465,2,1,14.666666666666666,11.64917,9.18945,8.93041,7.57539,8.93142,9.1439800000000009,1,2,806,1,1,2,2,2,1,1,0.2803,157.4,0.2,453.5052,448.269,421.2421,1,4,4
4560318,608.91946,575.77851,2,1,14.833333333333334,9.60097,10.19817,10.80246,11.01771,9.61942,10.15325,2,1,706,1,2,2,4,4,4,2,-1.0989,231,-0.23,524.4664,460.2982,513.2786,1,4,3
3430109,507.32779,557.4397,2,1,14.583333333333334,10.25396,10.19817,8.60159,8.55351,8.17383,8.70884,2,2,1049,1,2,2,3,2,3,1,-0.9168,282.5,-0.17,471.5766,459.2557,445.6733,1,5,4
3270111,571.22337,592.96642,1,1,14.583333333333334,8.91919,9.62932,9.26151,7.88323,9.16491,10.76635,2,2,364,4,5,1,3,1,1,1,0.2803,109.333,-1.38,493.9321,468.2498,446.4192,1,4,4
3280107,560.9983,624.24422,2,1,15,10.25396,9.18945,8.26761,7.88323,9.61942,8.70884,2,2,77,2,6,2,4,2,3,2,-1.0989,74,-0.35,516.6771,509.4575,504.2335,1,5,4
3420214,553.10657,509.61819,1,1,14.75,11.17406,9.18945,12.07123,9.81093,11.70269,12.42205,NA,1,1076,3,4,2,2,1,3,1,-0.0892,177.833,-0.74,485.5196,479.1318,521.671,1,3,4
3140213,531.76033,552.66203,1,1,14.416666666666666,10.92551,10.19817,9.965,7.88323,9.16491,7.85736,2,2,640,2,4,1,2,2,2,2,-0.5803,168.75,-0.59,454.5178,460.3067,445.4868,3,5,4
3600101,593.70985,582.24512,2,1,14.666666666666666,10.92551,11.04872,9.965,8.92971,10.09796,9.15641,2,2,NA,1,1,3,2,3,3,1,0.2803,177,0.25,505.7719,455.4865,550.5781,1,3,2
3630311,490.6062,485.27399,2,1,15.333333333333334,10.25396,13.03951,9.965,10.35139,8.69047,10.15325,3,1,1209,1,2,4,4,3,4,3,-0.4184,132.526,0.16,466.2019,411.6201,434.2969,1,5,3
4540105,519.55814,525.34389,2,1,14.833333333333334,8.91919,9.62932,9.60333,7.2741,7.24499,9.6346,3,2,407,3,4,1,3,3,3,2,-1.0989,173.6,-0.08,444.3138,428.862,480.828,1,3,4
3810111,622.1372,596.25133,2,2,15.083333333333334,14.01827,7.91394,8.26761,11.01771,9.16491,7.85736,1,1,728,1,2,1,1,1,1,3,-0.0892,252,0.57,558.4281,551.6398,527.5457,1,NA,5
4000406,494.43452,504.85351000000003,1,1,15.25,10.25396,10.19817,10.35777,9.34439,10.07332,10.15325,2,1,681,2,5,1,3,3,1,1,1.9226,148.889,0.1,445.7158,416.3019,498.3588,1,6,4
3530302,566.23078,579.39436,2,1,14.25,14.01827,8.19852,10.35777,11.01771,9.16491,11.44903,1,2,898,NA,1,4,4,3,3,1,-0.9168,NA,0.37,508.1866,521.8876,490.1529,2,4,4
3820517,499.96667,477.61359,1,1,15,9.60097,8.19852,9.60333,8.55351,9.39344,9.6346,4,2,1365,4,2,2,2,3,3,1,-0.9168,NA,-0.12,456.7768,500.3399,433.5509,1,6,4
5080108,526.6874,520.10283,2,1,14.416666666666666,8.91919,13.03951,10.80246,13.70742,10.30668,14.34298,4,2,494,3,5,1,3,3,1,3,-0.256,123,-0.76,533.0347,450.1135,578.8325,1,3,2
5010119,600.89532,585.18404,1,1,15.416666666666666,10.25396,8.48873,9.965,7.57539,10.30668,8.27843,2,2,429,1,1,1,1,2,2,2,-0.4184,NA,-0.08,535.5273,513.5254,541.533,1,4,2
3160304,534.56696,511.12589,2,1,15.166666666666666,11.64917,8.19852,13.46507,8.92971,14.02271,10.15325,1,3,705,1,2,3,3,3,2,2,-0.5803,176.25,0.08,440.4191,373.4476,413.9687,1,3,4
4230104,493.64345,408.64725,1,1,15.25,9.60097,10.19817,12.07123,11.01771,9.61942,9.6346,4,1,907,2,1,3,2,3,4,2,1.9226,215.75,-1.2,470.7197,533.9392,452.6669,1,5,1
3730201,498.31615,520.75455,1,1,15.083333333333334,12.51743,11.04872,9.965,7.88323,8.93142,9.15641,1,1,1043,2,3,1,2,2,3,2,-0.256,244.75,0.67,396.7986,411.3772,421.4286,1,5,4
3160313,461.80846,433.64557,1,1,14.833333333333334,8.91919,9.62932,9.26151,8.92971,8.17383,8.27843,3,2,705,1,2,3,3,3,2,2,-0.5803,176.25,0.17,491.7511,507.9653,548.0604,1,3,4
3300223,531.27697,511.46272,2,1,14.666666666666666,10.92551,7.91394,9.60333,7.57539,9.39344,8.27843,2,1,837,3,2,1,3,1,3,3,0.0872,136.333,-1.44,429.3582,464.3079,504.2335,1,4,NA
3510108,563.19588,644.16853,1,1,14.583333333333334,10.25396,9.62932,9.60333,8.55351,9.61942,9.15641,2,2,64,3,6,1,3,2,2,2,-0.4184,NA,-0.63,501.8772,500.8165,450.1492,1,3,NA
3550310,701.27457,636.81365,2,1,14,12.51743,9.62932,9.965,8.55351,10.54867,8.70884,1,3,1000,NA,1,NA,2,NA,NA,1,NA,93.619,0.73,629.623,555.7297,618.6498,2,3,2
3830105,452.96196,497.9378,2,1,14.25,9.60097,9.62932,9.26151,8.92971,9.84519,9.15641,3,1,51,4,6,1,3,3,3,2,-0.0892,25,-0.33,519.7928,458.6943,500.2238,1,3,2
4790205,441.87554,468.95985,2,1,14.916666666666666,11.17406,9.62932,9.26151,7.2741,7.58514,10.15325,NA,3,980,1,4,2,4,1,1,1,0.5021,84.167,-0.22,442.1327,425.7344,499.6643,1,3,NA
3630517,576.78356,669.45535,2,1,15.416666666666666,10.92551,11.04872,8.26761,8.92971,8.93142,8.70884,2,1,1209,1,2,4,4,3,4,3,-0.4184,132.526,-1.26,458.9578,504.4052,501.2495,1,2,3
4420124,539.25329,504.47554,2,1,13.916666666666666,12.51743,11.04872,10.35777,10.35139,11.37095,10.74331,1,3,573,1,2,1,4,3,4,2,-1.0989,192.333,0.41,520.6496,464.8693,515.6098,1,5,NA
5070211,372.40903,418.58109,1,1,15.25,10.04151,8.81989,10.35777,8.92971,9.16491,8.70884,NA,1,436,NA,6,2,2,3,3,2,-0.4184,119.333,-0.84,405.289,399.1448,445.4868,1,6,4
4910302,585.18235,607.99937,1,1,14.833333333333334,14.01827,9.62932,13.46507,11.01771,11.37095,14.34298,1,2,1938,1,1,2,2,1,2,1,-0.256,98.7,0.99,492.9195,525.9961,483.1593,4,4,NA
3630522,490.66475,603.86251,2,1,15.083333333333334,11.64917,13.03951,5.03748,7.2741,11.37095,3.26515,1,3,1209,1,2,4,4,3,4,3,-0.4184,132.526,-0.51,427.8003,389.6469,333.3085,1,2,2
4940206,397.38147,440.94132,1,1,15.333333333333334,9.60097,8.48873,9.26151,9.34439,9.16491,9.15641,2,2,832,2,1,2,4,3,4,2,-0.0892,139,-0.11,311.0375,379.843,337.5979,4,3,4
4600220,466.59054,418.1309,2,1,15.166666666666666,10.92551,10.19817,8.26761,8.20673,9.61942,6.97717,1,2,412,3,4,1,4,2,3,3,0.5021,197,-0.2,357.2285,369.5982,384.0358,1,5,NA
3730207,466.05735,487.92954,1,2,14.5,8.74681,11.04872,10.80246,10.35139,8.93142,10.74331,NA,3,1043,2,3,1,2,2,3,2,-0.256,244.75,0.44,418.5309,338.5389,441.1041,1,5,4
4780424,389.88449,287.52657,2,1,14.666666666666666,8.19314,4.59042,9.965,13.70742,8.43911,6.47491,4,3,1408,2,2,3,2,2,2,2,0.0872,200.714,0.23,356.6054,279.8606,319.9739,1,5,3
5070208,420.00236,577.58605,1,1,15,10.25396,10.19817,8.60159,8.92971,9.61942,9.6346,2,2,436,NA,6,2,2,3,3,2,-0.4184,119.333,0.81,378.7272,429.8846,445.4868,1,6,4
4740214,408.80577,351.57417,2,1,15,10.25396,13.03951,9.965,9.34439,9.39344,9.15641,3,2,366,4,1,1,2,3,2,2,-0.4184,120.667,-0.17,401.3943,367.2726,429.3547,1,5,NA
3740126,584.64413,615.32544,2,1,14.5,14.01827,13.03951,12.07123,13.70742,15.81948,12.42205,1,1,993,1,2,1,1,2,3,2,0.5021,253.5,0.81,597.5308,520.6847,597.4823,1,5,NA
3630507,451.33478,575.08816,2,1,15.166666666666666,8.91919,8.48873,8.26761,7.88323,8.17383,9.15641,3,2,1209,1,2,4,4,3,4,3,-0.4184,132.526,-0.31,325.2142,379.5423,362.4953,1,2,NA
4460321,527.15546,545.43667,2,1,15.083333333333334,10.25396,8.19852,8.26761,9.34439,7.89169,9.6346,3,1,881,1,2,1,2,3,3,2,0.5021,174,-0.98,518.157,531.6713,579.5785,1,4,3
4280111,441.51866,488.56021,2,1,15.333333333333334,11.64917,8.37609,8.93041,10.35139,7.06874,8.27843,2,1,311,1,1,1,NA,2,2,3,0.7756,189,-0.76,409.8847,405.7659,355.0354,1,5,2
3860507,539.04178,575.52908,2,1,15.416666666666666,11.64917,13.03951,9.965,9.34439,8.93142,7.42878,1,2,1340,3,2,1,4,2,3,2,-0.256,140.9,0.71,543.083,457.0904,481.6673,1,6,4
3640315,549.58618,442.56872,2,1,14.583333333333334,10.04151,7.91394,11.33851,13.70742,10.07332,11.44903,NA,1,758,2,2,3,2,3,2,3,1.9226,205.2,0.56,470.7197,509.2169,445.207,1,3,3
4020219,536.57839,586.30156,1,1,14.583333333333334,10.92551,11.04872,10.80246,11.9425,11.37095,11.44903,2,1,817,3,1,3,3,3,2,2,-0.5803,171,-0.11,531.6327,534.1775,539.668,1,5,4
4730313,497.6577,492.50339,2,1,15.333333333333334,10.04151,11.04872,10.35777,8.55351,9.79732,8.27843,NA,1,1159,2,1,3,3,2,1,1,-0.256,172.167,0.41,411.2089,375.2118,390.47,NA,5,3
3480104,570.49487,585.72916,2,3,15,10.25396,10.19817,10.35777,7.88323,10.07332,7.42878,1,1,532,1,1,2,3,1,2,2,-0.4184,90,0.12,542.8494,429.7441,479.9888,1,3,NA
3810121,556.78416,624.26408,2,1,14.75,11.64917,7.38476,10.35777,9.34439,10.07332,9.15641,1,2,728,1,2,1,1,1,1,3,-0.0892,252,0.59,559.5965,508.9763,538.922,1,NA,2
3920106,479.88392,540.94182,1,2,14.5,9.60097,8.81989,8.93041,8.55351,7.24499,8.70884,2,2,536,2,4,3,4,3,4,2,-1.5162,131.5,-0.26,442.3664,471.1093,388.605,3,7,4
5060215,475.30631,448.12195,2,1,14.833333333333334,10.92551,11.04872,9.26151,8.92971,10.30668,9.15641,1,1,365,4,1,2,2,2,2,2,0.0872,135.333,-0.77,576.0321,489.4088,521.9508,1,5,2
4270305,607.23306,665.91871,2,1,14.916666666666666,11.64917,10.19817,9.965,8.92971,10.07332,9.6346,1,1,618,1,4,3,2,2,1,1,-0.9168,170,0.4,474.6923,474.4926,453.1332,2,5,NA
4500305,352.14695,392.44681,1,1,15.5,10.04151,13.03951,10.80246,8.20673,7.24499,10.74331,NA,1,715,3,4,1,4,4,4,2,-0.5803,142.2,-0.47,464.4103,317.0925,343.8456,1,4,4
3160122,452.5434,479.37716,1,1,14.75,10.25396,13.03951,8.93041,9.34439,6.85613,9.15641,2,2,705,1,2,3,3,3,2,2,-0.5803,176.25,-0.71,420.0109,459.1946,423.7598,1,3,3
3730211,517.94727,542.63392,2,1,15,8.91919,13.03951,8.60159,11.9425,8.93142,8.27843,2,2,1043,2,3,1,2,2,3,2,-0.256,244.75,-0.22,432.9413,405.7659,383.3831,1,5,NA
4830416,483.84308,445.23518,1,1,14.333333333333334,11.64917,8.48873,9.26151,11.9425,8.43911,8.70884,2,1,960,2,3,1,3,3,3,2,0.5021,189.2,0.18,434.0318,441.7992,508.8959,1,3,NA
4530214,442.55141,467.24811,1,1,14.833333333333334,10.92551,7.6477,10.35777,11.01771,9.39344,12.42205,2,1,205,1,6,1,3,3,4,2,-0.5803,67,0.17,435.0444,441.2432,435.2294,1,3,NA
3180108,494.1667,528.87332,2,1,14.333333333333334,10.25396,11.04872,9.26151,6.66537,10.80346,10.74331,2,1,856,1,4,1,2,2,2,3,-1.0989,208.75,-0.59,391.4239,430.8668,439.8918,1,3,4
4370107,690.58123,706.21044,1,1,14.916666666666666,12.51743,10.19817,9.26151,8.20673,9.61942,11.44903,1,1,110,1,3,1,3,2,1,3,-1.2965,NA,0.74,484.429,549.746,514.4909,1,4,NA
3850107,436.54093,551.61849,2,1,14.75,8.74681,13.03951,9.60333,8.92971,9.16491,8.70884,NA,2,454,2,2,1,4,3,2,2,0.2803,177.2,-0.19,481.4691,397.1851,417.5121,NA,3,4
3710308,494.81274,518.53631,1,1,14.583333333333334,11.64917,9.18945,7.51389,9.81093,8.43911,8.70884,2,2,738,2,5,2,3,1,2,2,0.7756,111.333,-0.39,522.8307,529.1733,510.5744,1,3,NA
3210201,427.94181,451.25541,2,1,14.416666666666666,10.04151,13.03951,11.33851,11.01771,9.84519,14.34298,NA,2,766,2,5,2,1,3,2,2,-0.256,163.8,-0.9,375.6115,342.4123,397.9299,1,3,NA
5040109,597.3537,598.36613,2,1,14.833333333333334,10.92551,13.03951,13.46507,10.35139,10.54867,14.34298,1,2,97,3,6,4,4,4,4,1,-3.2968,35,0.27,522.0517,493.9799,565.5912,NA,3,4
4920201,521.66241,571.6015,1,2,14.583333333333334,9.60097,9.62932,9.26151,8.92971,9.61942,10.74331,3,1,972,1,1,1,2,1,3,1,-0.0892,163.667,0.23,527.0369,595.816,569.6009,1,4,4
4380204,726.80724,664.74195,1,1,14.916666666666666,10.92551,13.03951,11.33851,10.35139,12.08627,11.44903,2,2,620,4,2,1,2,3,3,2,-0.4184,174.571,-1.28,446.4948,478.3375,443.6218,1,3,4
4410214,524.03865,525.54367,1,1,14.916666666666666,11.64917,8.81989,9.965,10.35139,9.16491,8.70884,1,3,869,1,2,3,4,3,2,1,-0.5803,134.462,0.89,429.1245,525.1224,520.0858,2,4,5
4120209,507.39315,471.23537,1,1,14.166666666666666,8.91919,8.48873,7.91186,7.88323,7.58514,9.15641,3,2,1653,4,4,NA,3,3,3,2,-0.8068,187,-0.23,584.912,494.1443,536.8706,1,3,4
3430107,547.29497,535.99219,2,1,15.25,10.25396,13.03951,10.35777,10.35139,8.43911,10.15325,2,1,1049,1,2,2,3,2,3,1,-0.9168,282.5,0,550.8724,533.2752,564.8452,1,5,4
3520224,502.47956,535.3804,2,1,14.583333333333334,10.25396,8.81989,8.60159,13.70742,8.17383,10.15325,2,1,637,1,4,1,1,3,2,2,0.7756,150.5,0.04,330.5889,360.6164,391.589,1,3,4
4910310,616.50158,551.30152,1,1,15,11.64917,13.03951,10.80246,5.49149,11.07454,11.44903,1,1,1938,1,1,2,2,1,2,1,-0.256,98.7,-0.3,413.1563,475.0014,438.8661,4,4,4
4140217,484.36264,515.04092,2,1,14.333333333333334,12.51743,13.03951,8.18012,7.88323,9.61942,7.85736,1,3,1968,1,1,1,1,2,2,2,0.0872,174.818,0.78,437.9265,379.3018,413.5957,2,6,4
3610105,533.157,620.83296,1,1,14.75,12.51743,9.62932,11.33851,11.9425,11.37095,14.34298,1,2,151,1,5,2,2,1,1,2,0.2803,89.333,NA,455.141,505.344,451.7344,1,3,NA
3150206,595.62362,581.57692,1,1,14.916666666666666,13.71571,8.81989,10.35777,7.88323,10.30668,10.15325,NA,3,328,2,2,1,3,2,2,2,-0.5803,130.4,-0.24,536.2284,502.8022,598.3215,1,4,3
4780410,526.05131,440.62173,2,1,14.75,8.74681,13.03951,10.35777,8.92971,9.39344,10.74331,NA,3,1408,2,2,3,2,2,2,2,0.0872,200.714,-0.34,381.1419,326.614,391.4025,1,5,4
3310107,693.32786,609.83746,1,2,13.916666666666666,11.64917,9.62932,13.46507,8.55351,8.93142,11.44903,1,2,594,1,1,1,1,1,3,2,-0.0892,NA,0.56,580.5499,522.2628,461.3391,3,8,NA
4550201,426.73051,409.71862,2,1,14.75,8.91919,13.03951,13.46507,11.01771,10.54867,12.42205,3,3,786,3,3,1,3,3,3,1,-0.9168,154,0.07,341.4161,297.7439,303.7486,1,4,4
3090118,433.73832,431.46433,1,1,14.333333333333334,8.19314,9.62932,8.60159,10.35139,4.94405,8.27843,4,1,194,3,5,1,3,3,3,2,-1.7689,96,-0.58,330.511,377.4601,339.8359,1,6,4
3430321,487.64225,476.00715,2,1,15,10.92551,8.19852,10.80246,9.34439,7.89169,8.27843,1,1,1049,1,2,2,3,2,3,1,-0.9168,282.5,-0.15,465.1893,391.3309,414.5282,1,5,4
3290215,541.07343,501.52986,1,1,14.333333333333334,9.60097,9.62932,8.26761,9.34439,8.69047,9.6346,4,1,469,4,3,3,3,3,2,2,-0.7452,186,-0.12,338.6898,317.8869,346.0836,1,4,4
4850401,454.05817,462.5909,2,1,14.416666666666666,9.60097,10.19817,9.60333,9.34439,9.61942,9.6346,3,2,1145,2,2,1,2,2,2,1,1.9226,228.2,-0.81,402.6406,447.3869,393.2674,1,3,3
4730314,522.9078,523.52893,2,1,14.5,10.04151,7.6477,13.46507,10.35139,8.69047,7.85736,NA,2,1159,2,1,3,3,2,1,1,-0.256,172.167,0.3,357.1506,343.4548,359.6979,NA,5,3
4760108,643.52153,578.80298,1,1,15.583333333333334,8.74681,13.03951,13.46507,13.70742,15.81948,14.34298,NA,2,93,NA,6,NA,1,1,1,1,NA,NA,-0.95,384.4135,418.2082,421.2421,1,3,3
3010112,607.61787,566.50152,1,4,16.916666666666668,7.37134,11.04872,13.46507,11.9425,11.07454,10.15325,4,2,702,3,5,2,2,2,3,1,-1.7689,173.25,-0.89,526.0243,478.5758,646.9041,1,3,1
4980210,457.57431,456.13204,1,1,14.833333333333334,10.04151,10.19817,5.03748,6.97345,7.24499,6.47491,NA,2,590,3,1,2,3,3,2,2,0.0872,125.6,-0.71,445.7158,502.1668,495.6546,1,4,3
4020410,538.75563,545.77688,2,1,14,10.25396,8.48873,9.60333,11.9425,7.89169,9.15641,1,2,817,3,1,3,3,3,2,2,-0.5803,171,-0.22,448.2084,460.9398,437.0011,1,5,4
4470201,466.34372,492.55391,1,1,14.5,8.74681,13.03951,13.46507,11.01771,11.07454,11.44903,NA,1,527,1,1,2,4,2,3,2,0.0872,NA,-0.56,381.2977,432.5058,394.1999,1,3,2
4190315,479.75386,380.96205,1,3,14.25,11.64917,9.62932,9.965,11.01771,8.69047,11.44903,2,1,516,1,5,1,2,3,3,3,0.2803,118.889,0.16,403.4195,442.5141,436.1619,1,5,3
5000205,511.21299,572.3774,2,1,15.333333333333334,10.92551,9.18945,9.60333,10.35139,9.16491,9.6346,1,2,597,1,1,1,1,4,3,1,1.9226,159.25,0.51,496.4247,481.3894,491.1787,1,4,NA
3230104,469.64835,507.62014,1,1,14,10.25396,9.62932,6.36452,6.33324,6.39359,6.47491,2,2,625,3,5,1,2,3,3,1,-0.4184,157.5,0.38,530.62,560.8663,518.8736,1,3,4
3470117,360.22427,391.50463,1,1,14.833333333333334,10.25396,11.04872,7.51389,5.96004,4.94405,8.70884,1,1,305,4,1,1,3,2,3,2,0.0872,152.5,-0.49,348.3487,429.8051,439.6121,1,3,4
3980213,465.49242,448.26674,1,1,15.333333333333334,8.91919,9.62932,9.26151,8.55351,9.16491,9.15641,4,1,798,2,1,2,3,3,4,2,-1.0989,168.6,-0.28,423.2824,442.3552,394.3864,1,3,4
3360122,528.32855,529.07354,2,2,15.166666666666666,9.60097,7.38476,9.26151,9.81093,11.70269,9.6346,3,2,802,3,2,1,2,1,1,3,0.5021,207.25,-0.12,490.1932,357.6492,420.9623,1,3,4
4680214,598.18958,634.54904,2,1,15.333333333333334,8.91919,13.03951,10.80246,11.01771,11.70269,10.15325,2,1,403,3,2,1,4,4,4,2,-1.2965,192.5,-1,565.828,570.7261,583.6815,1,3,4
5090119,559.0861,526.48891,1,1,15.333333333333334,8.19314,11.04872,9.60333,7.2741,8.43911,9.6346,4,3,310,1,4,1,1,1,2,1,-0.9168,NA,-2.32,498.9952,444.897,513.6516,2,3,NA
3960110,493.17451,541.6242,2,1,14.666666666666666,10.25396,13.03951,9.965,11.01771,10.30668,9.6346,2,2,521,2,1,1,1,2,3,3,0.5021,106.6,0.12,477.0291,473.7709,495.7479,1,4,NA
3300203,497.0092,512.79421,2,1,14.5,10.92551,13.03951,13.46507,11.01771,10.25773,10.15325,2,2,837,3,2,1,3,1,3,3,0.0872,136.333,0.55,471.6545,357.0879,461.3391,1,4,4
4440104,512.13981,618.45127,1,1,15,8.74681,9.62932,10.35777,7.57539,8.69047,9.15641,NA,1,NA,1,4,3,2,3,3,3,-0.9168,128.462,-0.78,482.3259,450.5366,445.4868,1,3,4
4110107,604.44721,618.31335,1,3,14.416666666666666,8.19314,9.18945,9.965,8.92971,10.30668,9.6346,4,2,60,4,6,2,3,2,3,2,-1.2965,30.5,0.01,581.251,498.1952,594.4983,NA,NA,NA
4940218,567.45236,543.39705,2,1,14.416666666666666,11.64917,7.6477,9.60333,9.34439,9.16491,9.15641,1,2,832,2,1,2,4,3,4,2,-0.0892,139,0.27,475.4713,525.8973,483.6255,4,3,4
3530306,556.9121,561.47879,2,1,15,10.25396,7.11034,9.60333,11.01771,8.69047,9.6346,3,1,898,NA,1,4,4,3,3,1,-0.9168,NA,-0.27,497.2036,516.4344,404.737,2,4,4
4450102,523.0126,513.89482,2,1,15.083333333333334,10.04151,8.19852,13.46507,11.01771,10.07332,10.74331,NA,2,226,2,4,1,3,3,1,2,1.9226,207.333,-0.47,513.5613,442.6554,513.8381,1,3,4
4440101,534.63557,519.42251,1,2,14.166666666666666,12.51743,8.81989,10.80246,11.01771,10.80346,8.70884,2,1,NA,1,4,3,2,3,3,3,-0.9168,128.462,0.41,461.6062,461.5776,485.677,1,3,2
3320425,475.30318,467.10943,2,3,15.25,14.01827,10.19817,10.31202,6.97345,10.30668,8.27843,1,2,1426,NA,1,1,3,1,1,2,0.2803,NA,0.66,476.8733,442.5752,469.4517,1,3,5
4130201,643.99327,582.90153,2,2,13.833333333333334,10.92551,11.04872,13.46507,11.9425,11.37095,11.44903,2,2,506,1,1,2,3,3,2,1,-0.5803,186,NA,393.2933,280.5823,374.6177,1,3,NA
4280126,462.50355,511.14575,2,1,15.083333333333334,10.25396,8.81989,8.60159,9.81093,8.43911,7.85736,3,2,311,1,1,1,NA,2,2,3,0.7756,189,0.61,406.8469,380.1037,383.6628,1,5,4
4130220,587.32573,573.73005,2,1,13.75,7.37134,8.81989,7.51389,8.92971,8.69047,6.97717,3,3,506,1,1,2,3,3,2,1,-0.5803,186,-1.1,509.6666,344.2568,413.7822,2,NA,NA
4040516,518.61924,523.85244,1,1,14.5,10.92551,11.04872,9.965,9.81093,8.69047,11.44903,1,1,1240,1,3,1,2,3,2,3,0.7756,14.143,-0.05,539.7336,589.4615,568.5752,1,6,NA
3880221,551.78364,523.05517,1,1,15.166666666666666,10.92551,8.48873,12.07123,13.70742,11.37095,10.15325,2,2,836,1,3,2,2,3,3,2,-0.4184,172.4,-0.43,434.8107,463.2456,465.069,2,5,4
3730419,576.05841,529.29624,2,3,14.333333333333334,10.25396,11.04872,9.965,10.35139,9.61942,10.15325,1,2,1043,2,3,1,2,2,3,2,-0.256,244.75,0.74,467.6819,448.9106,556.3596,1,3,2
3440216,375.10047,433.01469,2,1,15.166666666666666,10.25396,11.04872,12.07123,10.35139,9.16491,10.74331,2,1,649,2,1,3,4,4,3,2,-0.9168,153.111,-0.4,437.2254,291.8897,355.6882,1,3,1
4350323,518.48427,484.7556,2,1,14.916666666666666,12.51743,10.19817,10.80246,8.55351,10.54867,9.15641,1,NA,536,3,4,1,4,2,3,3,-0.256,120.222,0.35,502.5004,482.1913,510.7609,1,3,4
4010322,607.59352,587.86785,2,1,14.666666666666666,10.92551,10.19817,10.80246,7.88323,10.07332,9.6346,1,2,673,3,2,1,3,3,2,2,-1.0989,187.5,-1.23,348.2708,381.1462,413.7822,1,5,4
4960106,545.28075,578.57417,1,1,14.083333333333334,12.51743,11.04872,7.51389,8.20673,4.94405,5.01998,2,1,437,1,1,2,1,2,2,3,1.9226,119.25,0.59,526.8032,530.762,566.9899,2,5,4
4260111,390.05846,476.68473,2,1,15.166666666666666,8.91919,NA,NA,11.63128,8.6925,12.82369,3,2,298,3,5,1,3,3,3,2,-0.5803,55.273,-0.5,380.4409,358.2908,371.727,1,3,3
4930112,561.38669,561.36499,2,1,14.166666666666666,12.51743,9.62932,11.33851,8.55351,9.61942,11.44903,1,1,806,1,1,2,2,2,1,1,0.2803,157.4,1.29,470.7976,389.4865,491.3652,1,4,4
4980223,624.44192,593.68153,1,3,13.833333333333334,11.64917,10.19817,10.52098,9.81093,9.61942,10.15325,1,2,590,3,1,2,3,3,2,2,0.0872,125.6,-0.01,552.4303,640.3768,624.3379,1,4,2
3430106,420.88327,507.82407,2,1,14.583333333333334,10.92551,7.1659,9.60333,9.34439,7.24499,8.27843,1,1,1049,1,2,2,3,2,3,1,-0.9168,282.5,-0.05,413.4678,421.8049,468.2395,1,5,4
5020110,460.47603,512.4061,2,1,14.5,12.51743,11.04872,9.60333,8.92971,9.16491,9.15641,1,2,395,2,1,2,2,3,2,2,-0.0892,115.667,0.78,372.9631,526.8597,423.48,1,NA,NA
3890109,576.30903,556.07602,1,1,14.666666666666666,10.04151,9.18945,11.33851,9.34439,10.07332,10.15325,NA,2,NA,NA,2,1,3,3,3,2,-0.0892,259,-0.47,489.4921,484.4537,485.7702,1,3,2
4460325,443.03555,489.87075,2,1,14.75,11.64917,13.03951,13.17742,8.20673,8.43911,10.74331,1,1,881,1,2,1,2,3,3,2,0.5021,174,0.5,459.8146,423.4087,444.834,1,4,3
4350324,453.08218,447.14114,1,1,13.833333333333334,8.91919,7.91394,9.60333,8.20673,9.84519,8.70884,3,1,536,3,4,1,4,2,3,3,-0.256,120.222,-1.11,427.8003,421.9415,414.5282,1,3,2
3700104,502.20738,503.33489,1,1,14.75,10.25396,9.62932,9.26151,8.55351,8.17383,9.15641,3,2,899,3,1,1,4,2,3,2,-0.256,206,-0.04,354.8138,454.7465,499.5711,1,5,4
4290103,494.10391,450.07079,1,1,14.25,8.19314,12.31376,8.60159,8.55351,8.17383,7.85736,4,2,285,4,6,1,4,2,3,3,0.0872,88,-0.77,433.4086,434.4916,441.6636,1,3,4
4160102,487.3914,403.19647,1,1,15.916666666666666,7.37134,9.62932,9.965,7.2741,9.16491,8.70884,4,3,98,4,6,NA,3,2,4,2,-1.9848,60.667,-1.66,360.0327,314.7096,315.6844,1,3,5
3630313,416.1442,470.42434,2,1,15.833333333333334,8.19314,10.19817,10.80246,11.01771,9.16491,11.44903,4,1,1209,1,2,4,4,3,4,3,-0.4184,132.526,-0.27,490.9721,415.3893,461.6188,1,5,4
3470123,449.50224,422.56388,1,1,15,9.60097,9.62932,9.965,9.34439,8.93142,9.6346,2,1,305,4,1,1,3,2,3,2,0.0872,152.5,0.23,398.2785,399.7008,388.3253,1,3,4
4100104,614.12143,527.9055,1,3,14.166666666666666,10.92551,13.03951,8.93041,6.97345,8.43911,11.44903,1,NA,156,4,6,2,3,3,2,1,-1.5162,39.25,0.69,595.3497,447.3594,453.2264,1,3,NA
4840209,454.96187,454.20884,1,1,14.666666666666666,8.19314,9.62932,8.26761,8.16587,7.58514,7.85736,4,2,883,2,3,2,2,1,2,2,-0.4184,190,2.56,338.9235,330.8341,374.6177,1,3,2
5060214,502.64113,517.4009,2,2,14.166666666666666,14.01827,9.19169,8.26761,10.35139,8.17383,9.15641,1,1,365,4,1,2,2,2,2,2,0.0872,135.333,-0.43,487.5448,378.4196,460.4066,1,5,NA
3670109,453.4671,472.96948,1,1,14.666666666666666,10.25396,8.48873,8.60159,11.01771,8.69047,9.15641,2,2,558,3,4,2,4,4,3,1,-0.4184,149.714,0.11,405.289,414.7927,355.3152,1,4,4
3530323,530.74188,468.15646,2,1,15.416666666666666,10.92551,13.03951,10.35777,8.55351,10.30668,9.6346,1,2,898,NA,1,4,4,3,3,1,-0.9168,NA,0.38,491.4395,410.4974,429.6345,2,4,4
3850109,387.47629,445.91167,1,1,14.916666666666666,8.74681,13.03951,8.26761,7.2741,7.24499,7.42878,NA,2,454,2,2,1,4,3,2,2,0.2803,177.2,-0.38,414.3247,436.9539,449.2167,NA,3,NA
3750205,439.82232,469.36149,2,1,14.583333333333334,10.92551,13.03951,12.07123,9.81093,7.89169,10.74331,2,2,923,2,5,1,2,1,1,2,-0.0892,134.714,-0.42,600.1013,465.7514,558.2245,1,3,3
4770119,630.05474,612.92706,1,1,14.083333333333334,7.37134,9.18945,9.60333,10.35139,8.43911,9.15641,4,2,638,2,5,1,4,2,3,3,-0.256,167.5,-0.78,466.8251,437.0334,490.5259,1,4,NA
4400121,444.06708,484.52265,2,3,14,10.92551,11.04872,8.26761,6.97345,8.17383,12.42205,2,1,907,3,2,2,4,4,2,2,-0.256,155.5,1.03,372.5736,362.7015,304.6811,1,3,4
3330112,346.60731,430.4832,1,3,13.916666666666666,10.25396,13.03951,10.80246,13.70742,8.43911,11.44903,3,3,219,4,6,1,1,2,2,3,0.0872,51.5,-0.37,443.5348,425.6747,402.7788,1,NA,3
3460111,481.72786,541.51422,2,1,14.916666666666666,10.92551,9.18945,9.965,9.81093,9.39344,11.44903,1,3,665,2,4,1,3,4,3,1,0.5021,130.4,0.04,424.4508,350.3515,439.8918,1,4,4
3250119,427.53532,401.282,1,2,14.583333333333334,10.04151,13.03951,8.60159,11.01771,7.58514,8.70884,NA,1,348,4,1,1,4,3,3,3,-1.0989,173.5,-1.23,411.5205,441.0049,476.5386,1,5,NA
4560310,648.33915,656.9324,1,1,14.75,14.01827,13.03951,10.35777,9.81093,9.39344,10.15325,1,1,706,1,2,2,4,4,4,2,-1.0989,231,0.59,530.0748,474.6042,530.3432,1,4,2
4570203,476.20822,549.23964,1,1,15.333333333333334,8.19314,10.19817,9.15059,8.20673,8.17383,9.6346,4,2,843,4,1,1,1,1,1,3,0.5021,156,-0.77,405.289,421.1472,326.4081,1,2,NA
3290219,525.06492,540.03434,2,1,14.666666666666666,8.19314,13.03951,8.93041,8.20673,8.93142,10.74331,2,2,469,4,3,3,3,3,2,2,-0.7452,186,-1.56,245.451,280.1012,304.6811,1,4,NA
4180308,437.30776,410.32637,2,4,13.916666666666666,10.92551,13.03951,9.965,8.92971,8.69047,9.15641,1,2,1133,1,2,3,1,3,2,2,-0.7452,169.857,-0.05,458.2567,425.8146,437.7471,1,4,NA
4440111,475.69659,495.39823,2,1,14.75,12.51743,11.04872,11.33851,9.81093,11.70269,8.27843,1,2,NA,1,4,3,2,3,3,3,-0.9168,128.462,0.28,501.1762,378.3394,413.6889,1,3,3
4550208,425.87642,466.27963,1,1,14.583333333333334,10.92551,13.03951,8.26761,9.34439,8.17383,9.15641,1,2,786,3,3,1,3,3,3,1,-0.9168,154,-0.92,380.8303,309.8643,287.8963,1,4,3
3330104,453.47392,497.45476,1,3,14.5,12.21628,13.03951,13.46507,11.01771,14.02271,12.42205,NA,2,219,4,6,1,1,2,2,3,0.0872,51.5,-0.31,470.0187,496.4478,430.4737,1,NA,NA
3890118,440.24099,497.32667,2,1,15,10.92551,13.03951,8.60159,9.34439,7.89169,8.70884,1,3,NA,NA,2,1,3,3,3,2,-0.0892,259,-0.39,442.9117,357.569,405.483,1,3,4
4720109,526.74506,552.84676,1,1,14.75,11.64917,9.18945,8.93041,9.34439,7.89169,9.6346,2,3,846,1,4,1,3,3,3,3,-1.0989,173.8,0.09,452.2589,520.3565,495.9344,1,6,4
4740203,448.8372,443.37429,2,1,15.333333333333334,10.25396,9.18945,9.60333,11.01771,8.69047,9.6346,1,3,366,4,1,1,2,3,2,2,-0.4184,120.667,-0.41,430.8381,361.0976,399.7949,1,5,4
4100101,589.54822,547.28054,2,3,14.25,12.51743,11.04872,9.965,11.01771,10.30668,10.15325,1,2,156,4,6,2,3,3,2,1,-1.5162,39.25,0.84,544.4072,345.5399,449.2167,1,3,2
3840202,555.07196,591.47344,2,1,15,7.37134,13.03951,8.26761,7.57539,8.17383,8.27843,4,2,631,1,5,1,3,4,1,2,-0.5803,160.5,-0.4,506.9403,441.8535,445.8598,1,3,3
4450118,503.4608,579.54013,2,1,15.166666666666666,9.60097,9.18945,12.07123,11.01771,12.08627,10.74331,2,2,226,2,4,1,3,3,1,2,1.9226,207.333,-0.36,516.5213,437.2824,508.8959,1,3,2
3210217,520.39949,582.47403,2,1,14.666666666666666,10.04151,9.18945,10.80246,7.2741,10.54867,8.70884,NA,2,766,2,5,2,1,3,2,2,-0.256,163.8,-0.66,400.6933,357.4087,401.8463,1,3,4
4410205,597.36454,578.11143,1,1,15.583333333333334,11.64917,13.03951,12.07123,8.20673,11.70269,11.44903,1,3,869,1,2,3,4,3,2,1,-0.5803,134.462,0.1,504.9151,546.5687,578.5528,2,4,4
4490106,403.21094,386.66848,1,1,14.166666666666666,7.37134,9.62932,9.965,10.35139,9.39344,9.15641,4,3,232,4,6,1,4,4,3,2,-0.256,66,-0.33,240.5437,282.1429,287.3368,1,NA,NA
3190325,459.14696,466.60239,1,1,15.25,11.64917,9.18945,8.93041,8.92971,6.39359,9.15641,1,2,1079,3,2,1,3,3,3,1,-0.9812,148.857,0.44,441.7433,462.6896,419.3771,1,3,4
4140210,452.37279,479.77837,1,1,13.916666666666666,11.64917,13.03951,12.07123,8.55351,12.08627,11.44903,1,2,1968,1,1,1,1,2,2,2,0.0872,174.818,0.35,469.3955,478.2581,454.9049,2,6,NA
3630516,461.73929,510.07078,1,1,14.75,14.01827,13.03951,8.93041,6.66537,6.39359,10.15325,1,2,1209,1,2,4,4,3,4,3,-0.4184,132.526,0.82,455.7641,516.7027,506.0985,1,5,2
3150214,417.00276,360.98733,2,1,14.666666666666666,10.25396,8.19852,10.80246,7.88323,7.58514,9.6346,2,1,328,2,2,1,3,2,2,2,-0.5803,130.4,-0.68,421.7246,354.2009,355.2219,1,4,NA
3540202,460.23435,424.03558,1,1,15.416666666666666,10.25396,13.03951,10.35777,11.01771,8.43911,10.15325,2,1,369,2,1,1,3,2,1,2,-0.0892,197.5,-1.48,292.343,402.0837,339.4629,1,3,4
3940209,404.21732,429.08111,1,1,14.75,8.19314,13.03951,8.60159,7.88323,8.43911,9.6346,3,1,524,3,1,2,3,2,2,2,-0.7452,271,0.14,416.8952,417.1756,360.4439,1,5,3
3170109,543.24977,518.87652,2,1,14.083333333333334,11.64917,10.19817,11.33851,9.81093,10.54867,12.42205,2,1,32,4,6,1,1,2,1,1,-1.0989,32,0.42,520.5717,469.1196,504.5132,1,5,2
3450207,440.54311,336.90598,1,2,14.583333333333334,10.92551,13.03951,9.26151,8.55351,7.89169,7.85736,2,1,380,4,5,1,3,2,3,2,0.5021,102,-0.3,328.0963,361.5739,398.6759,1,3,4
4570213,536.05603,634.38046,1,1,14.833333333333334,10.92551,7.38476,8.26761,9.34439,7.58514,6.97717,2,1,843,4,1,1,1,1,1,3,0.5021,156,-0.65,392.5144,422.6564,355.0354,1,2,NA
3600124,599.661,580.0499,2,1,15,8.74681,13.03951,9.965,7.88323,10.30668,9.6346,NA,1,NA,1,1,3,2,3,3,1,0.2803,177,0.2,598.3876,512.3445,543.1182,1,3,NA
4730320,522.46455,510.48573,1,1,15.083333333333334,7.30445,9.62932,13.46507,10.35139,11.07454,14.34298,NA,3,1159,2,1,3,3,2,1,1,-0.256,172.167,-0.89,303.2482,327.6569,328.9258,NA,5,4
3560322,475.8309,497.5929,1,1,15.333333333333334,8.91919,9.5249,8.26761,8.20673,3.17837,7.42878,4,3,756,3,1,2,3,3,3,2,1.1595,145.091,-0.02,367.9779,489.2195,482.9728,1,4,3
3430111,483.70263,497.56726,2,1,15.166666666666666,10.92551,9.18945,8.93041,10.35139,10.07332,8.27843,2,2,1049,1,2,2,3,2,3,1,-0.9168,282.5,0.46,467.5261,416.9932,479.8023,1,5,4
4290111,436.86418,459.10599,1,1,14.666666666666666,8.19314,9.18945,9.26151,7.57539,9.39344,7.85736,4,2,285,4,6,1,4,2,3,3,0.0872,88,-0.98,426.3982,508.283,455.9306,1,3,4
3720114,538.34858,511.13746,2,1,14.666666666666666,10.25396,11.04872,11.33851,13.70742,10.30668,12.42205,2,1,434,4,6,1,2,2,3,3,-2.4968,143.333,-0.18,540.8241,404.1621,488.6609,1,5,4
4020416,505.25536,474.25383,1,1,14.333333333333334,10.92551,10.19817,10.35777,8.55351,8.17383,9.15641,1,1,817,3,1,3,3,3,2,2,-0.5803,171,-0.21,495.5678,502.9611,509.8284,1,5,4
4720114,501.88558,525.94684,2,1,14.166666666666666,12.51743,9.62932,12.07123,10.35139,9.84519,12.42205,1,1,846,1,4,1,3,3,3,3,-1.0989,173.8,0.08,463.0083,452.8401,490.4327,1,6,4
4130202,500.78881,563.85928,1,1,14.333333333333334,14.01827,9.18945,9.26151,8.55351,7.58514,8.27843,1,1,506,1,1,2,3,3,2,1,-0.5803,186,1.06,377.403,380.0813,324.2633,2,NA,4
4540116,558.76229,528.64506,2,1,14.916666666666666,8.91919,13.03951,8.93041,8.92971,9.16491,8.70884,4,2,407,3,4,1,3,3,3,2,-1.0989,173.6,-0.01,447.2737,449.071,437.8404,1,3,4
4280103,558.3062,480.11389,2,3,14.75,12.51743,8.81989,7.51389,9.34439,8.43911,6.97717,1,1,311,1,1,1,NA,2,2,3,0.7756,189,0.49,461.5283,420.4415,433.3644,1,5,NA
4630212,460.29949,536.19176,2,1,15.166666666666666,8.74681,9.62932,10.80246,10.35139,7.5233,9.6346,NA,1,311,3,5,1,1,3,2,2,-1.2965,94,-1,473.8355,436.2399,499.2913,1,3,4
4340101,501.58525,537.07032,1,1,14.916666666666666,8.91919,8.81989,10.80246,11.01771,8.43911,9.6346,3,3,107,3,6,1,4,1,3,3,-0.256,68.667,-0.9,405.289,345.1317,326.1283,1,4,4
4120216,549.85255,570.74803,2,2,13.833333333333334,14.01827,11.04872,10.35777,13.70742,10.07332,10.74331,1,1,1653,4,4,NA,3,3,3,2,-0.8068,187,0.8,623.002,450.6749,480.3618,1,3,NA
4780418,336.30481,303.46166,2,1,14.583333333333334,8.91919,13.03951,9.965,10.35139,6.39359,9.15641,4,2,1408,2,2,3,2,2,2,2,0.0872,200.714,-0.45,344.6876,284.1109,272.9765,1,5,3
5070210,432.83395,457.49332,1,1,15.5,7.30445,8.48873,10.35777,9.81093,8.69047,9.6346,NA,2,436,NA,6,2,2,3,3,2,-0.4184,119.333,-0.63,377.3251,400.2568,453.1332,1,6,NA
3150212,483.18062,408.92461,1,1,15.25,10.25396,11.04872,10.80246,10.35139,7.89169,11.44903,3,3,328,2,2,1,3,2,2,2,-0.5803,130.4,0.03,423.1267,374.2829,443.6218,1,4,4
3590112,558.3605,582.12684,2,1,14.75,11.64917,8.19852,9.60333,11.01771,9.61942,9.15641,1,2,620,1,1,1,2,2,2,2,-0.9168,215.333,-0.18,463.0862,531.11,535.9381,1,3,4
3650214,394.01684,482.38024,2,1,15,10.04151,13.03951,7.91186,8.56374,3.17837,6.97717,NA,1,500,2,5,4,4,3,3,1,-3.2968,139.25,-0.49,423.594,394.5387,419.7501,1,5,NA
3020103,467.87592,403.00858,2,3,14.583333333333334,9.60097,13.03951,7.91186,5.49149,8.69047,7.42878,3,2,76,3,6,1,NA,3,3,3,-1.2965,37.5,-1.7,427.8003,442.5752,508.6162,1,3,3
4480206,586.76371,494.53799,1,1,15.166666666666666,10.92551,11.04872,9.965,9.34439,10.54867,10.15325,2,2,819,1,1,1,3,2,3,1,0.5021,146,0.56,527.5043,505.2646,532.8609,2,5,2
4680223,522.93171,534.72934,1,2,14.75,10.92551,11.04872,9.965,11.01771,9.39344,11.44903,2,1,403,3,2,1,4,4,4,2,-1.2965,192.5,-0.15,518.2349,544.5035,544.3305,1,3,4
3800204,516.35139,498.38287,2,2,15.083333333333334,10.25396,13.03951,10.35777,8.92971,9.84519,9.6346,2,1,407,1,4,3,3,2,3,3,-2.4968,172.4,0.23,492.3742,400.3929,511.6934,1,5,4
3890101,530.3955,470.62413,2,1,15.25,10.92551,13.03951,12.07123,8.20673,13.14698,12.42205,1,2,NA,NA,2,1,3,3,3,2,-0.0892,259,-0.53,449.6884,437.8438,427.1167,1,3,NA
4200107,389.39532,425.04551,2,1,14.583333333333334,8.19314,NA,NA,10.90063,NA,NA,4,NA,71,3,6,1,2,1,3,3,1.1595,23,-0.81,547.7567,371.2021,528.1984,1,NA,NA
3340102,439.74824,431.96122,2,2,14.75,8.91919,8.48873,10.80246,9.81093,8.93142,11.44903,3,1,116,2,6,1,1,3,3,3,1.9226,57,-1.07,367.8221,324.7695,314.752,1,NA,4
4940214,485.70043,517.80723,1,1,15.25,10.25396,13.03951,9.60333,9.34439,7.58514,6.97717,2,2,832,2,1,2,4,3,4,2,-0.0892,139,0.12,479.9112,507.9653,555.5203,4,3,NA
5080110,549.22126,594.76828,2,1,14.416666666666666,10.25396,13.03951,13.46507,11.9425,13.14698,14.34298,4,2,494,3,5,1,3,3,1,3,-0.256,123,-0.28,579.3815,466.7138,590.3954,1,3,2
4770101,591.85563,616.89337,2,1,14.5,10.25396,11.04872,8.26761,8.20673,8.93142,8.27843,1,2,638,2,5,1,4,2,3,3,-0.256,167.5,-0.02,537.5526,482.9933,576.03510000000006,1,4,NA
3290203,408.64711,454.37567,1,1,15.083333333333334,11.64917,8.19852,9.60333,7.57539,9.61942,8.70884,2,3,469,4,3,3,3,3,2,2,-0.7452,186,-0.76,366.2642,360.7796,394.1999,1,4,4
3090113,562.76816,602.87636,1,1,15.166666666666666,9.60097,9.62932,10.35777,11.01771,7.89169,9.6346,3,1,194,3,5,1,3,3,3,2,-1.7689,96,-0.06,413.7794,476.6694,466.6542,1,6,4
4560316,601.20784,672.05602,2,1,15.25,11.64917,11.04872,13.46507,10.35139,11.70269,9.6346,1,2,706,1,2,2,4,4,4,2,-1.0989,231,0.16,493.6984,409.7757,475.6994,1,4,NA
3160123,364.11941,427.32867,1,1,14.666666666666666,8.19314,10.19817,8.26761,7.88323,7.89169,7.85736,4,2,705,1,2,3,3,3,2,2,-0.5803,176.25,-0.51,505.2267,501.2931,509.9217,1,3,3
5030212,551.56934,540.56658,2,1,14.75,9.60097,11.04872,9.965,9.34439,9.39344,12.42205,3,1,668,1,4,1,1,1,2,2,-0.3225,121.636,-0.29,536.2284,499.3529,557.5718,1,3,4
3050118,557.99915,593.73587,1,1,14.666666666666666,8.91919,10.19817,8.60159,7.88323,10.09796,9.6346,3,2,445,4,5,1,1,3,2,3,-0.9168,166.667,-1.07,426.554,415.5076,392.4282,1,3,3
3150213,491.82454,534.21389,1,1,14.666666666666666,11.64917,11.04872,9.26151,10.35139,9.84519,10.74331,1,2,328,2,2,1,3,2,2,2,-0.5803,130.4,0.2,486.2985,425.1187,479.7091,1,4,2
4330203,546.61463,594.44019,1,1,14,14.01827,11.04872,13.46507,11.01771,13.14698,12.42205,1,1,556,2,5,1,3,2,1,2,-0.4184,140,1.01,459.8146,527.823,470.6639,1,3,NA
4060211,572.49993,561.98245,1,1,14.833333333333334,11.64917,9.62932,13.46507,11.01771,10.54867,12.42205,3,2,425,4,2,2,4,3,2,3,1.1595,131.333,-0.15,470.0187,488.4252,468.053,1,3,NA
4980226,541.64729,558.72143,1,1,15.083333333333334,10.25396,7.38476,9.965,8.55351,9.61942,7.85736,1,2,590,3,1,2,3,3,2,2,0.0872,125.6,0.25,578.291,606.0626,615.1063,1,4,4
3310126,588.83704,625.67434,1,1,15.25,12.51743,11.04872,9.60333,6.33324,6.85613,9.15641,1,2,594,1,1,1,1,1,3,2,-0.0892,NA,1.1,662.1826,566.7442,610.5371,3,8,NA
5060208,573.32362,611.68166,1,1,14.333333333333334,11.64917,11.04872,10.35777,10.35139,11.70269,10.15325,1,2,365,4,1,2,2,2,2,2,0.0872,135.333,1.21,538.4094,498.9896,514.3044,1,5,2
4880103,571.22404,597.57169,2,1,14,9.60097,7.6477,8.93041,8.55351,8.69047,8.70884,4,2,520,1,3,2,3,1,1,2,-0.9168,131.25,-0.29,530.3085,574.9764,527.9187,1,3,3
4900129,637.73363,570.62878,2,1,14,14.01827,9.62932,9.965,9.34439,9.61942,10.15325,1,3,1106,1,1,1,2,2,2,2,1.9226,103.455,NA,667.4015,578.1841,638.8847,3,NA,3
4750303,440.67853,483.04691,2,1,14.75,7.30445,9.62932,10.35777,10.35139,8.17383,8.70884,NA,2,588,4,6,1,4,2,3,2,-1.5162,NA,-0.07,389.6323,443.4574,491.1787,1,3,4
3240108,564.62752,536.08254,1,1,14.333333333333334,10.92551,13.03951,10.80246,8.92971,8.69047,9.6346,2,1,760,2,3,NA,4,4,3,NA,NA,NA,0.03,467.7598,491.2848,475.3264,3,5,4
3570206,570.22782,534.32573,1,1,14.416666666666666,10.04151,8.81989,13.46507,11.01771,11.37095,14.34298,NA,2,522,2,1,2,4,3,3,2,-0.5803,146.5,-2.7,450.3895,489.4578,459.2876,1,3,3
3990102,445.88867,513.618,1,1,14.416666666666666,10.25396,9.18945,7.51389,8.92971,7.24499,7.85736,3,1,83,4,6,2,2,2,3,2,0.2803,78,-1.05,371.7947,445.7708,452.2939,1,3,NA
4140227,621.95932,548.74929,1,2,14,12.51743,13.03951,11.33851,11.01771,13.14698,12.42205,1,2,1968,1,1,1,1,2,2,2,0.0872,174.818,0.46,512.7824,547.4425,533.7934,2,6,NA
4870210,578.26482,646.46304,2,1,13.666666666666666,11.64917,10.19817,9.60333,10.35139,10.80346,11.44903,1,1,291,2,5,1,2,3,1,3,0.5021,148.5,0.52,544.6409,519.6422,524.5617,1,3,2
3470114,436.29098,506.61479,2,1,15.166666666666666,11.64917,13.03951,8.60159,8.20673,9.84519,7.85736,1,2,305,4,1,1,3,2,3,2,0.0872,152.5,0.73,385.1924,399.591,382.0776,1,3,4
3870103,560.14756,571.18404,2,1,15.25,8.74681,11.04872,12.07123,10.35139,13.14698,14.34298,NA,2,47,NA,6,2,4,1,3,2,-0.5803,NA,-2.85,545.4977,432.4707,480.9213,1,5,1
3630521,516.14993,484.934,1,1,14.833333333333334,10.25396,9.62932,9.60333,8.20673,10.07332,9.6346,4,2,1209,1,2,4,4,3,4,3,-0.4184,132.526,-1.22,486.2985,412.4098,415.9269,1,2,4
3230110,497.49625,486.35987,2,1,14.583333333333334,10.92551,12.05195,10.80246,9.81093,10.54867,10.15325,2,2,625,3,5,1,2,3,3,1,-0.4184,157.5,-0.24,490.2711,408.7331,508.1499,1,3,4
3860506,539.81374,573.17249,2,1,14.333333333333334,14.01827,10.19817,11.33851,8.92971,10.54867,11.44903,1,1,1340,3,2,1,4,2,3,2,-0.256,140.9,0.82,497.0478,414.8279,424.0395,1,6,4
3270109,493.19864,572.66982,1,1,15.416666666666666,10.25396,10.19817,9.965,10.35139,9.84519,9.6346,2,NA,364,4,5,1,3,1,1,1,0.2803,109.333,-0.14,462.9304,479.1318,431.2197,1,4,4
3130104,413.24103,425.34055,1,1,14,12.51743,13.03951,9.60333,11.9425,8.93142,10.74331,1,1,202,3,6,1,2,3,3,2,-0.9168,NA,0.78,413.312,403.5929,440.9176,1,3,4
3910103,498.32162,496.05257,2,1,15.083333333333334,10.25396,7.6477,9.965,11.01771,9.39344,9.6346,2,1,84,3,6,2,2,3,4,2,-0.9168,44,0.41,482.3259,448.1888,509.5487,1,3,4
4780427,611.73961,633.49284,1,2,14.75,12.51743,11.04872,13.46507,9.34439,15.81948,14.34298,1,2,1408,2,2,3,2,2,2,2,0.0872,200.714,-0.1,558.0386,540.8497,565.9642,1,5,NA
3120306,431.20365,497.65356,2,1,14.5,10.25396,11.04872,11.33851,9.81093,8.17383,11.44903,2,2,696,2,2,NA,2,1,2,2,NA,113.077,-0.29,315.7891,355.083,364.2671,1,5,3
3420216,472.40336,480.23151,2,1,14.666666666666666,12.51743,9.62932,8.26761,9.34439,10.07332,7.85736,1,1,1076,3,4,2,2,1,3,1,-0.0892,177.833,1,403.5753,413.224,384.875,1,3,4
4450119,582.36543,611.05973,2,2,15.416666666666666,8.91919,10.19817,13.46507,11.9425,13.14698,14.34298,2,2,226,2,4,1,3,3,1,2,1.9226,207.333,0.14,394.306,382.5095,412.6632,1,3,2
4550219,392.3243,425.79107,1,1,14.666666666666666,8.19314,13.03951,9.26151,11.9425,7.58514,11.44903,4,2,786,3,3,1,3,3,3,1,-0.9168,154,-0.36,351.6202,344.6551,412.1037,1,4,3
3010105,619.26564,514.91523,1,3,14.833333333333334,8.91919,9.62932,13.46507,9.81093,11.84842,10.74331,2,2,702,3,5,2,2,2,3,1,-1.7689,173.25,-0.71,481.547,448.1537,584.241,1,3,4
3990108,331.40954,353.06867,1,1,15.25,10.25396,13.03951,9.965,8.55351,7.89169,11.44903,2,2,83,4,6,2,2,2,3,2,0.2803,78,-0.83,311.0375,374.2829,345.4308,1,3,NA
4630218,545.27025,544.64463,2,1,14.5,9.60097,8.81989,9.965,11.01771,8.93142,8.27843,2,2,311,3,5,1,1,3,2,2,-1.2965,94,-0.58,565.828,527.5012,567.5494,1,3,4
4410220,523.383,596.14516,2,1,14.666666666666666,10.92551,9.18945,9.965,10.35139,8.69047,8.70884,1,2,869,1,2,3,4,3,2,1,-0.5803,134.462,-0.54,451.48,457.8122,561.2085,2,4,3
4070213,564.66115,513.01647,1,2,15,9.60097,8.48873,11.33851,7.57539,9.39344,11.44903,2,2,883,1,5,2,2,3,2,1,-1.2965,140.308,0.52,544.7188,454.7465,472.5289,2,6,NA
4180118,492.02522,479.5895,2,1,14.25,12.51743,10.19817,8.60159,8.55351,8.6338,8.27843,1,2,1133,1,2,3,1,3,2,2,-0.7452,169.857,0.97,457.3999,383.3115,452.0142,1,4,1
3410124,485.70635,499.25729,2,1,14.916666666666666,10.25396,13.03951,9.26151,11.01771,8.69047,9.15641,2,3,598,3,5,1,3,3,3,2,-0.0892,106.727,-0.06,420.0109,377.6177,401.3801,1,3,4
5030218,401.78254,475.49017,1,1,15,11.64917,9.62932,11.33851,8.92971,8.17383,10.15325,1,1,668,1,4,1,1,1,2,2,-0.3225,121.636,0.14,444.2359,380.6374,422.4543,1,3,4
4850422,389.64828,393.41593,2,1,14.583333333333334,9.60097,NA,8.21045,8.86107,7.05298,8.0381,3,1,1145,2,2,1,2,2,2,1,1.9226,228.2,0.1,352.3212,377.1365,394.1999,1,3,4
4930111,610.14976,575.01299,2,1,14.833333333333334,12.51743,8.48873,9.26151,7.88323,10.07332,8.70884,2,3,806,1,1,2,2,2,1,1,0.2803,157.4,0.7,599.2444,530.8694,558.038,1,4,3
3880217,534.41679,523.22931,2,1,14.583333333333334,14.01827,9.18945,13.46507,11.01771,9.84519,9.6346,1,1,836,1,3,2,2,3,3,2,-0.4184,172.4,0.01,414.5583,434.5558,448.0045,2,5,NA
4450117,574.71661,533.71012,2,1,14.833333333333334,10.25396,8.19852,13.46507,11.9425,10.30668,12.42205,2,2,226,2,4,1,3,3,1,2,1.9226,207.333,0.03,530.7758,517.7977,554.7743,1,3,3
4260123,404.36023,477.41294,2,1,14.583333333333334,9.60097,8.19852,9.26151,8.92971,8.43911,7.85736,2,2,298,3,5,1,3,3,3,2,-0.5803,55.273,-0.4,349.6728,254.9201,399.7949,1,3,4
3140202,546.84547,546.09265,1,1,13.666666666666666,11.64917,10.19817,10.35777,9.34439,8.17383,10.15325,1,NA,640,2,4,1,2,2,2,2,-0.5803,168.75,0.51,501.0983,486.2806,505.4457,3,5,4
4750314,455.84245,554.12795,1,1,14.5,10.25396,11.04872,9.965,8.55351,11.37095,8.70884,2,1,588,4,6,1,4,2,3,2,-1.5162,NA,-0.18,462.9304,469.6001,473.7411,1,3,4
3440210,521.95527,444.86224,1,1,15.416666666666666,9.60097,10.19817,13.46507,13.70742,11.07454,14.34298,2,1,649,2,1,3,4,4,3,2,-0.9168,153.111,-0.74,438.7833,454.5082,472.8087,1,3,1
4750309,308.85882,431.06432,1,1,14.416666666666666,10.25396,10.19817,8.60159,6.33324,8.17383,9.15641,2,2,588,4,6,1,4,2,3,2,-1.5162,NA,-0.2,381.7651,426.1513,423.107,1,3,4
4440107,394.58612,351.65491,2,1,14.416666666666666,9.60097,13.03951,9.60333,9.34439,8.17383,7.85736,3,2,NA,1,4,3,2,3,3,3,-0.9168,128.462,-0.24,377.8704,327.4159,329.8583,1,3,4
4820112,437.93358,426.76587,2,1,15.333333333333334,8.91919,10.19817,10.35777,11.9425,8.84215,10.15325,4,2,173,2,6,1,4,4,1,1,0.0872,8.667,-1.09,374.521,444.2593,401.1003,1,3,4
4060222,528.23961,561.5124,2,3,15.333333333333334,10.25396,9.62932,13.46507,8.55351,9.39344,12.42205,2,2,425,4,2,2,4,3,2,3,1.1595,131.333,-0.06,399.447,405.7659,386.1805,1,3,NA
4450115,400.43079,421.4001,2,1,14.916666666666666,10.04151,10.19817,13.46507,10.35139,11.37095,11.69312,NA,1,226,2,4,1,3,3,1,2,1.9226,207.333,0.63,353.0223,275.8508,509.8284,1,3,3
4330213,395.13149,400.4473,2,1,16,8.91919,8.81989,9.965,8.55351,7.24499,10.74331,2,2,556,2,5,1,3,2,1,2,-0.4184,140,-1.66,325.8374,321.5617,354.3827,1,3,4
4060206,530.36433,549.19469,1,2,15.083333333333334,8.19314,9.18945,9.60333,9.34439,8.93142,8.70884,3,1,425,4,2,2,4,3,2,3,1.1595,131.333,-1.21,377.2472,384.8472,347.5755,1,3,NA
4120214,488.65343,518.41934,1,1,14.333333333333334,10.04151,8.81989,8.93041,10.35139,7.05855,7.85736,NA,1,1653,4,4,NA,3,3,3,2,-0.8068,187,-0.73,555.8576,505.2646,492.2044,1,3,NA
3400106,584.40748,578.42643,2,1,14.666666666666666,14.01827,10.19817,9.26151,8.20673,7.89169,8.27843,1,1,1280,NA,1,1,2,3,3,3,1.9226,153.647,0.58,468.7724,386.5193,441.1973,3,4,4
4940215,417.21048,473.17494,2,1,15,10.25396,13.03951,9.60333,8.55351,8.93142,9.15641,2,2,832,2,1,2,4,3,4,2,-0.0892,139,-0.09,418.453,433.834,477.0048,4,3,NA
4680210,617.76294,559.11271,2,3,15.25,10.92551,13.03951,10.35777,10.35139,9.16491,10.15325,1,1,403,3,2,1,4,4,4,2,-1.2965,192.5,-0.37,372.5736,381.9482,413.7822,1,3,2
3940228,492.98981,614.87678,2,1,15,10.92551,11.04872,10.80246,13.70742,11.70269,10.74331,2,2,524,3,1,2,3,2,2,2,-0.7452,271,-0.41,487.7785,561.2631,523.536,1,5,2
3390227,396.16268,412.11143,1,1,16.333333333333332,10.25396,10.19817,9.60333,7.88323,8.43911,9.6346,2,2,654,4,1,1,2,3,1,2,-0.4184,134.6,-0.61,470.1745,419.4791,485.677,1,6,1
4370111,664.33067,661.36113,1,1,14.916666666666666,8.90787,11.04872,9.965,9.34439,11.07454,10.15325,2,2,110,1,3,1,3,2,1,3,-1.2965,NA,0.05,429.436,498.1952,513.8381,1,4,NA
3520230,484.49371,473.44368,2,1,14.916666666666666,10.25396,13.03951,12.07123,13.70742,10.07332,10.15325,2,2,637,1,4,1,1,3,2,2,0.7756,150.5,-0.47,473.0566,421.8049,478.4036,1,3,3
3970405,575.78992,572.60599,2,1,15.416666666666666,12.51743,13.03951,12.07123,13.70742,8.93142,10.74331,1,1,898,1,1,3,4,3,2,2,1.9226,131,-0.44,541.0578,508.3347,586.3857,1,4,NA
3180304,490.35525,516.4741,2,1,14.5,10.25396,13.03951,10.80246,10.35139,9.39344,11.44903,3,1,856,1,4,1,2,2,2,3,-1.0989,208.75,0.05,421.0235,354.682,437.0944,1,3,4
3240105,579.70249,567.01795,2,1,14.25,11.17406,10.19817,12.07123,11.9425,12.54869,11.44903,NA,1,760,2,3,NA,4,4,3,NA,NA,NA,0.29,592.0782,555.1683,535.9381,3,5,4
4320307,541.83701,545.6837,1,1,14.583333333333334,12.21628,13.03951,11.33851,10.35139,11.70269,11.44903,NA,1,367,NA,2,1,2,1,3,2,1.1595,98.5,0.83,405.1332,488.9018,416.5796,3,4,4
3440202,494.6352,466.02409,2,1,14.666666666666666,9.60097,9.62932,11.33851,11.9425,9.84519,10.74331,2,1,649,2,1,3,4,4,3,2,-0.9168,153.111,-0.47,545.4198,435.4379,541.533,1,3,NA
3480121,574.41783,571.42333,2,1,14.75,7.37134,13.03951,8.60159,7.2741,10.07332,8.27843,4,2,532,1,1,2,3,1,2,2,-0.4184,90,-0.9,417.6741,416.111,437.7471,1,3,3
3630326,440.32501,445.48821,2,1,15.5,8.91919,13.03951,11.33851,10.35139,7.58514,10.15325,2,1,1209,1,2,4,4,3,4,3,-0.4184,132.526,-1.14,384.2577,367.2726,464.4163,1,5,NA
3890110,518.59499,509.50897,2,1,14.583333333333334,9.60097,7.6477,10.35777,7.2741,9.61942,9.6346,3,2,NA,NA,2,1,3,3,3,2,-0.0892,259,-0.59,470.564,427.6591,481.8538,1,3,3
3420207,428.86305,429.74647,2,1,15,11.17406,11.04872,8.60159,9.81093,9.16491,9.15641,NA,1,1076,3,4,2,2,1,3,1,-0.0892,177.833,0.19,436.5244,421.6445,460.3133,1,3,NA
3530322,567.38208,485.34109,2,1,15.083333333333334,9.60097,10.19817,9.26151,10.63181,13.14698,11.44903,2,2,898,NA,1,4,4,3,3,1,-0.9168,NA,-0.43,440.2633,404.964,391.216,2,4,2
4570218,509.17139,523.20017,1,1,15.583333333333334,10.92551,11.04872,7.03246,7.57539,8.17383,7.42878,2,2,843,4,1,1,1,1,1,3,0.5021,156,-0.31,398.5122,403.5929,416.6729,1,2,4
3690110,573.74743,577.86996,2,1,14.333333333333334,11.17406,5.3222,7.03246,3.41233,5.80254,6.47491,NA,3,202,3,1,3,4,NA,3,2,-0.5803,119.333,0.05,515.0413,474.7332,463.95,1,5,NA
5080121,559.77884,544.2336,2,1,15.083333333333334,11.64917,9.62932,8.60159,8.55351,7.24499,7.85736,1,NA,494,3,5,1,3,3,1,3,-0.256,123,-0.19,466.9029,458.5339,507.8702,1,3,3
4570221,646.46761,582.6748,2,2,14.833333333333334,12.21628,9.62932,10.80246,11.01771,10.80346,10.15325,NA,2,843,4,1,1,1,1,1,3,0.5021,156,0.48,484.6627,450.6749,479.0563,1,2,4
4510127,514.41504,434.85398,2,2,15.166666666666666,9.60097,13.03951,9.60333,7.57539,10.54867,9.6346,3,2,664,1,1,2,2,1,1,3,-0.9168,266.667,-0.57,463.6314,370.4002,461.9918,1,3,4
4840221,442.08548,418.18578,1,1,15.166666666666666,10.92551,8.48873,10.35777,10.35139,9.16491,11.44903,1,1,883,2,3,2,2,1,2,2,-0.4184,190,0.82,332.0689,341.7162,355.6882,1,3,NA
4140212,471.73687,443.78182,2,1,13.666666666666666,9.60097,11.04872,8.60159,NA,NA,6.97717,1,3,1968,1,1,1,1,2,2,2,0.0872,174.818,-0.22,583.2762,546.9083,563.3532,2,6,NA
4300102,536.36364,635.71828,1,1,15.166666666666666,10.25396,8.48873,8.26761,5.96004,9.39344,7.85736,2,2,613,3,4,1,4,4,2,1,1.9226,244,-0.36,616.3032,564.9173,616.132,1,4,2
4980225,521.48018,549.26768,2,2,14.833333333333334,11.64917,9.18945,7.51389,7.88323,8.93142,7.85736,1,3,590,3,1,2,3,3,2,2,0.0872,125.6,0.86,394.5396,356.2859,480.9213,1,4,4
3390231,401.7831,362.23011,2,1,14,10.92551,13.03951,9.26151,9.81093,9.84519,10.39525,1,2,654,4,1,1,2,3,1,2,-0.4184,134.6,0.11,483.1827,352.8376,498.3588,1,6,NA
4500313,381.19386,388.80739,1,1,15.416666666666666,10.25396,9.62932,7.03246,4.82293,6.39359,7.85736,2,2,715,3,4,1,4,4,4,2,-0.5803,142.2,-0.27,502.7341,394.7761,450.9884,1,4,NA
4570214,446.2661,516.60918,1,1,15.583333333333334,11.17406,8.81989,8.26761,8.55351,8.43911,7.85736,NA,1,843,4,1,1,1,1,1,3,0.5021,156,-0.49,357.1506,422.1798,384.875,1,2,NA
3290216,531.1839,511.85999,1,1,15.083333333333334,8.91919,13.03951,8.60159,8.20673,8.43911,8.70884,2,1,469,4,3,3,3,3,2,2,-0.7452,186,-1.28,295.3809,297.2348,318.6684,1,4,NA
3640305,508.87831,521.99318,2,1,14.083333333333334,12.51743,8.48873,9.26151,9.81093,9.84519,9.6346,1,2,758,2,2,3,2,3,2,3,1.9226,205.2,0.64,412.4552,503.8438,472.5289,1,3,4
3280105,532.59051,537.36612,2,1,14.333333333333334,10.92551,7.91394,9.26151,13.70742,9.84519,11.44903,1,3,77,2,6,2,4,2,3,2,-1.0989,74,-1.27,470.6418,401.676,452.6669,1,5,3
3430312,610.00852,571.54848,1,1,15,12.51743,8.48873,10.35777,10.35139,10.54867,9.6346,1,1,1049,1,2,2,3,2,3,1,-0.9168,282.5,0.8,575.0974,488.6635,580.9772,1,5,4
4640102,531.19965,525.71552,2,3,14.333333333333334,8.19314,9.18945,9.60333,11.9425,9.39344,8.70884,2,2,92,3,6,3,2,3,3,2,-0.5803,70,-1.22,292.7325,395.3407,373.1257,1,NA,3
3490321,502.39107,571.82147,1,1,14.916666666666666,10.92551,13.03951,13.46507,10.35139,12.54869,14.34298,2,2,820,3,1,1,2,3,3,2,-0.5803,116.143,0.34,495.5678,501.2931,443.342,1,3,4
3400307,573.41033,592.43286,2,1,14.083333333333334,12.51743,13.03951,12.07123,11.9425,10.54867,8.70884,1,2,1280,NA,1,1,2,3,3,3,1.9226,153.647,0.75,574.3184,550.918,540.3208,3,5,4
3180313,431.87349,452.52907,1,1,15,9.60097,11.04872,10.80246,11.01771,9.39344,11.44903,2,3,856,1,4,1,2,2,2,3,-1.0989,208.75,0.16,378.1041,447.1211,407.4413,1,3,NA
4980219,526.2303,535.40834,1,1,15.166666666666666,11.64917,11.04872,8.26761,8.20673,8.69047,8.70884,2,2,590,3,1,2,3,3,2,2,0.0872,125.6,-0.04,496.3468,569.6832,573.2376,1,4,4
4400113,548.67242,518.37646,1,1,14.666666666666666,11.17406,13.03951,13.46507,13.70742,11.70269,14.34298,NA,2,907,3,2,2,4,4,2,2,-0.256,155.5,0.85,500.9425,573.0987,493.9761,1,3,4
4670106,483.79671,483.54304,1,1,14.416666666666666,10.92551,11.04872,9.965,6.97345,8.93142,6.97717,2,1,991,2,3,1,3,2,3,1,-1.0989,166.5,-0.02,480.92380000000003,441.6404,454.7184,1,3,NA
4440117,453.03972,515.75582,1,1,14.083333333333334,10.25396,11.04872,8.26761,7.57539,9.9575,7.85736,3,2,NA,1,4,3,2,3,3,3,-0.9168,128.462,-0.25,424.6845,440.2106,466.934,1,3,2
4810207,424.54668,487.75584,1,1,15,10.92551,8.48873,10.80246,8.92971,8.17383,9.6346,2,2,317,3,5,1,3,2,2,1,0.0872,121.6,-0.73,438.9391,457.9237,439.8918,1,3,2
4730303,488.85735,504.05546,2,1,15.25,10.92551,13.03951,9.965,8.55351,7.58514,10.15325,1,1,1159,2,1,3,3,2,1,1,-0.256,172.167,1.53,401.3943,388.1232,362.7751,NA,5,NA
5050211,530.82981,574.58887,2,1,14.833333333333334,11.64917,9.62932,8.26761,8.20673,8.43911,10.74331,1,1,809,1,3,1,2,2,3,1,1.9226,155.6,0.89,413.8573,376.8959,443.342,2,3,4
4470214,514.59594,534.37407,1,1,15.666666666666666,9.60097,13.03951,10.80246,13.70742,11.70269,9.15641,2,2,527,1,1,2,4,2,3,2,0.0872,NA,0.76,397.188,341.6367,362.4953,1,3,2
3180307,494.5352,460.30109,1,1,15.166666666666666,9.60097,7.91394,9.26151,9.81093,9.61942,9.15641,2,2,856,1,4,1,2,2,2,3,-1.0989,208.75,-0.64,426.2424,405.1815,463.8568,1,3,NA
4730106,572.97289,560.02674,1,1,14.083333333333334,10.92551,10.19817,9.60333,7.2741,8.69047,9.15641,1,2,1159,2,1,3,3,2,1,1,-0.256,172.167,0.11,500.2415,548.9517,544.0507,2,5,4
3810108,626.20787,567.74103,1,1,15.5,9.60097,9.18945,11.33851,9.81093,11.07454,10.74331,3,2,728,1,2,1,1,1,1,3,-0.0892,252,-0.67,557.805,503.9937,493.9761,1,NA,4
3210204,539.49821,519.85121,2,1,14.666666666666666,11.17406,9.62932,8.26761,9.81093,8.17383,8.27843,NA,1,766,2,5,2,1,3,2,2,-0.256,163.8,0.45,364.6284,423.6493,477.1913,1,3,4
3640312,547.62023,590.18985,1,1,14.333333333333334,10.25396,9.62932,10.35777,8.20673,9.61942,9.6346,1,2,758,2,2,3,2,3,2,3,1.9226,205.2,0.45,529.5295,536.3221,524.1887,1,3,2
4570205,601.78773,653.72343,2,2,14.583333333333334,10.25396,10.19817,8.60159,10.35139,8.69047,3.26515,2,3,843,4,1,1,1,1,1,3,0.5021,156,-0.85,520.8054,523.5717,521.1115,1,2,3
3080115,433.05563,389.98776,2,1,15.333333333333334,10.25396,8.19852,10.35777,9.81093,9.16491,10.15325,2,2,511,4,1,1,4,3,3,2,-0.256,133.25,-0.7,385.0366,328.4512,304.6811,1,6,2
4110101,658.20354,539.60989,2,3,15.083333333333334,8.19314,11.04872,12.07123,13.70742,10.30668,12.42205,5,3,60,4,6,2,3,2,3,2,-1.2965,30.5,-2.08,594.5708,513.4672,582.5625,NA,NA,NA
4590205,339.77816,435.99966,1,1,14.666666666666666,10.92551,7.6477,8.60159,8.20673,7.58514,7.42878,2,1,409,2,5,1,3,3,3,2,0.2803,105,0.26,330.511,409.2325,366.878,1,3,4
4780118,516.48938,500.55473,2,1,14.583333333333334,8.74681,13.03951,10.80246,10.35139,8.69047,8.27843,NA,1,1408,2,2,3,2,2,2,2,0.0872,200.714,-0.43,429.5139,425.574,471.7829,1,5,3
4190309,481.08047,431.90612,1,3,14.25,10.92551,13.03951,9.60333,7.2741,10.07332,10.74331,2,1,516,1,5,1,2,3,3,3,0.2803,118.889,-0.05,424.373,443.3879,474.7669,1,5,NA
4680217,593.83991,655.58149,1,1,14.75,12.51743,7.11034,10.80246,11.9425,12.54869,10.74331,1,1,403,3,2,1,4,4,4,2,-1.2965,192.5,0.59,555.3124,602.9648,561.1153,1,3,2
3190316,518.99277,601.74444,1,2,14.833333333333334,11.64917,9.18945,10.80246,10.35139,8.93142,11.44903,1,1,1079,3,2,1,3,3,3,1,-0.9812,148.857,0.48,474.6923,489.299,481.7605,1,3,4
3940227,580.57781,512.04232,2,1,14.666666666666666,9.60097,11.04872,12.07123,11.01771,10.80346,12.42205,2,2,524,3,1,2,3,2,2,2,-0.7452,271,0.16,557.9607,493.9799,556.7326,1,5,2
3360102,500.71618,641.20713,1,1,15.166666666666666,10.25396,8.81989,9.965,11.01771,9.16491,9.15641,2,2,802,3,2,1,2,1,1,3,0.5021,207.25,-1.14,465.1893,385.4032,400.5408,1,3,4
3790105,516.27049,596.17004,2,1,15.083333333333334,10.25396,11.04872,8.93041,11.01771,9.16491,9.6346,1,1,127,4,6,1,3,3,1,1,0.7756,51.2,0.27,480.8459,412.1815,481.574,1,6,4
3390207,538.3554,514.27507,1,1,14.583333333333334,14.01827,8.48873,13.46507,9.81093,10.30668,10.15325,1,2,654,4,1,1,2,3,1,2,-0.4184,134.6,0.3,475.8607,393.2669,405.3898,1,6,4
3680307,589.4699,628.82079,1,2,15.166666666666666,10.04151,11.04872,8.60159,6.97345,9.39344,6.47491,NA,1,619,2,2,2,3,1,3,1,-0.5803,91.714,-0.2,586.7035,513.2077,554.3081,3,5,4
4950213,483.34922,517.47978,2,1,15,12.51743,11.04872,10.35777,8.55351,8.93142,9.6346,1,2,521,3,1,4,4,3,3,3,-1.7689,180.333,0.44,597.9202,516.3542,584.5207,1,4,4
4940204,520.7672,545.12636,2,1,14.916666666666666,9.60097,13.03951,9.965,8.92971,8.69047,9.6346,2,2,832,2,1,2,4,3,4,2,-0.0892,139,-0.23,462.0735,465.9118,534.0731,4,3,2
5070204,506.62465,605.97109,2,1,14.916666666666666,10.92551,8.48873,10.80246,9.81093,8.69047,10.15325,2,2,436,NA,6,2,2,3,3,2,-0.4184,119.333,0.24,555.546,455.4064,572.0254,1,6,4
3440212,472.41442,523.80924,1,1,14.833333333333334,11.64917,9.18945,9.965,11.01771,10.54867,11.44903,2,1,649,2,1,3,4,4,3,2,-0.9168,153.111,0.11,412.7668,394.0612,390.47,1,3,2
3790101,585.98404,558.5246,2,1,14.333333333333334,10.92551,7.6477,8.26761,7.57539,10.30668,10.74331,2,1,127,4,6,1,3,3,1,1,0.7756,51.2,-0.36,602.5939,559.6592,567.7359,1,6,4
3980202,430.26832,385.77082,1,1,14.583333333333334,11.64917,11.04872,9.60333,7.57539,8.72545,11.44903,1,2,798,2,1,2,3,3,4,2,-1.0989,168.6,0.86,402.6406,376.5864,396.9974,1,3,4
4300121,537.3508,521.3371,1,1,14.916666666666666,7.37134,7.11034,7.91186,8.55351,5.80254,6.47491,4,3,613,3,4,1,4,4,2,1,1.9226,244,-1.06,472.1997,460.8627,486.3297,1,4,NA
3720116,577.05899,540.02899,2,1,14.5,8.91919,13.03951,10.35777,10.35139,10.54867,10.15325,2,2,434,4,6,1,2,2,3,3,-2.4968,143.333,-0.42,459.2694,371.2021,412.9429,1,5,NA
4400116,532.04033,489.9803,2,1,14.166666666666666,10.92551,11.04872,12.07123,10.35139,11.07454,12.42205,1,2,907,3,2,2,4,4,2,2,-0.256,155.5,0.18,473.9913,418.0357,435.2294,1,3,3
3470104,421.83144,512.31968,2,1,12.916666666666666,11.17406,9.18945,9.26151,8.20673,5.80254,10.15325,NA,2,305,4,1,1,3,2,3,2,0.0872,152.5,-0.66,337.7551,406.4877,391.4957,1,3,4
3790103,310.44253,348.79717,1,1,16.5,9.60097,11.04872,7.03246,9.81093,6.39359,8.70884,3,3,127,4,6,1,3,3,1,1,0.7756,51.2,-1.07,315.3217,249.5762,300.3916,1,6,NA
5020114,605.82712,593.26254,2,1,14.416666666666666,12.51743,9.62932,11.33851,8.55351,10.54867,10.15325,1,2,395,2,1,2,2,3,2,2,-0.0892,115.667,0.52,498.0604,521.0055,496.9601,1,NA,2
3820527,506.6223,512.55853,2,2,14.416666666666666,11.17406,9.62932,13.46507,11.9425,10.54867,9.6346,NA,1,1365,4,2,2,2,3,3,1,-0.9168,NA,1.24,450.0779,440.2496,436.5349,1,6,2
3440222,532.72738,443.62786,1,1,15.25,9.60097,13.03951,13.46507,11.9425,15.81948,14.34298,4,3,649,2,1,3,4,4,3,2,-0.9168,153.111,-0.43,559.7523,529.8882,481.0145,1,3,2
5010117,628.12622,537.48342,1,2,14.75,11.64917,9.62932,13.46507,11.01771,11.37095,10.74331,1,2,429,1,1,1,1,2,2,2,-0.4184,NA,1.53,431.695,525.2018,553.4689,1,4,2
4140226,468.21637,411.38268,2,2,14.333333333333334,8.91919,13.03951,9.965,9.34439,9.84519,9.6346,3,3,1968,1,1,1,1,2,2,2,0.0872,174.818,-0.35,495.5678,374.4901,451.0817,2,6,4
4740210,595.31613,611.96001,1,1,15.25,11.17406,13.03951,11.33851,13.70742,11.07454,10.74331,NA,2,366,4,1,1,2,3,2,2,-0.4184,120.667,0.21,437.4591,486.9955,497.7993,1,5,4
3900104,584.00188,521.0677,2,1,14.583333333333334,10.04151,11.04872,9.26151,9.81093,7.58514,8.70884,NA,2,807,1,1,3,3,3,2,1,0.0872,102.5,0.3,584.4446,526.2983,607.7396,3,5,2
4010314,520.62765,549.00418,1,1,15,10.92551,11.04872,7.91186,7.88323,7.58514,8.70884,2,2,673,3,2,1,3,3,2,2,-1.0989,187.5,-0.39,512.7824,589.5409,562.3275,1,5,4
3780211,561.85284,596.62536,2,1,15.166666666666666,11.64917,9.18945,9.60333,7.88323,11.07454,9.15641,1,2,1442,2,2,1,4,3,3,2,-0.9168,232.833,-0.05,505.7719,476.3371,507.3107,1,5,4
4970108,619.67034,545.8694,2,1,14.916666666666666,8.74681,11.04872,9.60333,8.92971,8.43911,9.6346,NA,3,500,1,1,3,3,4,4,2,-1.5162,168,-0.26,456.6989,410.0163,459.4741,4,4,3
3290214,431.89382,489.89486,1,1,14.666666666666666,11.17406,9.18945,7.91186,8.92971,8.43911,10.15325,NA,2,469,4,3,3,3,3,2,2,-0.7452,186,-0.31,335.9635,349.8975,355.9679,1,4,NA
3140211,554.01675,598.30808,2,1,13.833333333333334,10.25396,9.18945,10.80246,8.92971,9.16491,8.70884,1,2,640,2,4,1,2,2,2,2,-0.5803,168.75,0.58,387.2955,383.3115,417.3256,3,5,4
4940217,468.96566,514.67485,1,1,14.416666666666666,10.25396,10.19817,8.60159,8.55351,7.24499,8.70884,2,3,832,2,1,2,4,3,4,2,-0.0892,139,-0.23,450.6232,549.2694,507.031,4,3,NA
4800125,334.16456,438.22171,2,1,14.916666666666666,10.92551,13.03951,NA,7.26154,8.93142,6.43846,1,NA,441,1,5,3,3,3,2,3,-1.5162,144.667,-0.17,424.6066,216.7475,318.6684,1,3,NA
3860508,585.0933,618.68171,1,1,14.583333333333334,10.92551,11.04872,11.33851,10.35139,9.84519,10.15325,3,1,1340,3,2,1,4,2,3,2,-0.256,140.9,-0.12,490.6605,533.0655,445.4868,1,6,3
4000408,479.27195,443.48754,1,1,14.416666666666666,9.60097,8.48873,9.60333,8.20673,10.30668,10.15325,2,1,681,2,5,1,3,3,1,1,1.9226,148.889,0.44,457.4778,453.1579,443.6218,1,6,4
3400125,627.54186,522.35325,2,1,14.083333333333334,11.17406,13.03951,9.965,8.92971,9.61942,10.15325,NA,2,1280,NA,1,1,2,3,3,3,1.9226,153.647,0.2,485.4417,410.5776,412.6632,3,4,3
4250307,541.94897,542.78373,2,1,14.5,11.64917,10.19817,10.80246,9.81093,9.61942,7.42878,1,1,647,3,5,1,2,3,3,2,-1.5162,184,0.3,475.3934,416.1912,455.0914,1,3,3
3850102,452.82307,486.66592,2,1,15.166666666666666,4.94733,13.03951,7.03246,11.01771,8.17383,7.85736,NA,3,454,2,2,1,4,3,2,2,0.2803,177.2,-0.19,387.7629,259.01,334.8937,NA,3,3
3430306,527.5244,486.85218,2,1,14.416666666666666,14.01827,10.19817,9.60333,11.9425,9.16491,9.15641,1,2,1049,1,2,2,3,2,3,1,-0.9168,282.5,0.26,362.5253,322.1231,318.8549,1,5,4
4650107,633.20116,624.76064,2,3,14.833333333333334,10.25396,13.03951,9.965,8.92971,9.84519,10.74331,1,2,80,1,6,1,4,3,4,2,-0.9168,81,-0.43,494.4773,415.3893,464.5095,1,5,4
4470203,413.67143,444.9109,2,1,15.166666666666666,8.91919,13.03951,13.46507,10.35139,10.30668,12.42205,3,2,527,1,1,2,4,2,3,2,0.0872,NA,-0.59,321.1637,259.8119,387.0198,1,3,3
4000409,562.69967,559.63699,2,2,14.333333333333334,12.51743,10.19817,9.965,13.70742,11.07454,12.42205,1,2,681,2,5,1,3,3,1,1,1.9226,148.889,0.25,523.298,455.4865,501.809,1,6,4
4690305,453.48118,541.46054,2,1,15.25,11.64917,13.03951,9.965,11.01771,10.07332,9.15641,2,2,903,1,1,2,3,2,3,1,-0.5803,176.4,-0.6,467.0587,432.1499,422.2678,1,4,NA
4920223,602.96909,569.0771,1,1,13.75,12.51743,11.04872,8.93041,8.92971,9.26841,7.85736,1,2,972,1,1,1,2,1,3,1,-0.0892,163.667,0.82,477.107,576.2759,466.934,1,4,2
3430104,516.31083,571.45977,1,1,14.916666666666666,10.25396,13.03951,12.07123,10.35139,7.58514,10.74331,2,1,1049,1,2,2,3,2,3,1,-0.9168,282.5,0.09,502.1109,494.9386,488.4744,1,5,4
3420418,658.26443,750.14823,2,1,14.666666666666666,14.01827,8.81989,9.26151,7.2741,9.61942,12.42205,1,1,1076,3,4,2,2,1,3,1,-0.0892,177.833,0.26,613.3432,561.9047,591.1414,1,5,4
4140222,496.71813,503.38083,1,1,14.5,11.64917,11.04872,10.80246,7.88323,9.14551,11.14046,1,2,1968,1,1,1,1,2,2,2,0.0872,174.818,0.73,458.9578,408.3588,394.8527,2,6,2
3890108,646.93455,609.5517,1,1,15.583333333333334,8.91919,11.04872,13.46507,11.9425,14.02271,12.42205,2,2,NA,NA,2,1,3,3,3,2,-0.0892,259,-0.15,663.8962,580.8035,612.1223,1,3,2
3260224,546.68457,539.96549,1,2,15,10.92551,9.62932,10.35777,6.33324,11.70269,9.6346,2,1,687,2,1,2,2,2,3,1,-0.4184,329.5,0.62,582.1078,514.8758,544.6102,1,3,4
4200104,409.28958,428.78618,2,1,15.166666666666666,9.60097,9.62932,11.33851,9.34439,8.17383,10.15325,2,2,71,3,6,1,2,1,3,3,1.1595,23,0.16,389.0871,311.377,334.5207,1,NA,NA
3630510,449.03978,472.68394,2,1,15.083333333333334,10.25396,10.19817,8.26761,7.2741,8.17383,7.85736,2,3,1209,1,2,4,4,3,4,3,-0.4184,132.526,-0.27,395.0849,432.9519,480.6416,1,2,4
3160111,470.41406,523.53046,2,1,14.75,8.19314,9.18945,8.93041,8.92971,7.24499,7.42878,4,3,705,1,2,3,3,3,2,2,-0.5803,176.25,-0.02,424.7624,299.3478,407.2548,1,3,4
3760104,512.08752,419.67308,1,1,15.333333333333334,8.19314,9.62932,9.26151,10.35139,7.24499,7.85736,3,3,113,1,6,1,3,2,3,2,-0.256,36.333,-1.1,360.2664,380.0813,335.4532,1,3,4
4440118,463.99474,407.77643,2,1,15.583333333333334,11.64917,11.04872,10.80246,9.34439,9.16491,11.44903,1,2,NA,1,4,3,2,3,3,3,-0.9168,128.462,-0.08,399.8364,340.8084,330.511,1,3,4
3560317,527.92184,460.70294,1,1,14.583333333333334,14.01827,13.03951,10.35777,8.92971,8.43911,9.15641,1,2,756,3,1,2,3,3,3,2,1.1595,145.091,-0.97,403.9648,522.7394,448.3775,1,4,NA
4140220,520.83536,482.56955,1,2,13.916666666666666,14.01827,13.03951,10.80246,9.34439,15.81948,14.34298,1,1,1968,1,1,1,1,2,2,2,0.0872,174.818,0.68,495.7236,467.8526,416.4864,2,6,NA
4840207,615.07262,643.62908,2,1,14.5,14.01827,11.04872,11.33851,11.9425,10.54867,11.44903,1,3,883,2,3,2,2,1,2,2,-0.4184,190,1.1,466.0461,497.1877,506.7512,1,3,4
4890218,465.16135,461.78217,2,1,14.916666666666666,9.60097,13.03951,9.60333,9.34439,5.80254,9.15641,3,1,731,1,1,3,2,1,1,3,0.5021,152.4,-0.1,386.8282,419.3188,400.8206,1,3,3
4610229,600.63688,614.77748,1,1,14.166666666666666,10.25396,13.03951,10.35777,7.88323,10.17811,11.44903,2,3,765,1,2,2,1,2,1,1,-0.7452,253.667,-0.18,560.2197,614.9588,594.4983,1,4,2
3670110,527.15177,504.69442,2,2,14.666666666666666,10.25396,7.38476,8.93041,11.01771,9.61942,9.15641,1,2,558,3,4,2,4,4,3,1,-0.4184,149.714,NA,530.62,477.0589,497.4263,1,4,NA
4180117,519.0464,528.74642,1,2,14,8.91919,11.04872,11.33851,11.9425,10.54867,9.15641,3,1,1133,1,2,3,1,3,2,2,-0.7452,169.857,0.12,480.4565,399.7008,438.3999,1,4,4
3440204,427.65566,454.5029,2,1,15,10.25396,11.04872,12.07123,11.9425,9.39344,11.44903,2,2,649,2,1,3,4,4,3,2,-0.9168,153.111,-0.88,426.1645,325.0101,433.3644,1,3,4
4080302,538.48691,511.61449,2,3,15.916666666666666,9.60097,7.91394,9.965,11.9425,9.16491,9.15641,2,2,503,3,5,1,3,2,4,3,-1.2965,NA,-0.34,389.6323,335.9967,372.5662,1,3,1
3160311,418.51463,370.46716,1,1,14.75,10.92551,8.19852,12.07123,10.35139,7.24499,9.6346,1,1,705,1,2,3,3,3,2,2,-0.5803,176.25,-0.43,336.6646,335.9165,377.1354,1,3,4
4730324,491.74376,517.03515,1,1,14.583333333333334,8.74681,8.81989,9.965,9.81093,10.07332,10.74331,NA,2,1159,2,1,3,3,2,1,1,-0.256,172.167,-1.14,468.4608,393.9023,385.0615,NA,5,4
4480208,611.12631,594.18988,2,1,15.25,14.01827,8.19852,9.965,11.9425,9.84519,10.74331,1,1,819,1,1,1,3,2,3,1,0.5021,146,0.35,491.7511,555.9703,545.263,2,5,2
3170108,559.48197,596.06551,2,1,14,10.92551,8.81989,10.35777,10.35139,10.07332,9.15641,2,2,32,4,6,1,1,2,1,1,-1.0989,32,-0.37,608.6696,533.1148,596.4565,1,5,4
3150207,496.63824,536.34506,1,1,14.5,NA,13.03951,10.80246,9.81093,9.39344,10.15325,NA,1,328,2,2,1,3,2,2,2,-0.5803,130.4,-0.22,479.2881,455.3025,412.1969,1,4,2
3690101,559.21951,546.43111,1,1,14.166666666666666,10.04151,7.6477,7.51389,10.35139,4.94405,6.97717,NA,1,202,3,1,3,4,NA,3,2,-0.5803,119.333,-1,575.0974,575.2433,577.2473,1,5,4
3980214,376.29378,444.15236,1,1,14.583333333333334,10.25396,13.03951,10.35777,7.57539,9.84519,10.15325,2,1,798,2,1,2,3,3,4,2,-1.0989,168.6,0.57,402.7964,409.4708,456.6766,1,3,4
4880106,424.18287,500.27813,2,1,14.25,10.92551,9.18945,7.51389,7.2741,8.17383,6.97717,1,3,520,1,3,2,3,1,1,2,-0.9168,131.25,0.26,424.0614,435.1973,486.7027,1,3,3
4710108,519.315,546.91469,2,1,14.5,8.91919,11.04872,10.35777,13.70742,10.07332,11.44903,4,2,999,4,6,1,2,3,3,2,-0.4184,47.2,-1.29,490.6605,444.1791,429.6345,1,5,NA
4120207,481.27187,493.59658,2,2,13.833333333333334,10.92551,9.18945,9.60333,11.01771,9.84519,10.15325,1,3,1653,4,4,NA,3,3,3,2,-0.8068,187,0.55,555.4681,337.0393,444.5543,1,3,4
4230113,448.01306,438.11795,1,3,14.5,10.25396,13.03951,12.07123,13.70742,8.69047,11.44903,2,1,907,2,1,3,2,3,4,2,1.9226,215.75,-0.41,495.1005,505.2646,430.6602,1,5,4
3290207,525.78527,531.7663,2,1,14.5,9.60097,13.03951,8.26761,6.97345,4.94405,8.70884,2,2,469,4,3,3,3,3,2,2,-0.7452,186,0.16,389.6323,400.1523,332.4692,1,4,NA
5080117,540.74381,561.20689,1,1,14.916666666666666,10.92551,13.03951,13.46507,13.70742,15.81948,14.34298,3,1,494,3,5,1,3,3,1,3,-0.256,123,-0.72,555.3124,509.2362,612.4021,1,3,2
5020117,579.14818,555.31323,1,1,14.666666666666666,10.92551,8.81989,8.60159,8.20673,8.43911,8.70884,1,2,395,2,1,2,2,3,2,2,-0.0892,115.667,0.07,440.8085,543.3915,595.6173,1,NA,4
4840222,586.41577,557.62977,2,1,14.5,8.19314,8.81989,10.35777,7.2741,10.80346,9.15641,3,3,883,2,3,2,2,1,2,2,-0.4184,190,-0.59,445.8716,417.5545,482.0403,1,3,NA
3550323,569.02054,539.70646,1,1,14.5,12.51743,9.62932,9.26151,9.81093,10.80346,9.15641,1,3,1000,NA,1,NA,2,NA,NA,1,NA,93.619,0.91,517.3781,534.7335,537.8031,2,3,NA
3080107,468.15805,427.44215,1,1,15,8.19314,11.04872,5.03748,9.34439,4.94405,8.27843,4,2,511,4,1,1,4,3,3,2,-0.256,133.25,-0.06,426.9434,435.683,414.7147,1,6,NA
4760107,606.00768,578.9386,1,1,14.25,10.25396,13.03951,13.46507,13.70742,15.81948,14.34298,2,1,93,NA,6,NA,1,1,1,1,NA,NA,0.25,433.0192,481.4353,470.6639,1,3,NA
4230109,489.36953,449.64209,1,1,15.333333333333334,9.60097,8.81989,9.26151,11.01771,10.30668,9.15641,2,1,907,2,1,3,2,3,4,2,1.9226,215.75,-0.28,423.3603,408.6765,393.2674,1,5,3
4120206,499.50767,567.8784,2,1,14.916666666666666,9.60097,NA,8.60159,3.41233,9.16491,6.47491,3,3,1653,4,4,NA,3,3,3,2,-0.8068,187,-1.18,429.5139,294.8569,381.3316,1,3,4
3280110,540.36381,510.12163,2,1,14.833333333333334,10.25396,10.19817,8.60159,9.81093,8.93142,8.70884,2,3,77,2,6,2,4,2,3,2,-1.0989,74,-0.02,454.3621,388.9251,450.8019,1,5,3
3160103,421.75054,468.85478,1,1,14.083333333333334,11.64917,13.03951,11.33851,9.34439,5.80254,10.74331,1,1,705,1,2,3,3,3,2,2,-0.5803,176.25,-0.41,388.7755,371.3439,388.605,1,3,3
3440207,517.07441,492.24621,1,1,14.75,10.25396,10.19817,11.33851,10.35139,11.07454,11.44903,2,2,649,2,1,3,4,4,3,2,-0.9168,153.111,-0.26,444.158,421.1472,493.7896,1,3,2
5070206,410.90178,440.39543,1,1,14.666666666666666,10.25396,11.04872,9.965,8.20673,11.07454,9.6346,2,3,436,NA,6,2,2,3,3,2,-0.4184,119.333,0.03,530.6979,578.6589,560.1828,1,6,4
4460310,494.5362,483.57294,2,1,14.916666666666666,9.60097,13.03951,13.46507,11.01771,11.07454,10.74331,2,1,881,1,2,1,2,3,3,2,0.5021,174,0.31,404.6658,415.6299,407.2548,1,4,4
4810215,417.42177,446.64229,1,1,14.5,8.91919,13.03951,9.965,11.01771,12.54869,12.42205,4,1,317,3,5,1,3,2,2,1,0.0872,121.6,-0.93,414.6362,452.1253,407.9075,1,3,NA
4880109,374.67119,361.63786,2,2,14.333333333333334,9.60097,10.19817,8.93041,8.55351,8.43911,8.70884,3,2,520,1,3,2,3,1,1,2,-0.9168,131.25,-0.09,418.2193,394.4585,407.2548,1,3,3
3170105,391.78362,377.91675,2,1,14.25,6.33067,11.04872,10.35777,8.55351,8.69047,9.6346,4,2,32,4,6,1,1,2,1,1,-1.0989,32,-0.81,314.0754,363.2629,398.6759,1,5,4
4990224,550.60508,630.77913,1,1,14.416666666666666,14.01827,9.62932,8.60159,7.88323,8.43911,10.15325,1,1,643,1,1,3,3,3,4,1,-0.9168,156,1.27,524.3106,570.7158,548.0604,1,4,NA
4930108,582.56979,577.54045,1,2,14.75,10.92551,5.81451,7.03246,6.33324,7.24499,6.47491,1,1,806,1,1,2,2,2,1,1,0.2803,157.4,0.59,463.7093,527.823,513.5584,1,4,4
4170109,330.28763,404.46359,1,2,14.75,8.19314,10.19817,10.80246,11.9425,8.69047,8.70884,2,2,484,1,5,3,3,2,2,2,-0.256,NA,-0.91,337.9109,415.587,329.29880000000003,1,4,3
3320408,548.11197,506.05788,1,1,14,10.25396,11.04872,10.35777,7.2741,10.30668,9.6346,2,2,1426,NA,1,1,3,1,1,2,0.2803,NA,0.21,505.9277,532.5889,538.7355,1,3,4
3050115,575.52042,582.93972,2,1,14.583333333333334,10.25396,11.04872,10.80246,9.34439,10.80346,10.15325,3,2,445,4,5,1,1,3,2,3,-0.9168,166.667,-0.7,539.3441,447.3067,441.6636,1,3,NA
4180316,521.94812,498.8324,2,2,14.416666666666666,14.01827,8.19852,10.80246,9.81093,10.07332,9.15641,1,3,1133,1,2,3,1,3,2,2,-0.7452,169.857,1.08,523.6096,381.6274,516.0761,1,4,NA
3430324,594.90517,654.86855,2,1,14.416666666666666,10.92551,11.04872,11.33851,11.01771,10.30668,10.74331,2,1,1049,1,2,2,3,2,3,1,-0.9168,282.5,0.12,622.7683,576.0189,631.9843,1,5,4
4330221,459.40663,457.84204,2,1,14.75,10.92551,10.19817,9.965,11.9425,7.89169,9.15641,1,2,556,2,5,1,3,2,1,2,-0.4184,140,-0.13,457.322,419.6396,480.9213,1,3,4
3400301,590.83707,582.20071,2,1,15,12.51743,9.18945,13.46507,11.9425,12.08627,10.74331,1,1,1280,NA,1,1,2,3,3,3,1.9226,153.647,0.21,603.9181,501.9994,524.0955,3,5,4
4520103,601.51287,611.74702,2,1,15.083333333333334,11.64917,9.62932,7.91186,7.88323,8.93142,9.15641,1,3,1287,1,1,1,2,1,1,2,0.7756,145.778,0.43,578.9921,479.5449,551.1376,2,3,4
4310427,458.93456,489.90828,2,1,14.333333333333334,14.01827,8.81989,6.36452,8.92971,7.89169,8.27843,1,2,1109,2,2,1,1,1,2,1,0.2803,159.714,1.28,459.1136,461.7417,450.0559,2,5,NA
3830107,533.73254,500.71752,2,1,15.166666666666666,11.64917,9.62932,13.46507,13.70742,12.54869,14.34298,1,1,51,4,6,1,3,3,3,2,-0.0892,25,-0.05,456.5431,381.1462,461.3391,1,3,4
4280105,374.15286,445.1971,1,1,15.25,11.64917,13.03951,8.93041,7.57539,7.89169,10.15325,1,1,311,1,1,1,NA,2,2,3,0.7756,189,-0.12,259.6277,335.3617,282.5811,1,5,4
3480115,524.83497,532.51077,2,1,15.083333333333334,10.92551,11.04872,9.26151,10.35139,9.39344,7.85736,2,3,532,1,1,2,3,1,2,2,-0.4184,90,-0.1,507.953,485.3991,467.8665,1,3,4
4690328,447.12098,370.37081,2,2,15.333333333333334,9.60097,13.03951,9.965,10.35139,8.17383,9.15641,2,2,903,1,1,2,3,2,3,1,-0.5803,176.4,-0.52,452.8821,421.6445,447.2585,1,4,NA
5020115,681.95261,671.71657,1,1,15.25,10.25396,10.19817,9.965,11.01771,10.30668,9.6346,2,2,395,2,1,2,2,3,2,2,-0.0892,115.667,-0.21,560.9207,553.2409,544.3305,1,NA,4
3750202,484.44298,544.83852,1,4,15.416666666666666,10.92551,10.19817,11.33851,8.55351,8.43911,11.44903,1,2,923,2,5,1,2,1,1,2,-0.0892,134.714,0.46,560.9986,394.9349,497.5196,1,3,1
3610106,491.34532,516.74099,2,2,14.25,11.64917,10.19817,9.26151,8.20673,8.43911,9.6346,2,1,151,1,5,2,2,1,1,2,0.2803,89.333,0.73,413.9352,367.032,470.8504,1,3,NA
3080118,465.00806,481.8672,2,1,14.666666666666666,10.92551,11.04872,7.51389,8.20673,8.69047,8.70884,2,2,511,4,1,1,4,3,3,2,-0.256,133.25,-0.19,425.5414,455.3025,420.0298,1,6,3
4750308,407.66352,446.85516,2,1,14.5,8.74681,13.03951,8.93041,8.55351,8.93142,7.85736,NA,1,588,4,6,1,4,2,3,2,-1.5162,NA,-0.9,332.9257,364.6262,393.4539,1,3,NA
4020417,506.81393,573.21679,2,1,14.583333333333334,11.64917,9.18945,9.26151,6.66537,9.16491,7.42878,2,3,817,3,1,3,3,3,2,2,-0.5803,171,-0.11,448.9095,505.2071,444.2745,1,5,4
3890117,340.7489,434.95469,2,1,15.583333333333334,9.60097,7.81791,10.80246,13.70742,9.90736,13.75104,2,2,NA,NA,2,1,3,3,3,2,-0.0892,259,-0.38,381.843,266.9493,309.0638,1,3,3
3860522,487.67945,498.5413,1,1,14.5,10.92551,13.03951,10.31202,6.66537,7.58514,9.6346,2,1,1340,3,2,1,4,2,3,2,-0.256,140.9,-0.14,456.8547,457.1294,426.837,1,6,3
3610109,553.66244,625.9732,2,1,14.75,10.92551,11.04872,9.965,11.01771,8.69047,11.44903,1,3,151,1,5,2,2,1,1,2,0.2803,89.333,-0.02,531.9442,458.6141,487.4487,1,3,NA
3780203,586.28795,573.83076,1,1,15.083333333333334,12.51743,8.81989,13.46507,9.81093,14.02271,11.44903,1,2,1442,2,2,1,4,3,3,2,-0.9168,232.833,0.7,508.8877,595.1011,561.768,1,5,4
4430109,437.12653,440.41529,2,1,14.25,8.91919,8.48873,12.07123,10.35139,11.70269,14.34298,3,3,251,4,6,3,3,4,2,2,-0.7452,125.5,-0.39,419.3099,337.8412,398.8624,1,3,NA
4610107,614.23127,602.60566,2,2,14.416666666666666,10.92551,7.6477,11.33851,9.34439,11.70269,10.15325,1,3,765,1,2,2,1,2,1,1,-0.7452,253.667,0.27,691.938,635.1222,645.3189,1,5,2
3930305,515.62512,521.90382,2,1,14.583333333333334,14.01827,9.62932,8.60159,8.55351,10.07332,7.85736,1,1,1030,1,1,1,4,3,3,3,0.0872,155.714,1,412.2994,351.2337,370.235,2,6,4
3710304,481.62406,495.92786,2,1,13.916666666666666,9.60097,11.04872,9.965,11.9425,10.80346,10.74331,4,1,738,2,5,2,3,1,2,2,0.7756,111.333,-0.08,406.769,288.682,411.9172,1,3,4
3880224,501.94916,515.79772,2,1,14.666666666666666,12.51743,10.19817,9.965,8.20673,8.93142,9.15641,1,2,836,1,3,2,2,3,3,2,-0.4184,172.4,0.29,522.7528,483.7952,469.7314,2,5,4
4310426,530.0317,548.08011,2,2,15,11.64917,9.18945,10.35777,11.9425,8.69047,9.6346,1,1,1109,2,2,1,1,1,2,1,0.2803,159.714,0.91,406.2237,363.5034,414.7147,2,5,NA
4680216,523.1935,489.72541,2,1,14.333333333333334,12.21628,10.19817,7.51389,8.55351,7.24499,7.85736,NA,1,403,3,2,1,4,4,4,2,-1.2965,192.5,0.46,354.5802,358.4512,380.9586,1,3,4
3420212,591.02232,559.81451,2,1,14.583333333333334,8.74681,11.04872,9.26151,8.55351,8.93142,7.85736,NA,NA,1076,3,4,2,2,1,3,1,-0.0892,177.833,-0.98,545.1083,614.2717,592.2604,1,3,4
3990106,418.14111,492.69794,1,1,14.75,14.01827,6.83195,5.03748,8.55351,8.93142,6.47491,1,3,83,4,6,2,2,2,3,2,0.2803,78,0.82,383.0893,480.7204,521.3913,1,3,NA
3510104,530.92009,616.63816,1,1,14.416666666666666,9.60097,8.81989,12.07123,8.92971,10.54867,9.6346,2,1,64,3,6,1,3,2,2,2,-0.4184,NA,0.18,533.0347,565.7116,498.9183,1,3,4
4000404,312.13015,297.33897,1,1,14.666666666666666,8.91919,13.03951,10.80246,8.04648,8.69047,10.15325,4,2,681,2,5,1,3,3,1,1,1.9226,148.889,0.09,239.4532,354.2663,259.8284,1,6,4
3960119,422.90654,414.42623,1,1,15.25,10.25396,9.62932,9.26151,8.92971,7.58514,8.27843,2,2,521,2,1,1,1,2,3,3,0.5021,106.6,-0.63,358.6306,374.0446,424.226,1,4,NA
4220418,601.1075,600.0603,1,1,15.333333333333334,10.92551,13.03951,10.80246,7.57539,9.61942,10.74331,2,1,1371,1,2,2,4,2,3,3,-1.0989,11.25,0.16,577.3563,610.9079,594.4051,3,8,2
4430210,590.80031,560.52319,1,2,14.5,10.92551,13.03951,9.965,8.92971,10.07332,10.74331,1,2,251,4,6,3,3,4,2,2,-0.7452,125.5,0.39,517.456,467.2172,493.3234,1,3,2
4990208,607.22748,655.80746,2,1,14.583333333333334,12.51743,13.03951,10.80246,11.01771,9.84519,11.44903,1,2,643,1,1,3,3,3,4,1,-0.9168,156,0.88,501.0204,519.6422,532.2081,1,4,NA
4710111,479.08368,547.2129,2,1,14.75,8.19314,13.03951,10.80246,10.35139,9.39344,11.44903,4,2,999,4,6,1,2,3,3,2,-0.4184,47.2,-1.27,469.1619,411.3796,441.1041,1,5,NA
4060202,528.64375,505.07238,1,1,14.833333333333334,8.19314,10.19817,8.93041,8.20673,8.17383,8.70884,4,3,425,4,2,2,4,3,2,3,1.1595,131.333,-2.21,417.6741,454.4288,406.975,1,3,3
5070218,507.53751,460.88876,1,1,15.333333333333334,8.91919,13.03951,10.35777,8.55351,9.84519,10.15325,2,2,436,NA,6,2,2,3,3,2,-0.4184,119.333,-1.02,484.429,433.7767,482.7863,1,6,NA
4950208,604.84711,645.43608,2,1,15.083333333333334,11.64917,9.47748,9.60333,11.9425,10.80346,10.15325,1,2,521,3,1,4,4,3,3,3,-1.7689,180.333,0.31,517.9234,525.1756,578.8325,1,4,NA
4970105,627.61303,645.01382,2,1,14.833333333333334,14.01827,8.81989,13.46507,13.70742,12.08627,10.15325,1,3,500,1,1,3,3,4,4,2,-1.5162,168,1.81,600.8023,611.8658,518.5006,4,4,NA
3880212,558.8443,535.53502,1,1,14.833333333333334,12.51743,13.03951,11.33851,10.35139,10.80346,12.42205,2,2,836,1,3,2,2,3,3,2,-0.4184,172.4,0.3,381.064,483.8977,494.7221,2,5,4
4860209,547.02458,587.26741,2,1,14.666666666666666,11.64917,7.91394,9.26151,7.88323,8.43911,8.70884,1,2,782,1,1,1,1,2,1,1,1.1595,239,0.15,682.7465,652.2037,621.727,2,3,NA
4530203,394.70456,421.84822,1,1,16.5,7.37134,13.03951,13.46507,13.70742,11.70269,12.42205,4,2,205,1,6,1,3,3,4,2,-0.5803,67,-0.31,426.554,413.9189,440.9176,1,3,NA
4210324,502.14682,494.36003,2,1,15.5,9.60097,10.19817,8.60159,6.97345,3.17837,8.27843,4,1,971,1,4,1,2,2,2,3,0.2803,169.167,-0.65,296.1598,232.5458,268.1276,1,5,NA
3700122,569.84201,581.34135,2,1,15.25,11.64917,11.04872,9.965,11.01771,11.70269,9.15641,1,3,899,3,1,1,4,2,3,2,-0.256,206,0.42,476.1723,424.4513,520.0858,1,5,4
3520229,422.06854,398.48362,1,1,14.916666666666666,10.25396,10.19817,9.26151,8.55351,8.93142,9.6346,2,NA,637,1,4,1,1,3,2,2,0.7756,150.5,-0.37,385.1145,372.5354,378.2544,1,3,NA
3260221,534.21444,461.82276,1,1,15.583333333333334,11.64917,13.03951,8.93041,9.81093,9.84519,12.42205,2,2,687,2,1,2,2,2,3,1,-0.4184,329.5,-0.27,473.5239,464.7548,442.6893,1,3,4
4700105,510.39398,473.038,1,1,14.583333333333334,12.51743,9.62932,9.26151,8.92971,9.16491,9.15641,1,2,1590,1,1,1,4,4,3,3,-0.9168,218,0.77,499.9299,544.2652,453.3197,1,3,NA
4880101,542.75379,451.02039,2,1,15.333333333333334,10.04151,8.48873,7.51389,8.55351,7.89169,8.70884,NA,1,520,1,3,2,3,1,1,2,-0.9168,131.25,-0.65,451.48,416.913,439.0526,1,3,3
3810126,569.2639,610.38913,1,1,14.666666666666666,11.64917,13.03951,9.26151,8.20673,8.43911,7.85736,1,1,728,1,2,1,1,1,1,3,-0.0892,252,0.86,568.1648,563.1698,549.8322,1,NA,2
3340104,379.63294,444.72858,2,1,16.333333333333332,8.74681,10.19817,10.80246,11.9425,9.39344,9.6346,NA,1,116,2,6,1,1,3,3,3,1.9226,57,-0.77,429.9034,311.0562,369.0228,1,NA,NA
3180109,601.09219,589.05902,1,1,15,11.64917,9.62932,10.35777,9.81093,10.80346,10.74331,1,1,856,1,4,1,2,2,2,3,-1.0989,208.75,0.72,477.8081,471.0298,496.6803,1,3,4
4460307,409.80858,499.45881,2,3,15.333333333333334,12.51743,8.81989,6.36452,5.49149,7.24499,6.47491,2,3,881,1,2,1,2,3,3,2,0.5021,174,-0.01,366.9653,316.1887,341.0481,1,4,NA
3650213,384.22083,407.60578,2,1,14.916666666666666,10.25396,13.03951,9.60333,7.57539,8.43911,9.6346,1,2,500,2,5,4,4,3,3,1,-3.2968,139.25,0.37,362.4474,360.2957,340.1156,1,5,4
3390228,599.60323,568.28255,2,3,15.916666666666666,9.60097,10.19817,12.07123,11.9425,10.30668,10.74331,2,2,654,4,1,1,2,3,1,2,-0.4184,134.6,0.08,499.5404,426.0552,514.4909,1,6,3
4260113,551.42431,627.21642,1,1,15,10.92551,11.04872,9.26151,11.01771,9.61942,7.85736,2,2,298,3,5,1,3,3,3,2,-0.5803,55.273,-0.5,441.0422,448.8686,444.2745,1,3,4
4510105,334.24154,397.44051,1,1,15.5,10.25396,13.03951,8.93041,8.55351,4.94405,6.97717,1,1,664,1,1,2,2,1,1,3,-0.9168,266.667,-0.3,360.8117,410.8211,460.4066,1,3,NA
3640302,474.22294,557.6085,1,2,14.833333333333334,10.25396,8.48873,9.965,NA,NA,10.74331,1,1,758,2,2,3,2,3,2,3,1.9226,205.2,0.03,483.8059,430.1229,484.6512,1,3,NA
3900123,699.34996,727.30181,1,1,14.416666666666666,11.64917,9.62932,10.80246,7.57539,12.54869,10.15325,1,1,807,1,1,3,3,3,2,1,0.0872,102.5,0.91,704.2452,594.5451,596.5498,3,5,NA
4460322,496.97948,527.14979,1,1,15.083333333333334,8.74681,9.18945,9.965,8.20673,9.61942,9.6346,NA,2,881,1,2,1,2,3,3,2,0.5021,174,-0.93,399.5248,486.9955,466.934,1,4,4
4470220,426.5171,497.64385,2,1,15,14.01827,13.03951,9.965,11.01771,8.93142,8.70884,1,3,527,1,1,2,4,2,3,2,0.0872,NA,NA,434.1097,416.4318,500.5035,1,3,4
3990104,270.64976,339.03889,2,1,14.75,10.04151,5.81451,12.07123,10.35139,7.89169,8.70884,NA,3,83,4,6,2,2,2,3,2,0.2803,78,-1.34,277.7769,282.1862,347.6688,1,3,5
3630304,475.71514,452.48914,2,1,14.416666666666666,10.25396,11.04872,9.26151,9.34439,9.51847,9.15641,3,2,1209,1,2,4,4,3,4,3,-0.4184,132.526,-0.01,392.4365,389.727,397.3704,1,5,3
3390203,458.794,513.18199,2,2,14,10.92551,10.19817,10.35777,9.81093,10.07332,9.15641,1,2,654,4,1,1,2,3,1,2,-0.4184,134.6,-0.32,512.0034,388.1232,443.342,1,6,4
5020116,480.09241,494.63772,1,1,14.833333333333334,9.60097,13.03951,10.35777,8.92971,10.07332,9.6346,3,2,395,2,1,2,2,3,2,2,-0.0892,115.667,-0.33,454.2842,489.4578,469.5449,1,NA,NA
3400308,611.30843,611.40463,2,1,14.083333333333334,14.01827,13.03951,13.46507,8.55351,11.37095,11.44903,1,2,1280,NA,1,1,2,3,3,3,1.9226,153.647,1.14,544.7967,484.116,519.3398,3,5,NA
4720105,438.29235,517.54372,1,1,14.416666666666666,9.60097,9.18945,11.33851,11.01771,9.39344,14.34298,2,1,846,1,4,1,3,3,3,3,-1.0989,173.8,0.39,387.5292,453.9522,435.2294,1,6,4
3010107,571.19533,605.01397,2,2,14.416666666666666,10.04151,8.81989,8.93041,8.55351,9.16491,9.6346,NA,1,702,3,5,2,2,2,3,1,-1.7689,173.25,0.39,550.3272,501.438,578.8325,1,3,4
4140228,489.86854,480.80925,2,1,14,14.01827,NA,8.18012,8.16587,7.19693,6.95835,1,3,1968,1,1,1,1,2,2,2,0.0872,174.818,0.87,447.4295,386.2787,412.1037,2,6,NA
4850425,539.44592,441.08862,1,1,14.333333333333334,12.51743,10.19817,10.80246,10.35139,9.39344,10.74331,1,2,1145,2,2,1,2,2,2,1,1.9226,228.2,0.57,374.8325,431.4732,493.9761,1,3,4
3180115,456.51966,460.12171,1,1,14.833333333333334,8.91919,11.04872,10.35777,9.81093,8.93142,9.15641,3,2,856,1,4,1,2,2,2,3,-1.0989,208.75,-0.43,382.6219,341.7162,380.2126,1,3,4
4950212,556.94908,558.34074,2,1,15.083333333333334,11.64917,6.83195,8.60159,8.92971,6.85613,5.01998,1,1,521,3,1,4,4,3,3,3,-1.7689,180.333,0.51,704.3231,631.8343,670.8691,1,4,NA
4750321,401.80578,360.7846,2,1,14.75,10.92551,13.03951,10.35777,11.9425,8.93142,10.74331,2,2,588,4,6,1,4,2,3,2,-1.5162,NA,0.5,277.6211,212.2566,358.9519,1,3,NA
3580210,682.12713,649.36409,2,1,15,12.51743,7.91394,13.46507,11.9425,12.54869,10.74331,2,3,594,1,1,1,1,2,3,3,0.0872,147.75,0.23,595.0382,580.5098,526.6132,1,4,4
4770116,672.9861,679.22508,2,1,15,9.60097,9.62932,8.60159,9.34439,9.61942,8.70884,3,2,638,2,5,1,4,2,3,3,-0.256,167.5,-0.29,514.8076,428.1402,519.1533,1,4,NA
3580223,541.695,472.2752,2,1,14.416666666666666,11.64917,11.04872,9.94656,9.34439,9.84519,8.70884,1,2,594,1,1,1,1,2,3,3,0.0872,147.75,0.63,569.8006,529.5061,547.1279,1,4,1
3090103,586.67209,538.35588,2,1,14.666666666666666,11.64917,11.04872,11.33851,8.55351,12.54869,11.44903,2,2,194,3,5,1,3,3,3,2,-1.7689,96,0.09,547.7567,398.5484,462.2715,1,6,4
4320314,668.07955,615.4782,2,1,14.833333333333334,9.60097,8.48873,13.46507,13.70742,14.02271,12.42205,3,2,367,NA,2,1,2,1,3,2,1.1595,98.5,-0.06,551.184,527.5814,546.2887,3,4,3
3690115,535.56173,545.02848,2,1,14.5,8.91919,8.19852,11.33851,9.34439,8.43911,10.15325,4,1,202,3,1,3,4,NA,3,2,-0.5803,119.333,-0.96,381.064,373.608,379.0004,1,5,4
3730212,441.06044,548.38279,1,1,14.5,10.92551,13.03951,11.33851,9.81093,9.16491,10.74331,2,1,1043,2,3,1,2,2,3,2,-0.256,244.75,0.06,409.8847,344.8934,383.0101,1,5,4
4020212,463.22568,468.70071,1,1,14.916666666666666,10.25396,13.03951,9.60333,8.55351,9.39344,10.15325,3,1,817,3,1,3,3,3,2,2,-0.5803,171,-0.15,423.594,489.4578,422.5476,1,5,4
4410217,521.11593,571.66413,2,1,14.75,10.25396,9.62932,9.26151,7.57539,8.69047,8.70884,2,2,869,1,2,3,4,3,2,1,-0.5803,134.462,0.18,516.6771,511.6227,505.4457,2,4,NA
4740222,381.4857,389.51422,2,1,15,12.21628,8.81989,9.87812,11.78589,NA,8.70884,NA,NA,366,4,1,1,2,3,2,2,-0.4184,120.667,-0.54,298.5745,208.4875,354.3827,1,5,4
3870102,538.22489,585.89937,2,1,15.333333333333334,11.64917,13.03951,10.80246,11.9425,13.14698,14.34298,1,2,47,NA,6,2,4,1,3,2,-0.5803,NA,0.24,565.9838,491.4939,514.5841,1,5,4
4610101,500.67104,560.59772,1,2,14.75,14.01827,8.48873,10.04285,7.57539,11.07454,5.01998,1,2,765,1,2,2,1,2,1,1,-0.7452,253.667,0.01,490.2711,493.1911,468.9855,1,5,4
4330219,593.73354,611.89552,1,1,14.833333333333334,14.01827,13.03951,10.35777,8.92971,10.54867,9.6346,1,1,556,2,5,1,3,2,1,2,-0.4184,140,0.45,411.5205,436.2391,460.1268,1,3,4
3630318,394.14779,411.5518,1,1,14.75,9.60097,11.04872,9.26151,8.20673,8.93142,8.27843,2,1,1209,1,2,4,4,3,4,3,-0.4184,132.526,0.76,479.2102,497.4009,532.2081,1,5,NA
3620102,673.31672,603.62378,1,1,13.75,12.51743,9.18945,9.965,11.01771,10.80346,9.15641,1,2,569,1,4,1,3,2,3,1,-0.0892,197.667,0.38,648.3175,673.7378,630.3991,2,3,2
4570206,571.17175,556.85148,1,1,14.833333333333334,9.60097,13.03951,10.80246,9.81093,13.14698,9.6346,2,2,843,4,1,1,1,1,1,3,0.5021,156,-0.39,471.4987,451.5692,403.5248,1,2,4
3210211,480.11688,462.31856,2,1,15.166666666666666,10.25396,9.62932,9.965,8.55351,9.39344,9.6346,1,1,766,2,5,2,1,3,2,2,-0.256,163.8,0.09,382.9335,339.1243,364.4536,1,3,4
3360116,570.57878,568.93351,2,2,14.833333333333334,10.92551,11.04872,10.35777,9.81093,10.07332,7.85736,4,2,802,3,2,1,2,1,1,3,0.5021,207.25,0.49,337.4435,346.3418,402.3126,1,3,NA
3280102,444.66016,569.52599,1,1,14.833333333333334,8.19314,9.18945,8.60159,9.81093,5.80254,11.44903,2,2,77,2,6,2,4,2,3,2,-1.0989,74,-0.73,455.2968,484.136,434.2969,1,5,3
3320407,430.90722,422.61451,1,1,14.666666666666666,11.17406,13.03951,7.51389,9.81093,6.85613,8.27843,NA,2,1426,NA,1,1,3,1,1,2,0.2803,NA,0.71,448.5979,453.6345,448.2842,1,3,4
4010303,595.67937,534.60375,2,1,15.5,10.92551,8.81989,10.80246,11.01771,11.70269,12.42205,2,2,673,3,2,1,3,3,2,2,-1.0989,187.5,0.39,250.5141,273.3648,276.7997,1,5,4
3180110,504.38249,581.8821,1,1,14.833333333333334,10.25396,10.19817,11.33851,11.9425,10.54867,12.42205,2,1,856,1,4,1,2,2,2,3,-1.0989,208.75,-0.55,492.53,506.1384,507.3107,1,3,NA
4980211,602.41422,572.15612,2,1,15.166666666666666,10.25396,9.62932,9.60333,13.70742,10.30668,12.42205,2,2,590,3,1,2,3,3,2,2,0.0872,125.6,-0.74,584.912,526.7795,602.1447,1,4,4
4550206,514.99986,513.46273,1,1,15.083333333333334,8.91919,11.04872,12.07123,9.81093,11.70269,11.44903,4,1,786,3,3,1,3,3,3,1,-0.9168,154,-1.19,467.4482,451.5692,382.0776,1,4,4
4340104,508.02869,464.3608,2,1,13.75,8.19314,9.18945,9.60333,10.35139,7.58514,10.74331,4,1,107,3,6,1,4,1,3,3,-0.256,68.667,-0.44,398.2785,360.857,329.5785,1,4,4
3960105,491.99706,454.34021,1,1,14.666666666666666,10.92551,7.11034,9.965,9.34439,7.58514,12.42205,2,2,521,2,1,1,1,2,3,3,0.5021,106.6,-0.06,386.6724,432.0292,488.5677,1,4,4
3300210,640.97044,561.80318,1,2,14.166666666666666,11.64917,9.18945,11.33851,10.35139,10.07332,11.44903,1,1,837,3,2,1,3,1,3,3,0.0872,136.333,0.18,458.9578,421.9415,455.7441,1,4,2
4730120,488.24237,532.58104,2,1,15.25,8.19314,11.04872,9.60333,7.57539,7.58514,8.27843,3,2,1159,2,1,3,3,2,1,1,-0.256,172.167,-0.22,406.3016,454.6044,426.9302,2,5,NA
4520101,559.24129,582.16186,2,1,15.166666666666666,8.74681,13.03951,9.965,8.20673,9.16491,9.15641,NA,1,1287,1,1,1,2,1,1,2,0.7756,145.778,-1.68,473.1344,431.2678,482.693,2,3,NA
4290110,458.39924,548.16173,1,1,14.833333333333334,11.64917,11.04872,8.26761,6.97345,8.17383,8.70884,1,2,285,4,6,1,4,2,3,3,0.0872,88,-0.03,434.8886,442.5935,432.1522,1,3,NA
3280108,591.30143,578.65709,1,1,14.583333333333334,9.60097,9.62932,6.36452,9.34439,10.30668,8.27843,1,3,77,2,6,2,4,2,3,2,-1.0989,74,0.59,521.7401,541.088,573.6106,1,5,4
5000202,478.60055,471.79642,1,1,14.75,11.64917,13.03951,9.965,8.20673,10.07332,9.6346,1,1,597,1,1,1,1,4,3,1,1.9226,159.25,0.46,466.0461,525.2018,496.1209,1,4,4
5000215,581.63716,596.35247,2,1,14.666666666666666,11.64917,8.48873,10.80246,8.55351,10.80346,10.15325,1,2,597,1,1,1,1,4,3,1,1.9226,159.25,0.74,603.9181,519.6422,582.8422,1,4,NA
4140206,448.93262,461.26312,1,1,14.666666666666666,11.64917,13.03951,9.965,9.34439,7.58514,8.27843,1,1,1968,1,1,1,1,2,2,2,0.0872,174.818,-0.19,484.1175,438.066,413.7822,2,6,NA
4760106,681.78288,600.94563,2,1,14.916666666666666,9.60097,13.03951,13.46507,13.70742,15.81948,14.34298,2,1,93,NA,6,NA,1,1,1,1,NA,NA,-1.24,292.2652,307.1267,255.0727,1,3,NA
3910107,486.79218,551.11614,2,1,14.583333333333334,10.92551,13.03951,9.26151,8.55351,8.69047,9.6346,1,1,84,3,6,2,2,3,4,2,-0.9168,44,0.41,467.5261,490.7721,530.3432,1,3,NA
4280101,483.25212,579.48863,1,1,14.416666666666666,12.51743,10.19817,9.965,8.55351,9.61942,9.15641,1,2,311,1,1,1,NA,2,2,3,0.7756,189,0.57,497.1257,553.797,490.0597,1,5,2
5060213,566.86118,515.48533,1,1,14.5,9.60097,8.48873,12.07123,13.70742,11.70269,10.74331,2,2,365,4,1,2,2,2,2,2,0.0872,135.333,-0.48,566.4512,519.6416,562.7937,1,5,2
4850420,591.11059,419.49588,2,1,14.583333333333334,12.51743,13.03951,9.26151,8.55351,8.69047,8.70884,2,NA,1145,2,2,1,2,2,2,1,1.9226,228.2,0.4,296.1598,290.2057,358.4856,1,3,3
5020104,490.20798,579.14384,2,1,14.666666666666666,11.64917,9.18945,9.26151,10.35139,8.69047,12.42205,1,1,395,2,1,2,2,3,2,2,-0.0892,115.667,0.63,505.0709,521.8876,542.3722,1,NA,NA
4770111,562.50481,641.34996,1,1,14.666666666666666,9.60097,10.19817,9.60333,8.92971,9.16491,9.6346,2,2,638,2,5,1,4,2,3,3,-0.256,167.5,-0.41,565.6722,458.4797,524.7482,1,4,4
4500319,442.75398,510.3727,2,1,15.25,14.01827,8.48873,8.93041,11.01771,8.69047,10.74331,1,1,715,3,4,1,4,4,4,2,-0.5803,142.2,0.31,525.9464,308.7306,380.2126,1,4,3
4680209,579.12706,646.93178,2,1,14.666666666666666,9.60097,13.03951,10.35777,11.01771,11.07454,10.15325,2,1,403,3,2,1,4,4,4,2,-1.2965,192.5,-0.55,478.7428,482.6725,532.3014,1,3,4
4720103,383.47199,408.72668,1,1,14.583333333333334,10.25396,13.03951,9.965,9.81093,8.93142,10.74331,2,3,846,1,4,1,3,3,3,3,-1.0989,173.8,0.12,314.0754,391.7577,352.984,1,6,3
4510116,420.29209,465.33047,1,1,14.333333333333334,9.60097,8.81989,8.26761,8.20673,8.69047,9.15641,3,1,664,1,1,2,2,1,1,3,-0.9168,266.667,0.17,409.9626,434.8887,464.1365,1,3,4
3420222,547.95062,469.59946,2,1,15.333333333333334,8.74681,10.19817,12.07123,9.81093,11.37095,10.15325,NA,2,1076,3,4,2,2,1,3,1,-0.0892,177.833,0.26,542.382,477.1391,471.8762,1,3,2
3350110,565.18328,611.62492,2,1,15.5,10.92551,9.62932,13.46507,13.70742,15.81948,14.34298,1,1,516,1,2,3,3,3,2,2,1.9226,180.667,0.24,542.4599,480.9082,610.7236,1,3,4
3780204,459.84463,551.52575,1,1,14.25,11.64917,11.04872,7.51389,8.20673,7.24499,7.42878,1,2,1442,2,2,1,4,3,3,2,-0.9168,232.833,-0.27,406.9248,367.6901,458.7281,1,5,3
3820522,421.04931,431.99133,1,1,15.166666666666666,12.51743,13.03951,13.46507,7.88323,7.24499,11.44903,1,1,1365,4,2,2,2,3,3,1,-0.9168,NA,0.82,402.2511,432.1086,399.7016,1,6,2
4180101,594.99869,631.51148,1,3,14.833333333333334,11.64917,11.04872,9.60333,10.35139,9.84519,9.15641,1,2,1133,1,2,3,1,3,2,2,-0.7452,169.857,0.76,495.5678,493.4294,535.9381,1,4,4
4450114,478.00478,490.68156,2,1,15.25,10.25396,11.04872,9.26151,7.88323,6.39359,9.6346,4,1,226,2,4,1,3,3,1,2,1.9226,207.333,-0.42,427.4887,376.094,485.0242,1,3,3
4560313,642.29023,593.0644,2,1,15.25,10.92551,11.04872,13.46507,11.01771,8.93142,12.42205,2,2,706,1,2,2,4,4,4,2,-1.0989,231,-0.28,439.4843,408.8935,469.4517,1,4,2
3870104,549.70652,507.88768,1,1,15.5,9.85205,10.19817,9.60333,9.34439,8.43911,10.74331,2,2,47,NA,6,2,4,1,3,2,-0.5803,NA,-0.56,478.1196,418.7642,446.7922,1,5,4
3190321,454.83584,462.89041,2,2,15.166666666666666,10.92551,9.62932,8.93041,7.88323,7.58514,6.97717,2,1,1079,3,2,1,3,3,3,1,-0.9812,148.857,0.33,471.1092,334.3928,370.3282,1,3,4
3250107,428.86585,402.24895,1,1,14.5,10.92551,11.04872,9.81521,9.34439,4.94405,10.15325,3,1,348,4,1,1,4,3,3,3,-1.0989,173.5,-0.01,391.5018,413.1246,425.0653,1,5,2
4730107,570.12525,576.67148,2,1,15.25,10.25396,9.18945,8.60159,7.88323,7.58514,8.27843,2,2,1159,2,1,3,3,2,1,1,-0.256,172.167,-1.03,481.0796,434.5558,450.2424,2,5,4
4690313,560.92903,459.27522,1,1,15,10.25396,13.03951,10.35777,9.34439,10.30668,10.74331,2,2,903,1,1,2,3,2,3,1,-0.5803,176.4,-0.2,427.5666,413.9189,338.2507,1,4,4
3730202,488.28605,495.59779,2,1,14.25,11.64917,13.03951,10.35777,10.35139,9.61942,9.6346,2,2,1043,2,3,1,2,2,3,2,-0.256,244.75,0.39,581.1731,491.0127,524.7482,1,5,4
3640303,508.08009,507.21981,2,1,15,10.25396,13.03951,9.60333,11.01771,9.16491,10.74331,2,2,758,2,2,3,2,3,2,3,1.9226,205.2,-0.09,392.7481,330.3831,365.1063,1,3,3
4020214,424.87405,397.1673,1,1,14.666666666666666,8.91919,13.03951,11.33851,10.35139,10.80346,11.44903,4,2,817,3,1,3,3,3,2,2,-0.5803,171,-1.3,440.3412,449.7423,419.0974,1,5,4
4690306,400.23246,477.25996,2,1,15.333333333333334,10.92551,8.48873,8.60159,9.34439,8.69047,10.74331,1,3,903,1,1,2,3,2,3,1,-0.5803,176.4,0.57,407.6258,381.1462,410.9847,1,4,3
4430205,485.16344,548.19446,2,1,14.333333333333334,8.91919,8.81989,9.60333,11.01771,9.39344,10.15325,3,3,251,4,6,3,3,4,2,2,-0.7452,125.5,-1.04,426.9434,356.2859,339.1831,1,3,4
4550221,504.99557,437.02618,2,1,14.666666666666666,7.37134,9.18945,10.35777,11.01771,9.61942,9.6346,4,3,786,3,3,1,3,3,3,1,-0.9168,154,-0.87,348.3487,291.0878,348.3215,1,4,3
4780420,492.90679,487.06145,2,1,14.333333333333334,8.19314,8.48873,10.35777,9.81093,8.93142,9.15641,4,1,1408,2,2,3,2,2,2,2,0.0872,200.714,-1.4,553.2871,457.8924,559.53,1,5,4
4000405,471.14669,469.70344,2,1,14.916666666666666,10.92551,11.04872,9.60333,7.2741,10.07332,9.6346,2,1,681,2,5,1,3,3,1,1,1.9226,148.889,0.46,474.6144,469.1196,460.6863,1,6,2
3230113,417.52814,441.79239,1,1,15.333333333333334,11.64917,13.03951,9.60333,8.55351,8.69047,9.6346,2,1,625,3,5,1,2,3,3,1,-0.4184,157.5,0.08,418.2193,419.4791,383.0101,1,3,NA
4210311,572.5806,530.49843,1,1,16.583333333333332,10.25396,10.19817,10.80246,11.9425,9.16491,11.44903,2,NA,971,1,4,1,2,2,2,3,0.2803,169.167,0.12,383.4008,286.1144,328.7393,1,5,5
3980220,459.41781,496.0421,2,1,15.166666666666666,7.37134,11.04872,9.965,8.92971,9.39344,8.27843,4,2,798,2,1,2,3,3,4,2,-1.0989,168.6,-0.72,406.769,347.1438,401.3801,1,3,4
3950101,584.43507,626.1828,2,1,14.666666666666666,10.04151,13.03951,5.03748,6.66537,9.16491,6.97717,NA,3,49,3,6,3,4,4,2,2,-2.0766,13.667,-0.62,497.9047,407.2896,485.304,1,4,4
4620202,620.37583,567.90513,2,1,15.083333333333334,10.25396,9.62932,10.52098,8.20673,8.43911,14.34298,3,1,592,2,1,1,3,1,1,1,1.1595,119.2,0.23,614.1221,557.1732,599.254,1,5,NA
4590209,422.86274,446.1156,2,1,14.833333333333334,11.64917,8.19852,8.60159,11.9425,7.24499,9.15641,1,2,409,2,5,1,3,3,3,2,0.2803,105,0.63,429.9034,441.7733,425.9045,1,3,4
4000412,461.5556,413.31711,2,1,14.666666666666666,10.92551,13.03951,10.35777,10.35139,9.39344,9.6346,1,1,681,2,5,1,3,3,1,1,1.9226,148.889,0.59,420.1667,391.8923,427.0235,1,6,3
4820111,519.81278,570.94334,2,1,14.916666666666666,10.25396,11.04872,12.07123,11.01771,9.84519,9.15641,2,2,173,2,6,1,4,4,1,1,0.0872,8.667,-0.86,415.4152,518.2788,487.4487,1,3,NA
4010309,546.23596,564.96207,1,1,15.083333333333334,12.51743,13.03951,10.80246,8.92971,10.54867,10.15325,1,2,673,3,2,1,3,3,2,2,-1.0989,187.5,0.1,369.3021,351.4862,409.1197,1,5,NA
4510124,430.0262,382.21236,2,1,15.083333333333334,8.74681,13.03951,9.60333,11.9425,8.93142,10.15325,NA,3,664,1,1,2,2,1,1,3,-0.9168,266.667,0.2,320.5406,272.8836,333.5882,1,3,NA
3160301,470.14746,476.53328,1,1,15.75,10.04151,7.11034,12.07123,11.01771,8.43911,12.42205,NA,3,705,1,2,3,3,3,2,2,-0.5803,176.25,-1.68,344.9213,317.0925,333.9612,1,3,4
4460320,443.50271,436.39857,2,1,15.083333333333334,10.25396,9.62932,6.36452,7.2741,7.58514,8.70884,2,3,881,1,2,1,2,3,3,2,0.5021,174,0.16,322.5658,357.8898,428.702,1,4,NA
3420203,579.3093,500.21605,2,1,15.083333333333334,10.92551,10.19817,11.33851,9.34439,10.54867,9.6346,1,1,1076,3,4,2,2,1,3,1,-0.0892,177.833,-0.01,349.9065,325.5714,345.5241,1,3,NA
3180119,456.45463,447.51878,2,2,14.75,10.25396,10.19817,10.35777,8.92971,9.50488,9.6346,3,2,856,1,4,1,2,2,2,3,-1.0989,208.75,0.26,356.917,336.7987,404.2708,1,3,4
4780411,499.3575,543.90965,2,1,15,10.25396,9.62932,9.60333,8.55351,8.93142,8.70884,3,3,1408,2,2,3,2,2,2,2,0.0872,200.714,-0.06,415.8046,332.7889,416.9526,1,5,NA
4800115,637.10267,660.33297,2,1,13.916666666666666,10.92551,7.91394,9.60333,7.57539,11.37095,8.27843,2,3,441,1,5,3,3,3,2,3,-1.5162,144.667,-0.36,551.885,494.2205,552.7229,1,3,NA
4720121,532.01508,521.16535,2,1,15.25,10.25396,10.19817,11.33851,13.70742,10.54867,14.34298,2,2,846,1,4,1,3,3,3,3,-1.0989,173.8,-0.36,416.1941,396.9446,420.5893,1,6,4
3180310,402.01238,360.20369,1,1,14.583333333333334,7.37134,8.81989,10.31202,9.34439,8.69047,9.6346,4,2,856,1,4,1,2,2,2,3,-1.0989,208.75,0.09,297.4061,332.1844,300.3916,1,3,NA
4850421,364.39629,331.25466,2,1,14.833333333333334,10.25396,8.48873,9.37427,8.92971,8.42098,12.42205,1,3,1145,2,2,1,2,2,2,1,1.9226,228.2,-0.17,337.7551,331.9068,382.1708,1,3,4
4450107,456.27519,565.69726,1,1,15.416666666666666,10.25396,6.53455,10.80246,7.57539,7.89169,10.74331,2,1,226,2,4,1,3,3,1,2,1.9226,207.333,-0.54,357.6959,377.4601,446.4192,1,3,NA
4650104,635.39024,609.83702,2,3,14.583333333333334,10.92551,13.03951,12.07123,11.01771,9.61942,9.6346,1,1,80,1,6,1,4,3,4,2,-0.9168,81,0.82,509.5887,453.8025,477.8441,1,5,2
4830421,465.65957,474.87588,1,1,14.416666666666666,10.25396,9.62932,9.60333,7.88323,8.43911,9.6346,3,2,960,2,3,1,3,3,3,2,0.5021,189.2,0.59,473.5239,379.7636,507.031,1,3,4
4530205,385.49548,375.93157,2,1,14.416666666666666,8.19314,9.62932,8.26761,13.70742,9.16491,9.15641,4,2,205,1,6,1,3,3,4,2,-0.5803,67,-0.22,418.1415,313.5423,402.9653,1,3,NA
3460108,492.03192,496.30582,2,1,14.5,10.25396,9.18945,9.26151,8.55351,7.24499,9.6346,1,1,665,2,4,1,3,4,3,1,0.5021,130.4,0.37,399.9143,434.3954,431.6859,1,4,4
3400310,520.11312,534.88973,1,1,14.666666666666666,11.64917,9.18945,10.35777,10.35139,8.93142,8.70884,1,2,1280,NA,1,1,2,3,3,3,1.9226,153.647,-0.27,458.1788,549.0311,467.68,3,5,4
3640316,506.75661,565.94767,2,1,15.416666666666666,10.25396,9.62932,8.93041,9.34439,8.93142,8.27843,1,1,758,2,2,3,2,3,2,3,1.9226,205.2,0.13,501.9551,352.597,489.5002,1,3,2
3490326,521.85203,499.43721,1,1,15,10.25396,11.04872,9.60333,11.01771,9.16491,10.15325,2,1,820,3,1,1,2,3,3,2,-0.5803,116.143,-0.25,459.8146,511.6985,461.0593,1,3,3
4020203,406.75893,396.25152,1,1,15,10.25396,8.48873,9.965,8.92971,8.69047,8.70884,1,1,817,3,1,3,3,3,2,2,-0.5803,171,0.52,420.7119,387.2301,442.6893,1,5,4
4830404,570.84258,593.94995,1,1,15.416666666666666,11.64917,11.04872,11.33851,8.20673,14.02271,12.42205,1,1,960,2,3,1,3,3,3,2,0.5021,189.2,0.46,571.2027,511.6985,568.2954,1,3,3
4300103,490.80062,520.96721,1,1,15.25,10.25396,9.62932,8.26761,7.88323,9.39344,8.70884,2,1,613,3,4,1,4,4,2,1,1.9226,244,0.01,408.4047,476.7489,483.439,1,4,NA
5060216,427.9655,411.94187,2,1,14.583333333333334,10.92551,13.03951,8.60159,8.92971,8.43911,6.97717,1,NA,365,4,1,2,2,2,2,2,0.0872,135.333,-0.06,460.6714,369.518,427.6762,1,5,3
3700105,665.867,651.02564,1,1,15.083333333333334,14.01827,9.18945,9.26151,7.57539,11.37095,10.15325,1,2,899,3,1,1,4,2,3,2,-0.256,206,-0.22,388.2303,468.6469,478.0306,1,5,NA
4030316,330.0179,373.72032,1,2,14.416666666666666,9.60097,10.19817,6.36452,5.96004,3.17837,9.15641,2,2,1029,1,4,2,1,2,2,1,0.7756,202.6,-0.49,336.8983,346.7203,391.4025,NA,4,4
4350301,474.08305,571.98831,2,1,15.416666666666666,12.51743,9.62932,9.60333,8.92971,10.07332,8.70884,2,NA,536,3,4,1,4,2,3,3,-0.256,120.222,0.36,528.439,436.0795,516.2626,1,3,NA
4480205,501.55821,526.01656,2,1,14.5,10.92551,8.81989,9.26151,10.35139,7.89169,9.6346,1,1,819,1,1,1,3,2,3,1,0.5021,146,0.25,540.0452,536.483,542.7452,2,5,4
4570226,505.45983,559.55123,2,1,14.583333333333334,9.60097,13.03951,12.07123,11.9425,7.24499,9.15641,4,NA,843,4,1,1,1,1,1,3,0.5021,156,-0.58,482.8712,529.1853,470.6639,1,2,4
4630207,562.23698,526.66676,2,1,15.25,10.25396,11.04872,9.965,13.70742,8.69047,10.74331,3,3,311,3,5,1,1,3,2,2,-1.2965,94,0.11,511.1466,404.8838,482.5065,1,3,1
4320324,479.88269,558.56551,2,1,14.666666666666666,11.64917,13.03951,10.80246,11.01771,7.24499,8.70884,1,2,367,NA,2,1,2,1,3,2,1.1595,98.5,0.4,500.3973,542.7382,539.5748,3,4,4
3890115,561.56066,557.51324,1,1,15.166666666666666,11.64917,7.91394,10.80246,7.2741,8.43911,8.70884,2,1,NA,NA,2,1,3,3,3,2,-0.0892,259,-0.02,527.5822,529.1733,536.2178,1,3,4
4880116,574.469,579.80713,2,1,15,8.91919,9.18945,10.35777,8.55351,9.61942,9.6346,3,2,520,1,3,2,3,1,1,2,-0.9168,131.25,-0.42,480.4565,405.7659,491.5517,1,3,4
3440214,293.86295,379.14949,2,1,15.416666666666666,10.25396,11.04872,8.60159,6.66537,9.51847,9.6346,3,3,649,2,1,3,4,4,3,2,-0.9168,153.111,-0.39,469.3177,452.5193,479.0563,1,3,NA
4680224,637.8486,603.28542,2,1,15.25,10.92551,11.04872,9.26151,8.55351,11.07454,9.15641,1,2,403,3,2,1,4,4,4,2,-1.2965,192.5,-0.17,402.5627,356.0454,422.5476,1,3,NA
3140201,638.98582,651.52199,1,1,13.833333333333334,10.92551,11.04872,7.91186,8.92971,10.07332,10.15325,1,1,640,2,4,1,2,2,2,2,-0.5803,168.75,0.51,550.2493,583.8219,645.8784,3,5,2
3950103,498.47928,531.29516,2,1,14.166666666666666,8.91919,13.03951,8.93041,9.81093,8.17383,10.15325,2,1,49,3,6,3,4,4,2,2,-2.0766,13.667,-0.88,459.8146,400.3929,439.8918,1,4,4
4770112,580.34529,617.76736,2,1,14.416666666666666,8.91919,13.03951,8.60159,8.92971,8.69047,8.70884,2,2,638,2,5,1,4,2,3,3,-0.256,167.5,-0.1,545.4977,416.1912,528.1984,1,4,NA
3720106,597.55504,521.12662,1,3,14.5,6.33067,8.19852,13.46507,9.81093,11.37095,14.34298,4,1,434,4,6,1,2,2,3,3,-2.4968,143.333,-2.26,526.7253,427.5016,471.5964,1,5,3
4430215,543.7985,484.34534,2,1,14.833333333333334,8.74681,8.48873,8.60159,8.20673,7.58514,8.27843,NA,2,251,4,6,3,3,4,2,2,-0.7452,125.5,-1.36,436.3686,325.5714,405.3898,1,3,4
4870209,452.11826,558.78963,1,1,14.75,11.64917,11.04872,11.33851,9.34439,7.58514,10.74331,1,1,291,2,5,1,2,3,1,3,0.5021,148.5,0.7,523.5317,473.0156,500.5035,1,3,2
3960108,470.01025,477.35162,2,2,15,11.64917,11.04872,13.46507,11.9425,10.80346,10.15325,1,3,521,2,1,1,1,2,3,3,0.5021,106.6,0.73,456.3873,473.8511,452.0142,1,4,NA
3130113,512.44596,467.92362,2,1,15.083333333333334,10.25396,9.62932,12.07123,11.9425,9.39344,12.42205,2,1,202,3,6,1,2,3,3,2,-0.9168,NA,0.17,475.8607,389.6469,556.4528,1,3,4
3610102,567.34644,499.69853,1,2,14.666666666666666,10.92551,10.19817,11.33851,9.34439,9.16491,10.15325,2,NA,151,1,5,2,2,1,1,2,0.2803,89.333,NA,455.141,395.9675,503.301,1,3,NA
4680208,401.76243,454.82849,2,1,14.583333333333334,11.17406,11.04872,8.26761,8.20673,9.16491,8.27843,NA,3,403,3,2,1,4,4,4,2,-1.2965,192.5,-0.08,433.2528,439.3674,471.3167,1,3,4
4560325,658.57896,519.41368,2,1,15,8.74681,11.04872,9.965,11.01771,8.69047,10.15325,NA,2,706,1,2,2,4,4,4,2,-1.0989,231,-1.87,480.92380000000003,353.4791,424.8788,1,4,4
4890216,616.03085,652.08544,2,1,14.916666666666666,14.01827,8.81989,8.93041,8.92971,8.69047,8.70884,1,2,731,1,1,3,2,1,1,3,0.5021,152.4,0.48,396.7207,375.292,358.1126,1,3,3
4590203,452.37636,388.98295,2,2,14.416666666666666,11.64917,11.04872,9.26151,9.81093,8.43911,9.15641,3,2,409,2,5,1,3,3,3,2,0.2803,105,-0.76,330.9005,328.7792,359.1384,1,3,3
3310123,733.21984,570.07809,1,1,14.666666666666666,10.04151,13.03951,NA,10.90063,NA,NA,NA,1,594,1,1,1,1,1,3,2,-0.0892,NA,-0.93,733.1438,605.4271,641.3092,3,8,2
4020405,478.32278,488.04258,1,1,14.166666666666666,10.92551,9.62932,9.965,7.88323,9.39344,10.15325,2,2,817,3,1,3,3,3,2,2,-0.5803,171,-0.89,423.2824,481.2764,420.4961,1,5,4
4440125,343.06022,398.12519,1,1,15,7.30445,8.48873,8.93041,10.35139,6.85613,7.42878,NA,1,NA,1,4,3,2,3,3,3,-0.9168,128.462,-0.49,357.7738,339.3332,318.0157,1,3,NA
4800101,496.9073,527.53081,2,1,14.416666666666666,10.25396,7.6477,7.91186,9.34439,8.41487,7.85736,3,1,441,1,5,3,3,3,2,3,-1.5162,144.667,-0.16,469.1619,385.7173,466.2812,1,3,4
4930103,554.27742,535.33621,2,1,15.083333333333334,10.92551,10.19817,9.965,7.88323,9.39344,8.70884,1,2,806,1,1,2,2,2,1,1,0.2803,157.4,0.73,456.8547,411.6201,434.2969,1,4,4
3690119,508.1878,497.32252,2,1,14.083333333333334,10.25396,4.59042,6.36452,3.41233,5.80254,6.97717,3,2,202,3,1,3,4,NA,3,2,-0.5803,119.333,0.1,570.3458,508.4149,538.7355,1,5,4
4010308,665.0718,634.20763,2,1,14.833333333333334,12.51743,11.04872,13.46507,13.70742,15.81948,14.34298,1,2,673,3,2,1,3,3,2,2,-1.0989,187.5,-0.18,353.957,403.9215,445.6733,1,5,4
3250117,382.94349,309.05952,1,1,16.25,7.37134,9.62932,8.93041,9.34439,7.58514,9.6346,4,3,348,4,1,1,4,3,3,3,-1.0989,173.5,-1.7,343.1298,283.1755,282.3014,1,5,4
3940230,462.55662,549.85339,1,1,14.833333333333334,11.64917,11.04872,8.60159,7.2741,8.93142,8.70884,1,3,524,3,1,2,3,2,2,2,-0.7452,271,0.33,461.3725,467.4554,408.1872,1,5,4
3210212,425.66814,474.96578,2,1,15.916666666666666,13.71571,11.04872,9.60333,8.20673,7.89169,8.70884,NA,1,766,2,5,2,1,3,2,2,-0.256,163.8,-1.05,490.9721,438.8863,521.9508,1,3,NA
4570209,545.34165,547.2644,1,1,14.75,12.21628,9.18945,9.26151,9.81093,8.69047,7.85736,NA,2,843,4,1,1,1,1,1,3,0.5021,156,-0.25,470.7197,483.1034,443.342,1,2,NA
3160324,457.24057,399.31898,2,1,15.5,12.21628,13.03951,10.80246,9.34439,8.93142,9.6346,NA,3,705,1,2,3,3,3,2,2,-0.5803,176.25,0.3,474.6144,477.1391,497.0533,1,3,4
4180312,432.73987,436.13812,2,1,15,10.25396,13.03951,7.51389,8.20673,7.24499,6.97717,2,2,1133,1,2,3,1,3,2,2,-0.7452,169.857,-0.39,415.8825,396.0624,473.4614,1,4,NA
4510122,551.51805,620.52592,2,1,14.666666666666666,10.25396,9.62932,8.26761,7.2741,9.84519,8.70884,2,2,664,1,1,2,2,1,1,3,-0.9168,266.667,-0.04,504.9151,474.7332,527.3592,1,3,4
4010316,555.13419,574.27408,1,2,15.25,11.64917,8.81989,8.60159,13.70742,9.39344,9.6346,2,1,673,3,2,1,3,3,2,2,-1.0989,187.5,-0.24,466.2798,491.7613,467.9597,1,5,4
3250105,421.13836,419.83391,2,1,14.666666666666666,7.37134,7.11034,10.35777,10.35139,9.16491,10.15325,4,3,348,4,1,1,4,3,3,3,-1.0989,173.5,-1.03,459.8146,356.0454,393.5472,1,5,3
3970419,600.02771,518.55508,1,1,14.5,10.25396,13.03951,9.60333,9.81093,3.17837,8.70884,3,2,898,1,1,3,4,3,2,2,1.9226,131,-0.12,391.5018,478.2581,392.4282,1,4,2
4230121,378.88242,370.72892,2,3,14.916666666666666,8.74681,7.6477,9.965,13.70742,9.16491,10.74331,NA,3,907,2,1,3,2,3,4,2,1.9226,215.75,0.69,542.0704,453.0005,476.2589,1,5,4
3230122,436.92988,477.41152,2,1,14.666666666666666,14.01827,13.03951,5.03748,3.41233,6.39359,3.26515,1,3,625,3,5,1,2,3,3,1,-0.4184,157.5,0.19,401.3164,349.6298,438.0269,1,3,NA
3250130,325.26867,397.83582,1,1,14.833333333333334,8.91919,13.03951,10.80246,10.35139,7.58514,12.42205,4,1,348,4,1,1,4,3,3,3,-1.0989,173.5,-0.25,357.1506,300.6503,350.373,1,5,3
3040126,590.71025,593.63789,2,1,14.916666666666666,10.92551,13.03951,10.35777,9.81093,11.70269,9.6346,1,2,685,4,2,1,2,4,3,2,-0.256,134.6,0.5,465.9682,464.3079,520.8318,1,5,3
4330205,497.56295,540.94597,1,1,15.166666666666666,11.64917,8.81989,12.07123,13.70742,13.14698,12.42205,3,1,556,2,5,1,3,2,1,2,-0.4184,140,0.01,462.8525,439.4163,493.0436,1,3,4
4480210,504.41724,521.91004,2,1,14.75,11.64917,11.04872,9.26151,10.35139,9.16491,9.15641,1,1,819,1,1,1,3,2,3,1,0.5021,146,0.57,533.7358,564.5511,556.4528,2,5,2
3850111,396.18737,458.15868,1,1,14.916666666666666,10.92551,10.19817,9.965,11.01771,9.39344,9.6346,3,2,454,2,2,1,4,3,2,2,0.2803,177.2,-0.52,423.2824,381.2728,413.6889,NA,3,NA
3560320,613.6145,667.073,2,1,14.833333333333334,10.92551,9.62932,8.26761,10.35139,8.93142,5.01998,2,2,756,3,1,2,3,3,3,2,1.1595,145.091,0.32,572.6827,574.9764,567.6427,1,4,2
4560317,681.70724,730.89747,2,1,14.833333333333334,10.25396,8.81989,10.80246,9.81093,9.84519,10.15325,2,2,706,1,2,2,4,4,4,2,-1.0989,231,-0.36,568.788,545.3044,604.9422,1,4,4
3270104,578.13353,533.01836,2,3,14.333333333333334,9.60097,10.19817,13.46507,11.9425,11.70269,12.42205,3,2,364,4,5,1,3,1,1,1,0.2803,109.333,-1.84,405.2111,246.9006,382.7303,1,4,NA
4960114,603.29435,608.2225,1,1,15.25,14.01827,8.81989,7.51389,3.41233,8.17383,6.97717,1,1,437,1,1,2,1,2,2,3,1.9226,119.25,0.91,516.7549,562.2961,565.0317,2,5,5
3150217,478.06736,563.56228,1,1,14.75,11.64917,9.62932,8.93041,11.01771,7.24499,10.15325,1,1,328,2,2,1,3,2,2,2,-0.5803,130.4,-0.37,397.188,389.2953,382.0776,1,4,2
3530312,457.15286,570.36789,2,1,15.25,10.25396,11.04872,9.60333,10.35139,9.16491,9.15641,2,2,898,NA,1,4,4,3,3,1,-0.9168,NA,-0.66,385.4261,394.5387,398.3029,2,4,4
4310402,462.72132,498.39825,1,1,14.583333333333334,12.51743,9.62932,8.26761,7.2741,8.69047,8.27843,1,2,1109,2,2,1,1,1,2,1,0.2803,159.714,0.44,570.4237,556.1799,510.1082,2,5,2
3890124,530.03919,521.32749,1,1,15.75,11.64917,13.03951,10.35777,10.35139,7.24499,10.74331,2,NA,NA,NA,2,1,3,3,3,2,-0.0892,259,-0.58,483.027,359.4293,466.934,1,3,4
5010107,567.10711,597.74354,1,1,14.25,12.51743,10.19817,10.80246,9.34439,10.80346,14.34298,1,2,429,1,1,1,1,2,2,2,-0.4184,NA,0.78,572.7606,587.158,605.2219,1,4,NA
4320318,535.02105,515.49221,1,1,14.75,11.64917,11.04872,12.07123,9.34439,11.07454,12.42205,1,2,367,NA,2,1,2,1,3,2,1.1595,98.5,0.73,489.4142,631.6394,550.5781,3,4,4
4710103,513.26073,535.61336,2,1,14.5,8.91919,11.04872,12.07123,11.9425,11.07454,10.74331,4,2,999,4,6,1,2,3,3,2,-0.4184,47.2,0.11,474.5365,412.1815,492.1112,1,5,4
3340106,477.17472,395.00351,2,3,16,8.91919,10.19817,9.965,11.9425,9.39344,10.15325,3,1,116,2,6,1,1,3,3,3,1.9226,57,-0.74,413.1563,339.8461,419.2838,1,NA,4
5080111,564.43433,629.43618,1,1,14.583333333333334,10.25396,13.03951,12.07123,11.01771,11.07454,14.34298,2,1,494,3,5,1,3,3,1,3,-0.256,123,-0.53,435.5897,374.2829,436.1619,1,3,2
3370105,513.38508,490.39841,1,2,14.75,8.91919,8.48873,8.60159,9.34439,6.85613,9.15641,3,1,377,1,5,1,3,1,1,3,0.7756,90.5,-0.15,439.7959,456.0174,426.9302,1,5,4
5060203,592.82481,583.55336,2,1,15,10.25396,11.04872,10.35777,9.81093,9.39344,10.74331,1,2,365,4,1,2,2,2,2,2,0.0872,135.333,0.51,540.4346,469.1196,493.4166,1,5,2
4020207,585.24671,573.61712,2,1,14.833333333333334,10.25396,8.19852,8.93041,9.34439,10.07332,9.6346,1,2,817,3,1,3,3,3,2,2,-0.5803,171,0.44,528.439,455.3262,538.6423,1,5,4
4760101,503.21812,550.68842,1,1,17.25,10.25396,13.03951,9.2317,9.81093,10.80346,11.44903,4,1,93,NA,6,NA,1,1,1,1,NA,NA,NA,251.4488,199.5346,304.1216,1,3,3
4080305,543.9109,515.64453,2,3,14.166666666666666,8.91919,9.18945,9.965,10.35139,8.69047,9.15641,3,2,503,3,5,1,3,2,4,3,-1.2965,NA,-2.12,396.0196,380.7453,409.0265,1,3,NA
5080113,585.62202,599.10372,2,1,15,10.92551,11.04872,11.33851,13.70742,13.14698,12.42205,2,3,494,3,5,1,3,3,1,3,-0.256,123,-1.11,508.9656,445.6226,513.7449,1,3,4
3790102,438.61024,425.298,2,1,14.833333333333334,10.92551,13.03951,10.80246,11.9425,10.30668,10.74331,1,2,127,4,6,1,3,3,1,1,0.7756,51.2,0.34,447.3516,353.0782,436.1619,1,6,4
3100112,500.68925,502.63254,1,1,13.833333333333334,11.64917,9.18945,10.35777,8.92971,7.58514,10.15325,2,2,492,3,5,2,4,3,4,1,-0.9168,107.333,-0.47,468.2271,462.6896,481.8538,1,6,4
3380216,428.70294,406.75406,1,1,15.083333333333334,8.91919,13.03951,9.26151,8.20673,7.89169,9.15641,4,1,472,1,5,3,3,3,3,3,-0.9168,114,-0.52,363.2264,416.6196,364.3603,1,3,NA
3520205,430.68543,416.72707,2,2,14.5,14.01827,9.18945,8.93041,13.70742,9.84519,10.74331,1,1,637,1,4,1,1,3,2,2,0.7756,150.5,0.59,379.8177,372.806,434.3902,1,3,4
4830414,459.62105,486.58289,1,1,14.75,11.17406,10.19817,11.33851,7.57539,10.30668,11.44903,NA,2,960,2,3,1,3,3,3,2,0.5021,189.2,0.16,390.4892,469.0441,477.1913,1,3,4
3900206,634.73448,584.42833,2,1,14.916666666666666,10.92551,6.83195,13.46507,11.9425,8.17383,10.74331,1,1,807,1,1,3,3,3,2,1,0.0872,102.5,0.72,605.4759,584.8403,644.1067,3,8,2
4850417,695.51817,675.28867,1,2,14.25,11.64917,9.18945,7.51389,7.57539,13.14698,8.70884,1,3,1145,2,2,1,2,2,2,1,1.9226,228.2,0.28,605.6317,690.6566,654.364,1,3,4
3080121,447.0841,497.14991,1,1,14.666666666666666,10.92551,13.03951,8.60159,8.92971,8.17383,10.15325,1,1,511,4,1,1,4,3,3,2,-0.256,133.25,0.1,397.3438,448.392,388.605,1,6,2
3080120,496.71355,469.28107,2,1,15,8.91919,13.03951,9.60333,9.81093,10.80346,9.15641,4,2,511,4,1,1,4,3,3,2,-0.256,133.25,-0.31,410.0405,386.7535,384.1291,1,6,2
3080108,508.51451,515.57186,2,1,15.666666666666666,12.51743,13.03951,10.35777,10.35139,10.54867,10.15325,2,2,511,4,1,1,4,3,3,2,-0.256,133.25,-0.14,430.916,390.529,492.8571,1,6,2
3080113,483.77102,535.46813,2,1,15.166666666666666,8.19314,13.03951,10.35777,11.01771,10.30668,9.6346,4,2,511,4,1,1,4,3,3,2,-0.256,133.25,0,561.7775,492.2958,525.401,1,6,2
3080124,556.10583,584.00094,2,1,14.416666666666666,8.74681,13.03951,13.46507,10.35139,11.70269,11.44903,NA,2,511,4,1,1,4,3,3,2,-0.256,133.25,0.46,434.2655,389.1657,441.7568,1,6,2
3080109,584.2096,661.50341,2,1,14.416666666666666,10.04151,8.81989,10.35777,11.9425,11.37095,11.44903,NA,2,511,4,1,1,4,3,3,2,-0.256,133.25,-0.3,479.7554,535.6009,530.3432,1,6,2
3080110,546.41094,561.68752,2,1,15.25,10.92551,9.62932,9.26151,9.34439,9.16491,10.74331,1,2,511,4,1,1,4,3,3,2,-0.256,133.25,-0.47,403.8869,484.9303,442.6893,1,6,2
3750218,517.32883,547.13564,1,1,14.666666666666666,10.04151,10.19817,13.46507,11.01771,10.54867,10.74331,NA,2,923,2,5,1,2,1,1,2,-0.0892,134.714,0,558.8176,567.1414,547.9672,1,3,2
3750217,576.97921,588.8755,1,1,14.333333333333334,8.91919,13.03951,13.46507,10.35139,10.07332,11.44903,4,1,923,2,5,1,2,1,1,2,-0.0892,134.714,-0.65,530.8537,435.683,523.8157,1,3,2
3750213,487.3371,539.00433,1,1,14.25,12.51743,9.18945,11.33851,11.9425,8.93142,8.70884,1,1,923,2,5,1,2,1,1,2,-0.0892,134.714,0.73,536.2284,488.4252,490.4327,1,3,2
3750212,619.87169,564.86267,1,1,14.666666666666666,10.25396,10.19817,13.46507,10.35139,10.54867,11.44903,2,1,923,2,5,1,2,1,1,2,-0.0892,134.714,-0.27,503.4351,406.8496,440.5446,1,3,2
3750207,553.55026,597.37954,1,1,14.166666666666666,10.25396,9.18945,9.965,7.88323,10.54867,9.6346,2,2,923,2,5,1,2,1,1,2,-0.0892,134.714,-0.18,544.6409,533.0655,504.8862,1,3,2
3750221,558.85727,551.98412,1,1,14.5,10.92551,13.03951,13.46507,11.01771,10.54867,12.42205,1,3,923,2,5,1,2,1,1,2,-0.0892,134.714,-0.15,522.8307,402.7986,477.8441,1,3,2
3750210,552.30912,553.31005,1,1,14.833333333333334,10.25396,13.03951,9.26151,10.35139,9.16491,10.74331,2,2,923,2,5,1,2,1,1,2,-0.0892,134.714,-0.2,460.2041,483.1034,453.3197,1,3,2
3750219,491.46621,462.25167,1,1,14.916666666666666,10.04151,11.04872,12.07123,11.01771,9.39344,14.34298,NA,2,923,2,5,1,2,1,1,2,-0.0892,134.714,-0.47,434.8886,406.8496,456.0239,1,3,2
3750222,575.8164,632.15044,1,1,14.916666666666666,12.51743,11.04872,13.46507,8.92971,11.70269,14.34298,1,2,923,2,5,1,2,1,1,2,-0.0892,134.714,0.19,621.2884,596.6103,631.1451,1,3,2
3750214,401.75382,410.81475,1,1,14.25,9.60097,13.03951,8.93041,11.01771,8.17383,7.85736,2,2,923,2,5,1,2,1,1,2,-0.0892,134.714,-0.31,508.7319,476.1929,448.2842,1,3,2
3750201,518.8941,549.27783,2,1,14.166666666666666,10.92551,11.04872,13.46507,9.81093,12.54869,14.34298,2,2,923,2,5,1,2,1,1,2,-0.0892,134.714,0.23,557.805,525.4964,540.6005,1,3,2
3750211,601.36259,684.64323,1,1,14.25,11.64917,13.03951,13.46507,13.70742,15.81948,14.34298,2,2,923,2,5,1,2,1,1,2,-0.0892,134.714,0.17,640.4502,491.8408,594.6848,1,3,2
3890121,638.83621,640.05459,1,1,14,10.25396,13.03951,12.07123,11.9425,15.81948,12.42205,2,2,NA,NA,2,1,3,3,3,2,-0.0892,259,-0.47,553.9882,585.5694,534.0731,1,3,2
3890111,525.03811,464.14716,2,1,15,10.04151,10.19817,9.26151,6.97345,8.93142,10.15325,NA,2,NA,NA,2,1,3,3,3,2,-0.0892,259,-0.19,539.1883,469.1196,566.5237,1,3,2
3890105,494.37721,563.26582,2,1,15.5,10.25396,8.19852,9.26151,9.34439,9.39344,9.6346,2,2,NA,NA,2,1,3,3,3,2,-0.0892,259,-0.27,510.0561,478.743,503.674,1,3,2
3890113,630.83878,617.06795,1,1,14.75,10.92551,11.04872,12.07123,9.34439,11.07454,14.34298,2,2,NA,NA,2,1,3,3,3,2,-0.0892,259,-0.17,600.9581,566.7442,566.7102,1,3,2
4090111,549.47858,554.7561,2,3,14.583333333333334,10.92551,9.18945,12.07123,9.34439,10.07332,10.74331,1,1,334,1,5,1,3,NA,3,3,-1.5162,58.182,-0.7,513.5613,362.4609,430.8467,1,6,2
4090114,484.25415,556.92218,1,1,13.833333333333334,7.37134,7.91394,11.33851,13.70742,9.39344,10.74331,3,3,334,1,5,1,3,NA,3,3,-1.5162,58.182,-0.95,379.584,334.0113,410.9847,1,6,2
4090112,495.68236,521.96154,1,3,13.75,10.25396,11.04872,9.26151,9.34439,9.39344,11.44903,1,3,334,1,5,1,3,NA,3,3,-1.5162,58.182,0.14,464.4103,378.175,445.207,1,6,2
4090113,506.94521,548.25938,2,3,14.25,8.74681,11.04872,12.07123,11.01771,14.02271,14.34298,NA,2,334,1,5,1,3,NA,3,3,-1.5162,58.182,-0.38,502.8899,372.806,510.8542,1,6,2
4090102,439.82858,444.66257,2,3,14.083333333333334,9.60097,11.04872,9.965,11.9425,9.61942,10.74331,3,2,334,1,5,1,3,NA,3,3,-1.5162,58.182,-1.27,444.6253,340.0065,464.5095,1,6,2
4090101,538.89619,614.81087,2,4,14.333333333333334,8.91919,13.03951,13.46507,13.70742,15.81948,14.34298,2,3,334,1,5,1,3,NA,3,3,-1.5162,58.182,-1.4,432.5518,349.8704,403.5248,1,6,2
4090110,407.03658,406.27113,1,3,13.833333333333334,8.19314,8.48873,11.33851,11.01771,8.93142,10.15325,3,2,334,1,5,1,3,NA,3,3,-1.5162,58.182,0.08,425.6193,340.763,447.2585,1,6,2
4090108,451.4845,409.10737,2,3,14.25,9.60097,13.03951,9.26151,11.9425,8.93142,10.15325,3,3,334,1,5,1,3,NA,3,3,-1.5162,58.182,-0.64,363.6937,246.0987,322.3984,1,6,2
4090105,419.90839,488.82349,2,3,14.083333333333334,6.33067,2.89672,9.60333,3.41233,6.39359,3.26515,4,2,334,1,5,1,3,NA,3,3,-1.5162,58.182,-2.13,414.7141,282.0258,471.7829,1,6,2
4090103,579.01544,558.80818,1,2,13.833333333333334,8.91919,10.19817,9.26151,13.70742,10.80346,12.42205,3,3,334,1,5,1,3,NA,3,3,-1.5162,58.182,-1.33,419.232,381.4317,492.1112,1,6,2
4240102,651.45394,590.23317,1,1,14.583333333333334,14.01827,11.04872,10.42779,8.55351,12.54869,11.44903,1,1,858,2,1,1,2,3,3,1,-0.9168,166.909,0.83,598.1539,629.177,637.5793,2,6,2
4240130,704.404,668.04508,2,1,14.5,11.64917,9.62932,12.07123,10.35139,13.14698,10.74331,1,NA,858,2,1,1,2,3,3,1,-0.9168,166.909,0.84,653.9258,616.9181,625.4569,2,6,2
4240108,682.0487,668.52986,1,1,14.166666666666666,12.51743,11.04872,12.07123,11.01771,14.02271,10.74331,1,1,858,2,1,1,2,3,3,1,-0.9168,166.909,1.45,676.3592,632.672,650.6341,2,6,2
4240113,669.10873,601.11137,2,1,15.25,12.51743,10.19817,13.46507,13.70742,12.54869,14.34298,1,1,858,2,1,1,2,3,3,1,-0.9168,166.909,0.68,645.8249,501.438,541.533,2,6,2
4240115,689.89127,674.38566,2,2,14.583333333333334,10.92551,8.48873,13.46507,13.70742,15.81948,12.42205,2,3,858,2,1,1,2,3,3,1,-0.9168,166.909,0.16,705.6473,595.7467,682.3387,2,6,2
4240123,646.4494,540.51596,2,1,15.083333333333334,10.92551,10.19817,11.33851,11.9425,10.80346,10.15325,3,1,858,2,1,1,2,3,3,1,-0.9168,166.909,0.22,612.4085,511.6227,554.5878,2,6,2
4240117,535.16988,495.17946,2,1,15.166666666666666,12.51743,10.19817,11.33851,9.81093,8.93142,11.44903,1,1,858,2,1,1,2,3,3,1,-0.9168,166.909,0.42,568.1648,524.2934,506.0052,2,6,2
4240114,588.69793,633.46545,2,1,14.666666666666666,10.25396,13.03951,8.60159,7.2741,10.80346,9.6346,1,1,858,2,1,1,2,3,3,1,-0.9168,166.909,0.65,667.713,580.59,609.4181,2,6,2
4240111,596.93839,683.00427,1,1,15.416666666666666,12.51743,8.81989,9.965,10.35139,8.43911,7.42878,1,1,858,2,1,1,2,3,3,1,-0.9168,166.909,0.44,636.6334,576.0376,625.1772,2,6,2
4240118,523.12087,497.818,1,1,15.166666666666666,10.92551,11.04872,9.26151,7.88323,7.58514,8.70884,2,2,858,2,1,1,2,3,3,1,-0.9168,166.909,0.62,565.7501,516.4644,571.6524,2,6,2
3500322,580.7434,549.23691,1,1,14.666666666666666,14.01827,13.03951,9.965,9.34439,10.07332,9.15641,1,2,1151,1,1,2,1,2,3,1,-0.9168,NA,0.57,503.0456,543.4709,536.3111,1,3,2
3500314,677.24438,667.87061,2,1,14.583333333333334,10.92551,9.62932,10.80246,9.34439,11.70269,9.15641,2,2,1151,1,1,2,1,2,3,1,-0.9168,NA,0.31,678.6182,691.2584,725.0466,1,3,2
3500323,596.3386,644.21261,1,1,15.5,14.01827,10.19817,8.26761,7.57539,10.54867,9.6346,1,3,1151,1,1,2,1,2,3,1,-0.9168,NA,0.52,622.5347,627.6678,660.8915,1,3,2
3500309,618.71413,550.82798,1,1,15.083333333333334,12.51743,9.18945,11.33851,13.70742,10.30668,10.15325,1,2,1151,1,1,2,1,2,3,1,-0.9168,NA,0.29,569.5669,568.8889,587.2249,1,3,2
3500313,567.19102,584.92631,1,1,14.75,14.01827,11.04872,10.35777,8.92971,10.07332,9.6346,1,2,1151,1,1,2,1,2,3,1,-0.9168,NA,0.8,539.8894,561.184,543.398,1,3,2
3500319,506.94946,596.69661,1,1,15,12.51743,8.81989,11.33851,9.81093,9.16491,9.15641,2,2,1151,1,1,2,1,2,3,1,-0.9168,NA,0.18,506.473,494.9386,511.4137,1,3,2
3630511,534.19221,533.55355,1,1,15.333333333333334,11.64917,9.62932,8.93041,7.88323,9.61942,10.74331,1,2,1209,1,2,4,4,3,4,3,-0.4184,132.526,0.76,509.1214,494.9386,483.812,1,2,2
3630525,594.16751,577.25065,1,1,14.75,11.64917,11.04872,13.46507,13.70742,14.02271,14.34298,1,2,1209,1,2,4,4,3,4,3,-0.4184,132.526,0.04,544.3293,593.5125,521.3913,1,2,2
3630306,579.49724,555.39266,2,1,15.25,8.74681,9.18945,12.07123,9.81093,13.14698,12.42205,NA,1,1209,1,2,4,4,3,4,3,-0.4184,132.526,-0.36,516.6771,478.743,508.6162,1,5,2
3630305,568.78981,658.08211,2,1,14.916666666666666,10.92551,11.04872,13.46507,11.01771,11.70269,12.42205,1,1,1209,1,2,4,4,3,4,3,-0.4184,132.526,0.57,572.6827,481.1488,557.3853,1,5,2
3630518,553.66836,596.84042,1,1,15.166666666666666,10.92551,9.18945,8.60159,7.88323,9.84519,8.27843,2,2,1209,1,2,4,4,3,4,3,-0.4184,132.526,0.51,523.3759,546.5687,497.7061,1,2,2
3630325,592.61933,493.80465,1,1,14.833333333333334,11.64917,13.03951,12.07123,11.01771,12.54869,11.44903,1,2,1209,1,2,4,4,3,4,3,-0.4184,132.526,0.09,593.8698,546.4893,585.2667,1,5,2
3070221,573.34452,630.01284,2,1,15.083333333333334,11.64917,9.18945,10.80246,8.20673,14.02271,10.74331,1,3,640,3,4,1,3,1,3,3,0.7756,239,0.51,577.3563,592.539,582.2827,2,3,2
3050107,582.26119,611.48897,2,1,15.416666666666666,10.92551,10.19817,10.80246,8.55351,10.30668,10.15325,1,2,445,4,5,1,1,3,2,3,-0.9168,166.667,0.61,496.8141,407.3698,452.3872,1,3,2
3050105,494.92671,514.85183,2,2,15.166666666666666,8.91919,9.62932,9.965,8.55351,8.69047,8.70884,3,2,445,4,5,1,1,3,2,3,-0.9168,166.667,-0.61,368.9126,368.7963,389.6307,1,3,2
3050114,507.55271,558.21505,2,1,14.5,12.21628,13.03951,9.26151,10.35139,9.39344,9.6346,NA,3,445,4,5,1,1,3,2,3,-0.9168,166.667,0.76,466.2019,406.0065,364.3603,1,3,2
3050116,464.11251,512.55613,1,1,14.75,8.19314,8.81989,8.60159,9.81093,8.17383,8.27843,2,1,445,4,5,1,1,3,2,3,-0.9168,166.667,-0.52,528.3611,471.1887,433.6442,1,3,2
3050122,558.28575,602.2278,2,1,15.333333333333334,7.37134,8.19852,10.35777,11.01771,12.08627,10.15325,3,3,445,4,5,1,1,3,2,3,-0.9168,166.667,-1.14,466.0461,415.3893,406.0425,1,3,2
3050103,578.64538,506.81653,1,1,14.666666666666666,8.19314,13.03951,13.46507,11.01771,10.57497,14.34298,4,1,445,4,5,1,1,3,2,3,-0.9168,166.667,-1.41,497.9826,428.296,417.7919,1,3,2
3050123,545.17092,581.50196,2,1,14.916666666666666,12.51743,11.04872,9.965,9.34439,10.07332,8.70884,1,2,445,4,5,1,1,3,2,3,-0.9168,166.667,0.19,532.3337,512.986,544.517,1,3,2
3050113,567.92712,542.79235,2,1,14.75,12.51743,8.81989,12.07123,8.92971,15.81948,11.44903,1,3,445,4,5,1,1,3,2,3,-0.9168,166.667,0.46,472.745,368.7963,410.0522,1,3,2
3050106,574.92521,608.2177,2,1,15.416666666666666,11.64917,13.03951,12.07123,9.81093,11.70269,12.42205,1,3,445,4,5,1,1,3,2,3,-0.9168,166.667,0.61,476.9512,452.5193,476.2589,1,3,2
3050120,421.17501,474.62819,2,1,15.083333333333334,8.91919,8.48873,8.60159,7.88323,9.16491,8.70884,3,3,445,4,5,1,1,3,2,3,-0.9168,166.667,-1.72,400.2259,361.659,390.843,1,3,2
3050117,504.6254,492.82494,2,1,14.916666666666666,8.91919,13.03951,13.46507,11.01771,11.70269,12.42205,4,2,445,4,5,1,1,3,2,3,-0.9168,166.667,-1.51,375.6115,325.4912,336.1059,1,3,2
3050104,514.63885,505.16731,1,1,14.833333333333334,9.60097,13.03951,9.60333,11.9425,9.61942,10.15325,3,1,445,4,5,1,1,3,2,3,-0.9168,166.667,-0.33,462.0735,392.4726,389.2577,1,3,2
3060105,453.01726,442.17068,1,1,14.166666666666666,10.92551,9.18945,9.965,11.01771,8.69047,9.15641,1,1,80,4,6,1,2,3,3,2,-0.0892,34,0.08,537.6305,479.0524,451.7344,1,5,2
3060102,545.22678,512.1163,2,1,14.833333333333334,12.51743,11.04872,9.965,11.9425,10.07332,10.74331,1,1,80,4,6,1,2,3,3,2,-0.0892,34,0.49,434.2655,429.2629,464.1365,1,5,2
3060106,568.22668,589.1558,2,1,14.75,10.04151,10.19817,10.35777,10.35139,11.37095,9.6346,NA,2,80,4,6,1,2,3,3,2,-0.0892,34,-0.39,524.7001,488.2861,503.3943,1,5,2
3060101,600.48235,530.67497,1,1,14.083333333333334,10.25396,9.62932,12.07123,11.01771,12.54869,12.42205,1,1,80,4,6,1,2,3,3,2,-0.0892,34,-0.27,584.912,499.7044,595.6173,1,5,2
3060108,570.23509,509.40455,1,1,13.833333333333334,7.30445,7.11034,9.26151,8.92971,9.61942,9.6346,NA,3,80,4,6,1,2,3,3,2,-0.0892,34,-1.79,486.2985,442.8318,507.031,1,5,2
3780209,555.66817,581.72215,2,1,15.25,12.51743,13.03951,10.80246,10.35139,11.37095,9.15641,1,3,1442,2,2,1,4,3,3,2,-0.9168,232.833,-0.19,585.3793,567.9994,631.0518,1,5,2
3780220,522.68053,489.4798,1,1,15.083333333333334,12.51743,11.04872,10.35777,11.9425,10.30668,8.70884,1,3,1442,2,2,1,4,3,3,2,-0.9168,232.833,0.11,436.3686,361.5739,372.5662,1,5,2
3780217,610.13501,652.5747,1,1,14.5,12.51743,11.04872,9.60333,8.20673,14.02271,10.15325,1,3,1442,2,2,1,4,3,3,2,-0.9168,232.833,-0.03,502.6562,478.3375,459.1943,1,5,2
3780208,529.03314,685.38301,2,2,14.75,14.01827,7.6477,9.87812,11.9425,11.07454,10.74331,1,2,1442,2,2,1,4,3,3,2,-0.9168,232.833,0.63,463.3977,446.585,502.3685,1,5,2
3780223,613.14153,640.86529,1,1,14.5,12.51743,13.03951,9.965,10.35139,11.70269,10.15325,1,1,1442,2,2,1,4,3,3,2,-0.9168,232.833,1.24,542.4599,569.5243,589.9291,1,5,2
3780207,676.16325,661.48388,1,1,14.5,14.01827,10.19817,9.965,8.20673,12.08627,9.15641,1,3,1442,2,2,1,4,3,3,2,-0.9168,232.833,0.57,526.7253,517.2587,573.9836,1,5,2
3780226,514.52957,541.87941,1,1,14.25,10.92551,9.62932,7.51389,8.92971,8.93142,9.15641,1,3,1442,2,2,1,4,3,3,2,-0.9168,232.833,-0.33,477.1849,452.8401,450.2424,1,5,2
3780215,587.92876,543.0576,1,1,14.916666666666666,14.01827,11.04872,9.965,8.55351,9.84519,12.42205,1,2,1442,2,2,1,4,3,3,2,-0.9168,232.833,0.37,559.1291,549.0311,528.8512,1,5,2
3780228,547.82626,513.02323,1,1,14.666666666666666,11.64917,11.04872,11.33851,8.92971,11.07454,10.15325,1,1,1442,2,2,1,4,3,3,2,-0.9168,232.833,0.5,452.4147,433.0618,482.2268,1,5,2
3780210,484.02085,476.78489,2,1,14.833333333333334,10.92551,11.04872,9.965,8.92971,8.93142,9.6346,1,1,1442,2,2,1,4,3,3,2,-0.9168,232.833,0.24,392.9039,390.3686,421.1488,1,5,2
3780212,464.62515,504.09955,2,1,14.75,10.25396,8.81989,8.26761,10.35139,8.93142,9.15641,1,3,1442,2,2,1,4,3,3,2,-0.9168,232.833,0.06,495.5678,458.6141,498.3588,1,5,2
3780201,579.12215,625.33108,1,1,14.5,11.64917,13.03951,11.33851,8.92971,11.37095,10.15325,1,2,1442,2,2,1,4,3,3,2,-0.9168,232.833,0.31,594.1813,583.9807,561.4883,1,5,2
3390225,612.29672,595.18487,2,1,14.333333333333334,10.25396,9.18945,8.93041,9.81093,10.54867,9.6346,2,1,654,4,1,1,2,3,1,2,-0.4184,134.6,0.05,595.3497,490.7721,552.0701,1,6,2
3390219,535.87893999999994,578.68568,2,1,14.583333333333334,10.92551,13.03951,12.07123,11.01771,11.07454,9.15641,2,1,654,4,1,1,2,3,1,2,-0.4184,134.6,-0.12,555.7018,434.3954,496.9601,1,6,2
3390216,601.33186,596.15913,2,1,15,12.51743,10.19817,9.60333,9.81093,10.07332,9.15641,2,2,654,4,1,1,2,3,1,2,-0.4184,134.6,0.82,537.3189,442.6554,470.1044,1,6,2
3390208,571.0913,587.74565,2,2,13.833333333333334,11.64917,13.03951,10.80246,11.01771,9.84519,12.42205,1,2,654,4,1,1,2,3,1,2,-0.4184,134.6,0.17,582.2636,511.0613,549.9254,1,6,2
3390217,573.59413,516.33324,2,1,14.5,9.60097,13.03951,11.33851,11.9425,11.70269,10.15325,4,2,654,4,1,1,2,3,1,2,-0.4184,134.6,-0.81,525.1675,445.8632,515.4233,1,6,2
3390229,556.17656,577.32386,1,1,14.583333333333334,10.25396,10.19817,11.33851,10.35139,11.07454,10.74331,2,2,654,4,1,1,2,3,1,2,-0.4184,134.6,-0.36,564.5817,567.3002,538.1761,1,6,2
3390222,598.34388,604.17228,2,1,15.25,12.51743,9.18945,10.35777,11.01771,10.07332,10.74331,1,2,654,4,1,1,2,3,1,2,-0.4184,134.6,0.89,603.6065,485.8803,544.3305,1,6,2
3390214,460.3167,435.92841,1,1,15.166666666666666,9.60097,9.62932,8.93041,9.34439,8.78043,9.15641,3,1,654,4,1,1,2,3,1,2,-0.4184,134.6,-0.22,485.7532,493.35,491.2719,1,6,2
3390224,501.03138,481.95569,1,2,14.833333333333334,12.51743,9.62932,10.80246,11.01771,10.54867,12.42205,1,1,654,4,1,1,2,3,1,2,-0.4184,134.6,1.44,564.2701,542.5178,613.2413,1,6,2
3390201,519.69278,497.66688,1,1,15.166666666666666,10.25396,13.03951,8.93041,8.92971,8.43911,9.15641,2,1,654,4,1,1,2,3,1,2,-0.4184,134.6,0.05,419.6993,372.6943,402.0328,1,6,2
3390223,560.36902,511.11771,1,1,14.916666666666666,9.60097,13.03951,11.33851,11.01771,9.16491,12.42205,2,2,654,4,1,1,2,3,1,2,-0.4184,134.6,-0.29,452.96,480.1644,438.0269,1,6,2
3390212,649.57548,628.3658,1,1,14.416666666666666,12.51743,11.04872,9.965,11.9425,10.54867,10.74331,1,2,654,4,1,1,2,3,1,2,-0.4184,134.6,1.77,614.7453,544.1858,588.8101,1,6,2
3390210,562.36112,519.51253,1,1,15.166666666666666,10.25396,13.03951,11.33851,10.35139,10.30668,10.74331,2,2,654,4,1,1,2,3,1,2,-0.4184,134.6,-0.27,529.919,536.3221,527.8254,1,6,2
3390221,579.1979,608.72572,1,2,15.25,11.64917,10.19817,10.35777,9.81093,12.08627,12.42205,1,2,654,4,1,1,2,3,1,2,-0.4184,134.6,0.83,564.1143,549.8254,579.5785,1,6,2
3390204,545.18444,557.6696,1,1,15.416666666666666,10.92551,13.03951,10.35777,10.35139,10.30668,9.15641,1,1,654,4,1,1,2,3,1,2,-0.4184,134.6,0.57,504.2919,451.0927,485.7702,1,6,2
3390232,478.05819,461.03562,2,1,14.333333333333334,10.92551,13.03951,11.33851,11.9425,12.08627,10.15325,2,2,654,4,1,1,2,3,1,2,-0.4184,134.6,-0.29,496.5026,431.9896,496.0276,1,6,2
3400101,520.95894,505.45144,1,1,15.25,11.64917,9.18945,13.46507,11.9425,9.39344,14.34298,1,3,1280,NA,1,1,2,3,3,3,1.9226,153.647,0.57,473.9134,436.0802,424.8788,3,4,2
3400104,564.01231,585.61448,1,1,13.833333333333334,12.51743,8.48873,5.03748,7.2741,6.85613,7.42878,1,1,1280,NA,1,1,2,3,3,3,1.9226,153.647,0.06,563.647,537.8313,538.8288,3,4,2
3400306,583.77808,566.59067,1,1,13.583333333333334,14.01827,13.03951,12.07123,7.88323,11.37095,10.15325,1,3,1280,NA,1,1,2,3,3,3,1.9226,153.647,1.11,611.6295,631.6394,586.2924,3,5,2
3400111,610.32473,487.88492,1,1,14,10.92551,7.38476,10.35777,10.35139,9.16491,12.42205,1,1,1280,NA,1,1,2,3,3,3,1.9226,153.647,0.99,432.4739,429.0903,388.4185,3,4,2
3400302,571.74896,660.76363,1,1,14.5,11.64917,13.03951,10.35777,8.55351,10.30668,9.6346,1,1,1280,NA,1,1,2,3,3,3,1.9226,153.647,0.33,549.3145,582.3127,575.7553,3,5,2
3400303,565.59033,572.61286,2,1,14.833333333333334,14.01827,9.18945,10.04285,13.70742,8.43911,14.34298,1,3,1280,NA,1,1,2,3,3,3,1.9226,153.647,0.89,555.0787,446.585,517.3816,3,5,2
3400315,579.89188,477.53034,2,1,15.25,10.92551,13.03951,10.80246,11.9425,10.80346,10.15325,2,3,1280,NA,1,1,2,3,3,3,1.9226,153.647,-0.15,529.8411,469.0394,503.9537,3,5,2
3400314,665.54488,703.6114,1,1,14.25,14.01827,13.03951,11.33851,10.35139,10.54867,11.44903,1,2,1280,NA,1,1,2,3,3,3,1.9226,153.647,0.04,681.8118,649.9085,653.7113,3,5,2
3400309,622.32077,669.29113,2,1,14,12.51743,13.03951,12.07123,9.81093,13.14698,11.44903,1,3,1280,NA,1,1,2,3,3,3,1.9226,153.647,0.62,524.3106,481.3894,502.3685,3,5,2
3400312,666.41852,662.12709,2,1,14.25,10.92551,9.18945,9.965,8.92971,12.54869,8.27843,2,3,1280,NA,1,1,2,3,3,3,1.9226,153.647,-0.09,574.4742,576.8208,601.2122,3,5,2
3400317,604.87996,556.45039,2,1,15.166666666666666,11.64917,11.04872,9.965,8.92971,9.61942,8.70884,2,2,1280,NA,1,1,2,3,3,3,1.9226,153.647,0.9,474.0692,472.2472,447.445,3,5,2
3400320,666.21852,641.62732,1,1,15.25,10.92551,11.04872,11.33851,11.01771,10.54867,10.74331,1,2,1280,NA,1,1,2,3,3,3,1.9226,153.647,0.37,596.0508,524.4075,537.8031,3,5,2
3400115,572.47769,573.48532,1,1,13.5,12.51743,9.62932,8.93041,7.2741,11.07454,11.44903,1,1,1280,NA,1,1,2,3,3,3,1.9226,153.647,-0.15,491.8289,455.1436,550.7646,3,4,2
3400313,599.86446,556.62595,2,1,14.583333333333334,10.92551,11.04872,12.07123,11.01771,10.54867,9.15641,1,2,1280,NA,1,1,2,3,3,3,1.9226,153.647,1.06,620.3536,497.8292,564.752,3,5,2
3400311,710.88153,656.28362,1,1,14.916666666666666,14.01827,11.04872,12.07123,13.70742,14.02271,11.44903,1,2,1280,NA,1,1,2,3,3,3,1.9226,153.647,0.62,575.5647,614.0851,612.4021,3,5,2
3400319,557.16026,610.07718,2,1,14.666666666666666,12.51743,8.48873,13.46507,11.9425,10.30668,10.15325,1,2,1280,NA,1,1,2,3,3,3,1.9226,153.647,0.84,610.539,550.918,574.5431,3,5,2
3400102,629.8734,615.48911,1,1,14.916666666666666,11.64917,9.18945,9.26151,11.01771,7.89169,8.27843,1,2,1280,NA,1,1,2,3,3,3,1.9226,153.647,1.04,570.4237,587.9523,564.1925,3,4,2
3400120,643.69763,617.53168,1,2,14.416666666666666,9.60097,10.19817,10.35777,11.9425,9.84519,11.44903,2,2,1280,NA,1,1,2,3,3,3,1.9226,153.647,-0.59,496.8141,534.7335,503.674,3,4,2
3400121,611.44631,579.50129,1,1,15.083333333333334,10.92551,11.04872,10.80246,8.92971,10.07332,11.44903,1,2,1280,NA,1,1,2,3,3,3,1.9226,153.647,0.07,520.4938,446.5651,480.9213,3,4,2
3400122,582.82187,586.33363,1,1,14.25,12.51743,11.04872,8.60159,7.88323,9.16491,9.15641,1,1,1280,NA,1,1,2,3,3,3,1.9226,153.647,0.35,475.3934,502.1668,524.4685,3,4,2
3400108,591.31462,669.94482,2,1,14.25,14.01827,8.19852,10.80246,11.01771,11.07454,9.15641,1,2,1280,NA,1,1,2,3,3,3,1.9226,153.647,0.56,546.2767,473.1293,532.8609,3,4,2
3400107,611.82587,546.58387,1,1,14.416666666666666,12.51743,7.11034,9.26151,8.20673,8.69047,8.27843,1,2,1280,NA,1,1,2,3,3,3,1.9226,153.647,-0.08,509.5887,554.5913,532.2081,3,4,2
3400305,656.30373,735.03956,2,1,14.166666666666666,14.01827,13.03951,10.80246,8.55351,10.54867,8.70884,1,2,1280,NA,1,1,2,3,3,3,1.9226,153.647,0.63,617.5495,666.3981,623.9649,3,5,2
3380205,551.78912,530.64267,1,1,15.083333333333334,9.60097,13.03951,9.965,11.01771,10.54867,12.42205,3,1,472,1,5,3,3,3,3,3,-0.9168,114,-0.62,510.3677,488.6635,500.5035,1,3,2
3380210,488.55567,572.56463,2,1,15.25,10.92551,10.19817,9.965,11.9425,10.80346,10.74331,2,1,472,1,5,3,3,3,3,3,-0.9168,114,1.48,446.2611,435.3577,464.1365,1,3,2
3380202,549.56618,530.07333,1,1,14.666666666666666,11.64917,13.03951,9.60333,11.01771,10.80346,10.15325,1,2,472,1,5,3,3,3,3,3,-0.9168,114,0.57,502.6562,558.8011,538.7355,1,3,2
3380209,488.80997,540.53691,1,1,15.25,10.92551,13.03951,9.26151,8.20673,9.61942,9.15641,1,2,472,1,5,3,3,3,3,3,-0.9168,114,0.57,486.9995,509.3156,529.2242,1,3,2
3380206,504.55412,579.91013,1,1,14.916666666666666,14.01827,11.04872,9.26151,9.34439,8.17383,10.15325,1,2,472,1,5,3,3,3,3,3,-0.9168,114,0.82,513.5613,529.1733,543.1182,1,3,2
3380222,532.30101,638.68142,2,1,14.75,10.04151,13.03951,11.33851,10.35139,10.54867,10.74331,NA,2,472,1,5,3,3,3,3,3,-0.9168,114,-0.61,467.4482,478.1816,495.8411,1,3,2
3380207,441.90649,504.57298,1,1,14.166666666666666,10.92551,10.19817,8.60159,7.88323,8.69047,10.15325,4,2,472,1,5,3,3,3,3,3,-0.9168,114,-0.21,453.661,533.7009,523.0698,1,3,2
3380221,460.78442,500.76226,2,3,15.5,11.17406,11.04872,9.965,10.35139,8.17383,10.74331,NA,1,472,1,5,3,3,3,3,3,-0.9168,114,1.4,381.2198,350.1912,396.2514,1,3,2
3380213,486.01138,489.00429,1,1,14.25,11.64917,13.03951,9.965,9.34439,8.93142,10.74331,1,2,472,1,5,3,3,3,3,3,-0.9168,114,0.33,522.1296,476.7489,513.8381,1,3,2
3380208,564.9568,539.64743,2,1,14.5,11.64917,10.19817,13.46507,9.34439,14.02271,11.44903,1,1,472,1,5,3,3,3,3,3,-0.9168,114,0.8,472.1218,454.9252,435.2294,1,3,2
3380212,580.92575,535.46857,1,1,14.833333333333334,9.60097,9.18945,12.07123,10.35139,10.07332,10.15325,3,2,472,1,5,3,3,3,3,3,-0.9168,114,0.5,518.3128,505.9795,552.6296,1,3,2
3380214,517.97443,529.25008,2,1,14.75,10.92551,10.19817,9.965,8.55351,10.54867,11.44903,1,2,472,1,5,3,3,3,3,3,-0.9168,114,0.5,483.8838,457.8122,440.5446,1,3,2
3370114,658.39963,668.59664,1,1,14.666666666666666,10.25396,8.48873,11.33851,11.9425,13.14698,9.6346,2,2,377,1,5,1,3,1,1,3,0.7756,90.5,-0.56,611.8632,700.9826,632.9168,1,5,2
3370108,557.692,509.1357,2,1,15,10.92551,8.48873,9.965,11.9425,8.69047,9.6346,3,1,377,1,5,1,3,1,1,3,0.7756,90.5,-0.45,483.1048,486.7624,525.6807,1,5,2
3370109,527.88731,574.80807,1,1,15.166666666666666,11.64917,13.03951,10.80246,9.81093,9.39344,14.34298,1,1,377,1,5,1,3,1,1,3,0.7756,90.5,0.59,487.0774,486.2806,441.4771,1,5,2
3370115,557.54574,533.04684,2,1,14.083333333333334,10.92551,11.04872,9.26151,8.92971,10.30668,8.70884,3,2,377,1,5,1,3,1,1,3,0.7756,90.5,-0.67,435.7454,484.9981,411.8239,1,5,2
3120308,508.82457,441.16194,1,1,14.333333333333334,12.51743,7.11034,10.35777,6.33324,8.42098,10.74331,1,2,696,2,2,NA,2,1,2,2,NA,113.077,0.91,390.4113,387.7067,389.2577,1,5,2
3120305,568.42121,512.57271,1,1,14.75,10.92551,8.48873,13.46507,10.35139,14.02271,14.34298,2,2,696,2,2,NA,2,1,2,2,NA,113.077,-0.23,488.0122,530.2059,517.2883,1,5,2
3120317,361.31647,365.86767,2,1,14.416666666666666,10.92551,6.83195,12.07123,13.70742,10.07332,14.34298,1,1,696,2,2,NA,2,1,2,2,NA,113.077,0.73,352.7886,380.8255,383.9426,1,5,2
3120312,590.6098,610.2343,2,1,14.5,9.60097,10.19817,8.26761,8.55351,9.16491,8.70884,2,3,696,2,2,NA,2,1,2,2,NA,113.077,-0.44,516.5992,497.9896,565.7777,1,5,2
3120302,549.39355,590.70399,1,1,14.833333333333334,12.51743,13.03951,9.26151,11.01771,10.80346,11.44903,1,1,696,2,2,NA,2,1,2,2,NA,113.077,0.32,450.3116,537.3547,472.5289,1,5,2
3120304,607.19116,602.6301,2,1,15,12.51743,7.91394,9.965,8.55351,11.70269,9.6346,1,3,696,2,2,NA,2,1,2,2,NA,113.077,0.3,545.9651,502.7211,531.2756,1,5,2
3120316,528.46765,556.95732,2,1,14.5,11.64917,8.81989,9.60333,9.81093,10.54867,8.70884,1,3,696,2,2,NA,2,1,2,2,NA,113.077,0.59,530.62,534.0772,560.9288,1,5,2
3120320,550.04216,549.11176,2,1,14,12.51743,13.03951,11.33851,8.55351,10.80346,11.44903,1,2,696,2,2,NA,2,1,2,2,NA,113.077,0.47,457.4778,395.3407,477.4711,1,5,2
3120310,473.57902,513.53955,1,1,14.666666666666666,10.25396,11.04872,8.26761,7.2741,9.16491,8.70884,4,2,696,2,2,NA,2,1,2,2,NA,113.077,-1.95,393.6049,460.3067,433.3644,1,5,2
3120322,582.86131,583.34387,2,1,14.5,10.92551,10.19817,12.07123,9.34439,10.84961,11.44903,1,3,696,2,2,NA,2,1,2,2,NA,113.077,0.38,581.5625,540.4125,560.276,1,5,2
3120315,580.73904,641.64642,1,1,15.25,12.51743,9.18945,8.93041,7.57539,10.30668,8.70884,1,2,696,2,2,NA,2,1,2,2,NA,113.077,0.07,562.4786,546.8865,571.3726,1,5,2
3120311,529.12085,604.47037,1,1,14.75,10.92551,13.03951,13.46507,13.70742,12.08627,11.44903,1,2,696,2,2,NA,2,1,2,2,NA,113.077,NA,478.1196,498.9896,499.9441,1,5,2
3120318,510.5151,504.40233,2,1,14.666666666666666,8.91919,9.18945,9.965,9.34439,9.84519,9.6346,4,2,696,2,2,NA,2,1,2,2,NA,113.077,-0.28,463.0862,381.1462,416.5796,1,5,2
3120314,680.15582,642.38848,1,1,14.416666666666666,10.25396,13.03951,12.07123,9.34439,11.70269,11.44903,2,2,696,2,2,NA,2,1,2,2,NA,113.077,-0.39,582.9646,579.7709,599.5338,1,5,2
3120323,438.33995,568.34289,1,1,15.083333333333334,11.64917,8.48873,12.07123,9.34439,8.17383,10.74331,1,1,696,2,2,NA,2,1,2,2,NA,113.077,-0.22,461.3725,522.2628,539.668,1,5,2
3120313,631.86159,650.8012,1,1,14.333333333333334,10.25396,8.48873,7.91186,7.57539,11.70269,10.15325,2,1,696,2,2,NA,2,1,2,2,NA,113.077,-0.2,611.7074,591.1295,613.9873,1,5,2
3120319,523.93865,543.26349,1,1,15.083333333333334,10.92551,8.81989,6.36452,7.88323,4.94405,7.85736,2,2,696,2,2,NA,2,1,2,2,NA,113.077,0.51,458.3346,477.3843,464.9758,1,5,2
3110205,517.9266,560.34065,2,1,13.833333333333334,11.64917,11.04872,9.60333,8.92971,9.61942,11.44903,1,2,314,2,4,2,4,3,4,2,-0.7452,110.667,-0.18,455.2189,400.7137,428.8885,1,6,2
3110208,369.14005,303.39456,1,1,13.666666666666666,8.19314,9.18945,8.26761,9.81093,4.94405,7.85736,5,2,314,2,4,2,4,3,4,2,-0.7452,110.667,-0.59,390.1776,391.6783,333.5882,1,6,2
3110206,465.58449,493.51573,1,1,13.916666666666666,10.92551,10.19817,8.26761,8.55351,8.43911,8.70884,2,1,314,2,4,2,4,3,4,2,-0.7452,110.667,-1.16,516.5213,507.171,424.0395,1,6,2
3110204,616.78594,639.0225,1,1,14.416666666666666,12.51743,9.62932,9.60333,8.92971,10.30668,9.6346,1,2,314,2,4,2,4,3,4,2,-0.7452,110.667,0.64,631.1809,535.5278,573.8903,1,6,2
3110210,523.37328,480.82267,1,1,14,8.91919,10.19817,9.965,9.34439,7.58514,8.27843,3,3,314,2,4,2,4,3,4,2,-0.7452,110.667,-0.11,483.2606,489.299,465.9082,1,6,2
3110203,609.51198,556.48705,1,1,14.083333333333334,12.51743,8.81989,10.35777,8.92971,11.70269,10.15325,1,2,314,2,4,2,4,3,4,2,-0.7452,110.667,0.18,568.009,503.7554,536.8706,1,6,2
3110213,515.51048,523.33165,2,1,14,10.92551,9.62932,9.965,10.35139,9.16491,7.85736,2,3,314,2,4,2,4,3,4,2,-0.7452,110.667,-0.12,537.942,488.2861,484.7445,1,6,2
3110212,489.96507,496.24603,1,1,14.083333333333334,11.64917,13.03951,12.07123,10.35139,11.70269,11.44903,1,2,314,2,4,2,4,3,4,2,-0.7452,110.667,0.64,538.4094,470.315,477.8441,1,6,NA
3110207,471.57508,583.6173,1,1,14.083333333333334,11.64917,10.19817,7.03246,8.55351,8.17383,7.85736,1,2,314,2,4,2,4,3,4,2,-0.7452,110.667,0.35,503.3572,522.8189,513.3719,1,6,2
3110211,415.27972,444.88995,1,1,14,10.92551,10.19817,10.35777,8.55351,8.93142,10.15325,2,2,314,2,4,2,4,3,4,2,-0.7452,110.667,0.29,483.1827,491.8408,448.564,1,6,2
3110209,525.20001,615.8806,2,1,13.666666666666666,10.92551,9.62932,7.91186,8.55351,9.16491,9.6346,2,3,314,2,4,2,4,3,4,2,-0.7452,110.667,-0.47,541.7588,482.1913,441.7568,1,6,2
3110202,544.51426,514.77786,1,1,14,9.60097,9.62932,10.35777,10.35139,10.54867,10.15325,3,2,314,2,4,2,4,3,4,2,-0.7452,110.667,-0.76,470.3303,407.6439,415.0877,1,6,2
3100120,642.40543,723.65595,1,1,15.166666666666666,10.92551,9.62932,12.07123,9.81093,11.70269,11.44903,1,2,492,3,5,2,4,3,4,1,-0.9168,107.333,0.22,675.5803,670.7988,728.9631,1,6,2
3100107,652.62413,649.94282,2,1,15.083333333333334,9.60097,9.62932,8.93041,7.57539,11.07454,9.15641,2,2,492,3,5,2,4,3,4,1,-0.9168,107.333,-0.55,529.1401,418.8377,466.934,1,6,2
3100113,389.60951,519.11558,1,1,14.333333333333334,11.64917,13.03951,10.80246,9.81093,7.89169,10.74331,1,2,492,3,5,2,4,3,4,1,-0.9168,107.333,0.72,353.8012,368.7227,395.8784,1,6,2
3100116,637.81441,590.83732,1,1,15,10.25396,9.62932,11.33851,11.01771,11.07454,10.74331,2,2,492,3,5,2,4,3,4,1,-0.9168,107.333,-0.42,570.5016,533.7803,613.2413,1,6,2
3100106,560.83026,590.23906,1,1,14.5,10.92551,9.62932,10.35777,9.34439,10.54867,10.15325,2,1,492,3,5,2,4,3,4,1,-0.9168,107.333,-0.06,466.2798,491.7613,551.8836,1,6,2
3100114,693.85166,679.27888,1,1,14.25,11.64917,13.03951,11.33851,11.9425,14.02271,12.42205,3,2,492,3,5,2,4,3,4,1,-0.9168,107.333,-0.86,641.7744,602.1704,659.0265,1,6,2
3100108,559.80275,601.86795,1,1,13.916666666666666,10.92551,11.04872,13.46507,11.01771,10.54867,10.15325,2,2,492,3,5,2,4,3,4,1,-0.9168,107.333,-0.11,520.9612,535.5278,584.8004,1,6,2
3100122,576.66792,555.72589,1,1,13.916666666666666,12.51743,13.03951,11.33851,11.01771,10.30668,11.44903,1,2,492,3,5,2,4,3,4,1,-0.9168,107.333,0.48,684.8497,636.4052,652.4991,1,6,2
3100124,643.23427,643.41664,1,1,15.083333333333334,11.64917,10.19817,10.35777,10.35139,9.61942,12.42205,2,2,492,3,5,2,4,3,4,1,-0.9168,107.333,-0.42,468.4608,499.5456,577.154,1,6,2
3100103,547.57129,591.12985,1,1,14.5,10.25396,13.03951,11.33851,8.92971,10.07332,11.44903,2,2,492,3,5,2,4,3,4,1,-0.9168,107.333,-0.54,551.8071,456.7323,524.655,1,6,2
3100123,518.41745,547.41988,1,1,14.583333333333334,10.92551,13.03951,9.965,8.55351,9.61942,7.85736,1,1,492,3,5,2,4,3,4,1,-0.9168,107.333,-0.02,510.4456,452.1253,447.072,1,6,2
3100104,489.66451,534.48274,2,1,15,14.01827,8.19852,9.60333,10.35139,9.61942,9.15641,1,1,492,3,5,2,4,3,4,1,-0.9168,107.333,0.29,477.7302,461.1002,485.8635,1,6,2
3100111,601.0132,538.05451,2,1,14.583333333333334,10.92551,10.19817,9.26151,8.20673,9.16491,9.6346,2,2,492,3,5,2,4,3,4,1,-0.9168,107.333,-1.05,488.7132,439.2071,482.9728,1,6,2
3100102,553.71685,519.04695,1,1,14.25,12.51743,9.18945,9.965,7.88323,9.84519,10.15325,1,2,492,3,5,2,4,3,4,1,-0.9168,107.333,0.52,453.7389,456.3351,495.8411,1,6,2
3100117,498.53034,524.4399,2,1,14.583333333333334,10.92551,9.18945,9.965,8.92971,7.89169,7.85736,1,1,492,3,5,2,4,3,4,1,-0.9168,107.333,0.57,518.2349,470.7235,533.4204,1,6,2
4600216,504.86027,543.5941,2,1,15.333333333333334,7.37134,8.48873,7.03246,6.66537,6.85613,7.85736,4,2,412,3,4,1,4,2,3,3,0.5021,197,-0.66,536.3063,512.6652,545.263,1,5,2
4600218,519.38249,557.55645,1,2,14.833333333333334,10.92551,8.81989,8.60159,8.92971,10.30668,7.85736,2,2,412,3,4,1,4,2,3,3,0.5021,197,-0.06,507.3298,485.48630000000003,534.3529,1,5,2
4600207,562.9361,557.06839,2,1,15.416666666666666,11.64917,10.19817,9.26151,9.34439,7.58514,8.27843,2,1,412,3,4,1,4,2,3,3,0.5021,197,0.6,466.4356,459.4963,481.2943,1,5,2
4600217,424.83417,495.94433,2,1,14.666666666666666,12.51743,10.19817,9.26151,8.55351,8.43911,8.27843,1,3,412,3,4,1,4,2,3,3,0.5021,197,0.36,463.7872,477.7806,491.0854,1,5,2
4600222,486.54703,501.71841,1,1,14.416666666666666,11.64917,10.19817,8.26761,7.57539,8.43911,9.15641,1,1,412,3,4,1,4,2,3,3,0.5021,197,0.46,452.4147,468.0115,488.7542,1,5,2
4600215,537.44578,584.32904,2,1,15.083333333333334,14.01827,9.62932,8.93041,6.97345,8.17383,9.15641,1,1,412,3,4,1,4,2,3,3,0.5021,197,0.64,546.744,574.0942,632.9168,1,5,2
4600204,555.27878,533.46299,1,1,14.583333333333334,10.92551,11.04872,9.965,10.35139,12.08627,10.15325,2,2,412,3,4,1,4,2,3,3,0.5021,197,-0.12,505.7719,588.1906,547.1279,1,5,2
4600201,597.65616,483.44801,2,1,14.25,7.30445,13.03951,12.07123,10.35139,9.84519,10.74331,NA,2,412,3,4,1,4,2,3,3,0.5021,197,NA,500.2415,473.8511,554.3081,1,5,2
4590202,504.77412,553.39374,1,1,14.166666666666666,11.64917,10.19817,9.965,10.35139,10.54867,11.44903,2,1,409,2,5,1,3,3,3,2,0.2803,105,0.5,538.4873,562.7727,513.5584,1,3,2
4600214,523.63462,567.06563,1,2,14.666666666666666,11.64917,9.62932,8.26761,5.96004,7.24499,7.42878,2,1,412,3,4,1,4,2,3,3,0.5021,197,0.9,492.4521,585.5694,613.1481,1,5,2
4590212,603.39044,485.16717,1,1,14.083333333333334,10.92551,9.62932,12.07123,9.81093,13.14698,9.6346,1,2,409,2,5,1,3,3,3,2,0.2803,105,0.3,567.308,561.7401,530.6229,1,3,2
4590206,474.80563,494.46129,2,1,14.916666666666666,12.51743,11.04872,9.26151,6.97345,7.24499,10.15325,1,3,409,2,5,1,3,3,3,2,0.2803,105,1.13,408.4826,422.3662,467.1205,1,3,2
4590207,541.82997,561.05828,1,1,14.916666666666666,10.25396,9.62932,12.07123,11.9425,13.14698,14.34298,3,2,409,2,5,1,3,3,3,2,0.2803,105,-0.79,448.7537,473.8099,416.5796,1,3,2
4590210,648.66954,601.36157,1,1,14,14.01827,8.81989,12.07123,10.35139,11.70269,10.74331,1,2,409,2,5,1,3,3,3,2,0.2803,105,0.46,513.7171,600.1052,572.3051,1,3,2
4590214,461.33258,474.61445,1,1,14.5,10.25396,10.19817,9.26151,9.34439,8.43911,8.27843,2,2,409,2,5,1,3,3,3,2,0.2803,105,-0.27,467.0587,422.6564,453.9724,1,3,2
4590201,627.26599,615.77553,2,1,14.583333333333334,11.64917,10.19817,11.33851,8.20673,14.02271,11.44903,1,2,409,2,5,1,3,3,3,2,0.2803,105,0.04,611.1622,582.1137,619.0228,1,3,2
4720123,519.42573,565.58564,2,1,14.75,10.25396,13.03951,13.46507,11.9425,11.07454,14.34298,3,1,846,1,4,1,3,3,3,3,-1.0989,173.8,0.1,361.1232,415.3091,384.9683,1,6,2
4720104,489.88273,556.7966,2,1,14.583333333333334,11.64917,13.03951,10.80246,11.9425,10.54867,12.42205,2,2,846,1,4,1,3,3,3,3,-1.0989,173.8,0.74,503.9025,495.5036,551.7904,1,6,2
4720101,541.89601,536.00507,1,1,15.083333333333334,11.17406,8.19852,9.965,10.35139,8.17383,10.74331,NA,2,846,1,4,1,3,3,3,3,-1.0989,173.8,-0.33,380.2072,460.3067,382.0776,1,6,2
4720112,437.73972,379.90596,2,1,15,10.25396,13.03951,11.33851,11.9425,10.54867,11.44903,2,NA,846,1,4,1,3,3,3,3,-1.0989,173.8,-0.45,472.9787,449.8729,492.1112,1,6,2
4720119,646.21699,643.36732,2,1,13.666666666666666,12.51743,8.48873,13.46507,10.35139,15.81948,12.42205,2,2,846,1,4,1,3,3,3,3,-1.0989,173.8,0.16,552.664,582.4345,612.4021,1,6,2
4720111,405.02695,492.69717,2,1,14.666666666666666,11.64917,9.62932,13.46507,13.70742,14.02271,14.34298,2,1,846,1,4,1,3,3,3,3,-1.0989,173.8,0.17,514.7297,488.3663,536.3111,1,6,2
4720120,542.64373,541.79747,1,1,15.333333333333334,12.51743,13.03951,13.46507,13.70742,15.81948,14.34298,1,2,846,1,4,1,3,3,3,3,-1.0989,173.8,0.62,501.9551,588.5877,575.9418,1,6,2
4730310,558.45156,606.86362,2,1,14.666666666666666,12.51743,11.04872,10.80246,10.35139,12.08627,9.6346,1,2,1159,2,1,3,3,2,1,1,-0.256,172.167,1.34,524.5443,494.5413,579.019,NA,5,2
4730302,564.93378,498.79793,2,1,14.5,10.92551,6.83195,10.80246,11.9425,12.54869,9.6346,2,1,1159,2,1,3,3,2,1,1,-0.256,172.167,-0.49,566.6069,516.274,492.9504,NA,5,2
4730112,578.0247,541.32371,1,1,14.416666666666666,11.64917,11.04872,9.26151,7.57539,12.08627,9.6346,2,2,1159,2,1,3,3,2,1,1,-0.256,172.167,0.38,600.8802,615.5149,605.1287,2,5,2
4730119,592.76212,600.65245,1,1,14.75,9.60097,8.81989,10.80246,9.34439,10.54867,14.34298,2,2,1159,2,1,3,3,2,1,1,-0.256,172.167,-0.4,579.6931,569.6037,517.9411,2,5,2
4730108,587.56015,623.18333,2,1,14.75,10.92551,9.62932,12.07123,10.35139,11.70269,11.44903,2,2,1159,2,1,3,3,2,1,1,-0.256,172.167,0.42,599.2444,582.4345,570.4401,2,5,2
4730304,567.87047,507.45625,2,1,14.916666666666666,12.21628,13.03951,10.35777,11.9425,10.30668,10.15325,NA,2,1159,2,1,3,3,2,1,1,-0.256,172.167,0.04,391.9692,369.5982,367.8105,NA,5,2
4730308,537.3451,575.13879,2,1,14.416666666666666,12.51743,9.62932,9.60333,9.81093,8.93142,10.15325,1,1,1159,2,1,3,3,2,1,1,-0.256,172.167,1,360.8117,282.2664,315.8709,NA,5,2
4730321,641.39681,593.47324,1,1,15.083333333333334,11.64917,10.19817,10.80246,9.81093,11.70269,10.15325,2,1,1159,2,1,3,3,2,1,1,-0.256,172.167,0.38,502.2667,498.1952,491.5517,NA,5,2
4730322,574.05838,527.46283,1,1,15.25,10.92551,9.62932,9.26151,8.20673,8.93142,10.74331,2,2,1159,2,1,3,3,2,1,1,-0.256,172.167,-0.04,405.99,406.0553,423.107,NA,5,2
4730319,539.94916,582.28974,1,1,14.666666666666666,10.04151,9.18945,10.35777,9.34439,11.70269,9.15641,NA,2,1159,2,1,3,3,2,1,1,-0.256,172.167,-0.81,476.406,495.7329,414.8079,NA,5,2
4730326,554.99866,536.1516,2,1,14.75,14.01827,9.18945,10.80246,10.35139,11.07454,10.74331,1,1,1159,2,1,3,3,2,1,1,-0.256,172.167,0.51,491.6732,408.9737,451.8277,NA,5,2
4730111,576.0126,498.54828,1,1,15,12.51743,11.04872,10.80246,8.55351,10.30668,10.74331,1,1,1159,2,1,3,3,2,1,1,-0.256,172.167,0.83,507.3298,512.4928,530.9959,2,5,2
4730318,525.81298,566.10828,2,1,15.166666666666666,12.51743,9.18945,11.33851,8.92971,8.17383,9.1439800000000009,1,2,1159,2,1,3,3,2,1,1,-0.256,172.167,0.26,518.157,478.6628,519.806,NA,5,2
4730325,605.19147,629.68943,1,1,15,11.64917,8.81989,12.07123,10.35139,11.07454,11.44903,1,1,1159,2,1,3,3,2,1,1,-0.256,172.167,0.34,501.7215,560.3897,497.7061,NA,5,2
4960129,602.31534,590.34523,2,1,14.25,12.51743,13.03951,9.60333,8.20673,8.69047,10.74331,1,2,437,1,1,2,1,2,2,3,1.9226,119.25,1.17,585.0678,604.8889,672.0813,2,5,2
4960120,623.24894,613.13492,1,1,14.75,12.51743,10.19817,9.60333,7.2741,10.80346,8.70884,1,1,437,1,1,2,1,2,2,3,1.9226,119.25,0.18,579.771,598.2783,666.7661,2,5,2
4960110,591.3821,605.59597,1,2,14.333333333333334,12.51743,9.18945,7.51389,6.97345,6.39359,5.01998,1,1,437,1,1,2,1,2,2,3,1.9226,119.25,0.39,530.3085,583.1864,588.5304,2,5,2
4960130,672.8489,646.60161,2,1,14.416666666666666,11.64917,11.04872,12.07123,9.81093,11.70269,9.6346,1,1,437,1,1,2,1,2,2,3,1.9226,119.25,0.25,680.955,637.5281,738.1015,2,5,2
4960117,620.69036,628.60268,1,1,14.166666666666666,12.51743,7.91394,7.91186,8.20673,8.69047,8.70884,1,1,437,1,1,2,1,2,2,3,1.9226,119.25,0.8,582.5752,627.5884,590.9549,2,5,2
4960122,527.1102,555.19517,1,1,14.416666666666666,10.25396,8.81989,8.60159,6.97345,6.85613,7.85736,3,1,437,1,1,2,1,2,2,3,1.9226,119.25,-1.16,557.1039,581.5184,586.0127,2,5,2
4960102,583.50936,644.95457,1,1,14.833333333333334,12.51743,8.48873,7.51389,7.57539,7.89169,8.27843,1,1,437,1,1,2,1,2,2,3,1.9226,119.25,0.7,578.9142,576.0376,573.0511,2,5,2
4960105,548.44259,597.44501,2,1,14.666666666666666,10.92551,13.03951,9.965,9.81093,8.93142,8.27843,2,1,437,1,1,2,1,2,2,3,1.9226,119.25,0.19,522.9864,472.167,518.1276,2,5,2
4960103,631.45521,613.96046,2,1,14.083333333333334,12.51743,9.18945,9.965,7.57539,9.16491,11.44903,1,1,437,1,1,2,1,2,2,3,1.9226,119.25,0.57,550.6387,525.1756,606.8072,2,5,2
4960109,580.9186,585.84962,2,2,13.916666666666666,11.64917,13.03951,8.26761,9.34439,9.84519,7.42878,2,1,437,1,1,2,1,2,2,3,1.9226,119.25,0.97,565.7501,600.8792,622.6595,2,5,2
4960107,539.90469,621.3304,2,2,14.666666666666666,9.60097,13.03951,7.91186,7.88323,7.58514,9.6346,2,1,437,1,1,2,1,2,2,3,1.9226,119.25,0.01,553.2092,554.0456,619.5822,2,5,2
4960101,593.24057,625.63615,2,1,14.416666666666666,12.51743,9.62932,7.03246,6.97345,10.30668,7.85736,2,3,437,1,1,2,1,2,2,3,1.9226,119.25,-0.12,588.1835,578.4247,588.1574,2,5,2
4960123,606.86021,605.45576,1,1,14.666666666666666,14.01827,13.03951,10.80246,8.20673,12.54869,10.15325,1,1,437,1,1,2,1,2,2,3,1.9226,119.25,0.9,601.036,580.7241,629.2801,2,5,2
4960115,642.52476,629.26128,2,1,13.916666666666666,12.51743,13.03951,10.35777,8.55351,11.07454,8.27843,1,2,437,1,1,2,1,2,2,3,1.9226,119.25,0.61,626.3515,632.1551,619.862,2,5,2
4960127,719.89261,642.5491,1,1,14.583333333333334,14.01827,13.03951,12.07123,9.81093,14.02271,10.74331,1,2,437,1,1,2,1,2,2,3,1.9226,119.25,0.65,635.0756,619.7247,647.5569,2,5,2
4960125,579.92316,645.73734,2,1,14.5,11.64917,13.03951,13.46507,13.70742,12.54869,10.15325,1,2,437,1,1,2,1,2,2,3,1.9226,119.25,-0.75,531.0874,517.2363,566.1507,2,5,2
4960128,665.20834,663.43741,2,1,14.833333333333334,12.51743,9.18945,13.46507,13.70742,15.81948,14.34298,1,2,437,1,1,2,1,2,2,3,1.9226,119.25,-0.41,642.9428,559.4988,628.4409,2,5,2
4920204,605.97852,649.10626,2,1,14.666666666666666,14.01827,11.04872,8.26761,8.92971,10.54867,9.6346,1,2,972,1,1,1,2,1,3,1,-0.0892,163.667,0.38,550.0935,553.3238,575.1026,1,4,2
4920216,541.54517,472.67783,2,1,14.5,12.51743,13.03951,10.80246,8.55351,9.84519,10.15325,1,2,972,1,1,1,2,1,3,1,-0.0892,163.667,1.38,429.8255,508.4149,488.7542,1,4,2
4920219,580.47982,609.17188,1,1,14.25,12.51743,9.62932,7.91186,6.97345,8.43911,8.27843,1,1,972,1,1,1,2,1,3,1,-0.0892,163.667,0.76,430.2929,513.0488,438.2134,1,4,2
4920212,600.76258,651.5412,2,1,14.25,13.71571,NA,7.91186,6.66537,10.07332,8.70884,NA,2,972,1,1,1,2,1,3,1,-0.0892,163.667,0.59,636.6334,681.6351,596.8295,1,4,2
4920213,433.78134,488.91449,1,1,14.333333333333334,14.01827,13.03951,8.60159,9.34439,6.85613,9.6346,1,1,972,1,1,1,2,1,3,1,-0.0892,163.667,0.81,418.453,467.1377,500.2238,1,4,2
4920217,648.08607,555.72676,2,1,14.75,14.01827,10.19817,10.35777,9.81093,11.37095,8.06348,1,3,972,1,1,1,2,1,3,1,-0.0892,163.667,0.9,589.0403,563.7491,588.1574,1,4,2
4920221,642.55191,654.85906,1,1,14.75,12.51743,10.19817,10.35777,8.20673,11.70269,12.42205,1,2,972,1,1,1,2,1,3,1,-0.0892,163.667,0.98,631.8819,692.0069,623.4054,1,4,2
4920222,634.63258,610.51395,1,1,14.416666666666666,11.64917,6.83195,10.80246,8.92971,10.54867,10.15325,1,2,972,1,1,1,2,1,3,1,-0.0892,163.667,0.8,517.9234,617.2623,535.0056,1,4,2
4920211,571.73623,544.66023,2,3,14.416666666666666,11.64917,13.03951,9.26151,7.88323,9.84519,8.27843,1,1,972,1,1,1,2,1,3,1,-0.0892,163.667,0.13,572.8384,614.9132,599.254,1,4,2
4920206,615.11866,590.51523,2,1,14.333333333333334,11.64917,9.18945,10.35777,11.01771,11.70269,9.15641,1,3,972,1,1,1,2,1,3,1,-0.0892,163.667,0.73,479.3659,491.3335,482.0403,1,4,2
4920224,601.90975,587.4816,1,1,14.5,14.01827,13.03951,13.46507,8.20673,10.07332,14.34298,1,2,972,1,1,1,2,1,3,1,-0.0892,163.667,1.22,564.2701,601.2967,596.4565,1,4,2
4920209,621.31216,624.5517,1,1,14.333333333333334,14.01827,9.18945,11.33851,8.20673,15.81948,14.34298,1,3,972,1,1,1,2,1,3,1,-0.0892,163.667,0.31,602.8275,667.3039,618.9295,1,4,2
4990222,542.00629,609.46048,2,1,14.583333333333334,11.64917,8.81989,9.965,8.92971,8.93142,9.6346,1,1,643,1,1,3,3,3,4,1,-0.9168,156,0.82,494.0879,573.3725,532.8609,1,4,2
4990207,583.25897,614.40727,1,1,15,12.51743,13.03951,9.965,8.55351,10.30668,10.15325,1,2,643,1,1,3,3,3,4,1,-0.9168,156,1.38,552.1187,560.1514,555.8933,1,4,2
4990210,557.04283,558.67517,2,1,14.75,10.92551,7.6477,9.965,9.34439,10.07332,10.15325,1,1,643,1,1,3,3,3,4,1,-0.9168,156,0.51,492.6079,480.1063,460.5931,1,4,2
4990206,667.16803,695.66361,2,1,14.666666666666666,12.51743,13.03951,9.60333,8.92971,9.61942,9.6346,1,2,643,1,1,3,3,3,4,1,-0.9168,156,1.11,613.2653,611.3045,621.727,1,4,2
4990220,671.9405,583.73711,1,1,15.166666666666666,12.51743,8.81989,10.35777,8.92971,11.37095,10.74331,1,2,643,1,1,3,3,3,4,1,-0.9168,156,0.64,641.6965,612.5759,583.868,1,4,2
4990209,628.46578,661.47373,1,1,14.5,14.01827,9.62932,9.60333,9.81093,10.54867,10.15325,1,1,643,1,1,3,3,3,4,1,-0.9168,156,0.8,553.2871,607.0157,589.7426,1,4,2
4990221,655.18327,632.82791,1,1,14.416666666666666,12.51743,11.04872,10.35777,9.81093,11.70269,12.42205,1,2,643,1,1,3,3,3,4,1,-0.9168,156,1.34,592.935,633.228,544.3305,1,4,2
4990205,574.79862,600.85529,1,1,14.5,12.51743,9.18945,8.93041,9.81093,9.16491,10.15325,2,1,643,1,1,3,3,3,4,1,-0.9168,156,1.67,555.8576,637.9144,605.0354,1,4,2
4990214,614.07115,580.68286,1,1,14.5,14.01827,9.18945,9.60333,10.35139,9.39344,9.6346,1,2,643,1,1,3,3,3,4,1,-0.9168,156,0.86,565.127,616.7858,583.495,1,4,2
4990201,542.54395,517.34372,1,1,14.333333333333334,12.51743,10.19817,11.33851,10.35139,11.07454,10.15325,1,1,643,1,1,3,3,3,4,1,-0.9168,156,1.1,499.6962,585.0133,519.1533,1,4,2
4990218,711.79249,731.91821,2,1,14.5,10.92551,11.04872,9.965,7.57539,11.37095,9.15641,1,2,643,1,1,3,3,3,4,1,-0.9168,156,0.67,653.2248,667.1199,656.3223,1,4,2
4990211,578.17956,539.58513,1,1,14.583333333333334,11.64917,8.19852,11.33851,11.01771,10.54867,10.15325,1,2,643,1,1,3,3,3,4,1,-0.9168,156,1.03,544.563,633.4663,563.9127,1,4,2
4990204,667.74312,640.95432,2,1,14.5,11.64917,10.19817,10.80246,9.34439,10.80346,9.6346,1,2,643,1,1,3,3,3,4,1,-0.9168,156,0.36,637.3345,621.409,633.5696,1,4,2
4990217,671.69055,688.4281,1,1,14.333333333333334,14.01827,13.03951,9.965,8.55351,11.07454,9.6346,1,2,643,1,1,3,3,3,4,1,-0.9168,156,0.45,589.8193,673.6584,538.4558,1,4,2
4990202,576.55183,539.86151,2,1,14.666666666666666,10.92551,13.03951,9.60333,7.88323,8.69047,9.6346,1,2,643,1,1,3,3,3,4,1,-0.9168,156,0.71,565.828,610.1016,591.7941,1,4,2
4990213,770.62487,694.86175,2,1,14.75,12.51743,10.19817,13.46507,13.70742,15.81948,12.42205,1,2,643,1,1,3,3,3,4,1,-0.9168,156,1.66,711.0999,654.2887,667.4189,1,4,2
5000218,494.18156,541.4841,1,1,14.5,11.64917,13.03951,9.965,9.81093,8.69047,14.34298,1,2,597,1,1,1,1,4,3,1,1.9226,159.25,0.19,409.1837,542.1206,476.2589,1,4,2
5000208,724.98497,661.30799,1,1,14.333333333333334,14.01827,7.6477,11.33851,8.92971,12.54869,10.15325,1,1,597,1,1,1,1,4,3,1,1.9226,159.25,0.57,641.3071,582.3921,613.9873,1,4,2
5000217,590.66042,599.17104,2,1,15,11.64917,9.62932,9.60333,8.55351,9.39344,8.27843,1,3,597,1,1,1,1,4,3,1,1.9226,159.25,0.5,631.4146,574.8962,626.4827,1,4,2
5000221,621.5573,547.44738,1,1,14.666666666666666,12.51743,13.03951,9.60333,9.34439,8.93142,10.15325,1,2,597,1,1,1,1,4,3,1,1.9226,159.25,0.93,557.8828,637.9938,667.4189,1,4,2
5000222,622.46212,618.86917,1,1,14.5,11.64917,9.62932,10.80246,9.81093,11.07454,10.74331,1,2,597,1,1,1,1,4,3,1,1.9226,159.25,0.71,520.5717,589.5409,580.4178,1,4,2
5000203,545.69227,594.50151,2,1,14.5,14.01827,9.18945,8.26761,8.92971,10.07332,8.54844,1,2,597,1,1,1,1,4,3,1,1.9226,159.25,0.63,582.0299,517.1561,568.2954,1,4,2
5000225,596.15614,603.25989,1,1,14.833333333333334,11.64917,13.03951,9.965,7.2741,10.30668,9.6346,1,1,597,1,1,1,1,4,3,1,1.9226,159.25,0.32,578.9142,520.4359,552.5364,1,4,2
5000204,620.63628,633.13768,1,2,13.75,12.51743,13.03951,12.07123,11.9425,15.81948,14.34298,1,1,597,1,1,1,1,4,3,1,1.9226,159.25,0.57,612.72,564.0436,586.3857,1,4,2
5000224,570.01877,570.12184,1,1,14.583333333333334,12.51743,8.48873,9.965,8.20673,9.16491,7.85736,1,2,597,1,1,1,1,4,3,1,1.9226,159.25,1.02,511.0687,523.0572,474.3939,1,4,2
5000211,596.52643,577.42348,2,1,14.833333333333334,12.51743,9.62932,13.46507,11.9425,15.81948,12.42205,1,2,597,1,1,1,1,4,3,1,1.9226,159.25,0.8,518.157,468.3177,554.4013,1,4,2
5000212,649.19547,579.59109,1,1,14.416666666666666,12.51743,11.04872,13.46507,11.9425,13.14698,12.42205,1,2,597,1,1,1,1,4,3,1,1.9226,159.25,0.42,565.4385,589.4615,551.7904,1,4,2
4980218,464.86303,516.54612,2,1,14.75,10.92551,10.19817,10.80246,11.9425,11.07454,9.15641,1,1,590,3,1,2,3,3,2,2,0.0872,125.6,0.54,471.8881,378.4998,514.8639,1,4,2
4980213,582.35493,594.52213,2,1,14.666666666666666,10.92551,5.81451,13.46507,13.70742,15.81948,11.44903,1,2,590,3,1,2,3,3,2,2,0.0872,125.6,0.55,554.1439,513.8681,552.6296,1,4,2
4980221,596.65604,574.81528,2,1,14.916666666666666,8.74681,13.03951,8.93041,8.55351,11.70269,8.70884,NA,2,590,3,1,2,3,3,2,2,0.0872,125.6,NA,550.2493,531.4307,554.7743,1,4,2
4980214,608.997,577.2249,2,1,14.5,9.60097,8.19852,9.26151,8.20673,10.30668,9.15641,4,1,590,3,1,2,3,3,2,2,0.0872,125.6,0.65,600.8023,492.376,593.0996,1,4,2
4980202,488.69511,480.71345,2,1,14.333333333333334,10.04151,11.04872,9.965,9.81093,8.93142,10.15325,NA,1,590,3,1,2,3,3,2,2,0.0872,125.6,0.32,427.0213,412.9033,465.7217,1,4,2
4980205,569.37541,527.1798,2,1,14.916666666666666,10.25396,10.19817,7.91186,9.81093,9.61942,9.15641,1,2,590,3,1,2,3,3,2,2,0.0872,125.6,0.12,531.8663,472.3274,486.8892,1,4,2
4980220,521.58096,552.45625,1,1,15.416666666666666,11.64917,11.04872,9.60333,11.01771,7.89169,9.6346,1,2,590,3,1,2,3,3,2,2,0.0872,125.6,0.31,484.7406,491.0465,483.439,1,4,2
4980206,553.23729,586.41536,1,1,14.666666666666666,10.92551,10.19817,12.07123,8.20673,11.70269,9.15641,1,1,590,3,1,2,3,3,2,2,0.0872,125.6,0.72,504.9151,510.1099,524.7482,1,4,2
4980209,506.04576,542.03861,1,1,15.166666666666666,9.60097,10.19817,9.26151,8.20673,7.58514,8.27843,4,2,590,3,1,2,3,3,2,2,0.0872,125.6,0.38,504.0583,586.602,598.4148,1,4,2
5020119,599.73955,617.81733,2,1,14.916666666666666,12.51743,11.04872,10.35777,8.20673,10.80346,10.15325,1,2,395,2,1,2,2,3,2,2,-0.0892,115.667,0.92,545.5756,511.4623,577.8068,1,NA,2
5020121,592.65754,529.30595,1,1,14.5,14.01827,11.04872,10.35777,11.01771,7.58514,9.6346,1,2,395,2,1,2,2,3,2,2,-0.0892,115.667,1.2,484.6627,580.7241,505.8187,1,NA,2
5020131,546.93284,498.41702,2,1,14.666666666666666,10.92551,10.19817,11.33851,11.01771,10.07332,10.74331,1,2,395,2,1,2,2,3,2,2,-0.0892,115.667,0.01,455.141,484.3566,562.7005,1,NA,2
5020102,486.05384,581.40867,2,2,14.416666666666666,11.64917,8.19852,8.93041,8.20673,9.61942,9.6346,1,1,395,2,1,2,2,3,2,2,-0.0892,115.667,0.13,502.3446,546.8281,496.7736,1,NA,2
5020122,656.57257,623.25458,1,1,13.916666666666666,11.64917,9.62932,10.80246,8.55351,13.14698,9.6346,1,3,395,2,1,2,2,3,2,2,-0.0892,115.667,0.89,555.0787,623.6168,550.9511,1,NA,2
5020128,588.86251,573.90158,2,1,14.333333333333334,11.64917,13.03951,7.51389,8.20673,11.37095,8.27843,1,2,395,2,1,2,2,3,2,2,-0.0892,115.667,0.8,601.4255,524.6944,576.9675,1,NA,2
5020113,525.92047,569.42451,1,1,14.583333333333334,11.64917,13.03951,10.35777,11.9425,9.84519,9.15641,1,2,395,2,1,2,2,3,2,2,-0.0892,115.667,0.52,519.7928,587.158,538.4558,1,NA,2
5020124,603.9862,639.38868,2,2,15.166666666666666,10.92551,6.53455,12.07123,11.01771,10.54867,10.74331,1,1,395,2,1,2,2,3,2,2,-0.0892,115.667,0.52,531.0874,500.3955,542.8385,1,NA,2
5020103,540.04593,578.74547,2,1,14.916666666666666,11.17406,8.48873,7.91186,8.20673,10.30668,7.85736,NA,1,395,2,1,2,2,3,2,2,-0.0892,115.667,0.18,456.8547,483.7952,582.5625,1,NA,2
5020118,650.89014,644.05484,2,1,14.666666666666666,12.51743,11.04872,11.33851,7.88323,11.07454,10.15325,1,2,395,2,1,2,2,3,2,2,-0.0892,115.667,0.59,580.7057,600.8792,667.4189,1,NA,2
5020126,527.23557,591.25522,2,1,15.416666666666666,10.92551,11.04872,9.965,8.92971,9.61942,10.15325,2,2,395,2,1,2,2,3,2,2,-0.0892,115.667,-0.34,550.1714,531.6713,586.0127,1,NA,2
5020101,540.86951,473.59796,2,1,15.166666666666666,12.51743,7.91394,10.35777,13.70742,15.81948,14.34298,1,3,395,2,1,2,2,3,2,2,-0.0892,115.667,0.41,348.3487,376.094,350.1865,1,NA,2
5020127,606.01606,644.79167,2,1,14.333333333333334,14.01827,7.38476,7.03246,11.9425,10.07332,7.42878,1,3,395,2,1,2,2,3,2,2,-0.0892,115.667,0.52,602.4381,614.833,617.251,1,NA,2
5020112,535.75011,610.16447,1,1,14.75,11.17406,11.04872,12.07123,11.9425,11.37095,11.44903,NA,2,395,2,1,2,2,3,2,2,-0.0892,115.667,0.04,494.01,524.4075,500.5035,1,NA,2
5020106,621.12042,624.32605,1,1,14.583333333333334,10.92551,8.48873,11.33851,8.20673,13.14698,8.27843,1,2,395,2,1,2,2,3,2,2,-0.0892,115.667,0.72,617.861,625.2054,583.2152,1,NA,2
4930113,606.96111,590.38844,1,1,14.333333333333334,14.01827,9.18945,13.46507,11.01771,15.81948,11.44903,1,1,806,1,1,2,2,2,1,1,0.2803,157.4,0.82,581.1731,596.1337,553.6554,1,4,2
4930116,657.28286,559.15319,2,1,14.083333333333334,11.64917,9.62932,10.80246,11.9425,12.54869,11.44903,1,3,806,1,1,2,2,2,1,1,0.2803,157.4,NA,507.4856,452.5193,473.4614,1,4,2
4930101,595.03344,535.31712,1,1,15.166666666666666,11.64917,11.04872,8.26761,9.81093,7.58514,9.15641,2,1,806,1,1,2,2,2,1,1,0.2803,157.4,-0.13,532.1779,572.8604,557.1988,1,4,2
4930118,549.63925,623.02021,2,1,15.083333333333334,10.92551,8.81989,7.51389,7.2741,8.17383,10.15325,3,1,806,1,1,2,2,2,1,1,0.2803,157.4,-0.88,519.7928,547.7102,587.5047,1,4,2
4930121,499.85349,531.5986,1,1,14.75,11.64917,11.04872,9.965,8.20673,7.24499,9.15641,1,1,806,1,1,2,2,2,1,1,0.2803,157.4,1.66,427.8782,494.462,495.8411,1,4,2
4930109,622.46837,607.19718,1,1,14.416666666666666,10.92551,9.18945,8.26761,6.66537,8.43911,8.27843,2,1,806,1,1,2,2,2,1,1,0.2803,157.4,-0.37,559.1291,525.2018,523.2562,1,4,2
4930126,569.62536,569.08321,1,2,14.666666666666666,14.01827,11.04872,6.36452,6.66537,6.85613,8.70884,1,1,806,1,1,2,2,2,1,1,0.2803,157.4,0.91,530.7758,486.8366,564.0992,1,4,2
4930102,579.07131,625.55356,1,1,14.75,14.01827,7.91394,9.26151,8.92971,7.89169,10.74331,1,1,806,1,1,2,2,2,1,1,0.2803,157.4,0.48,534.281,522.7394,496.7736,1,4,2
4930120,610.69636,578.37111,1,1,15,14.01827,8.48873,8.93041,9.34439,9.61942,10.15325,1,1,806,1,1,2,2,2,1,1,0.2803,157.4,0.48,528.5948,527.5053,535.0988,1,4,2
4930119,584.68022,649.01177,2,1,14.833333333333334,10.25396,9.62932,12.07123,8.20673,9.84519,9.6346,2,3,806,1,1,2,2,2,1,1,0.2803,157.4,-0.05,561.7775,504.325,543.1182,1,4,2
4930122,646.74762,610.1385,1,1,14.75,14.01827,11.04872,10.35777,8.55351,10.54867,9.6346,1,1,806,1,1,2,2,2,1,1,0.2803,157.4,0.14,575.4868,525.2018,585.7329,1,4,2
4930107,684.34873,626.33272,2,1,15,10.04151,10.19817,9.60333,10.35139,10.54867,9.6346,NA,2,806,1,1,2,2,2,1,1,0.2803,157.4,-0.76,611.9411,497.9094,577.0608,1,4,2
4970121,545.01214,515.61081,2,3,14.75,10.92551,9.62932,7.51389,6.97345,6.39359,7.85736,1,1,500,1,1,3,3,4,4,2,-1.5162,168,0.37,367.121,436.4804,411.9172,4,4,2
4970119,591.80703,573.34511,2,2,15,10.04151,8.48873,8.93041,8.20673,8.43911,8.27843,NA,2,500,1,1,3,3,4,4,2,-1.5162,168,0.12,436.3686,427.3383,439.6121,4,4,2
4970101,613.21852,633.87713,2,1,14.75,14.01827,11.04872,11.33851,11.9425,11.70269,9.6346,1,1,500,1,1,3,3,4,4,2,-1.5162,168,0.8,460.5157,443.4574,477.9373,4,4,2
4970110,668.14369,640.31842,1,1,15.083333333333334,11.64917,13.03951,10.35777,10.35139,11.70269,10.15325,1,3,500,1,1,3,3,4,4,2,-1.5162,168,0.26,348.3487,451.331,429.6345,4,4,2
4970114,587.03701,579.3625,1,2,15.166666666666666,12.51743,9.18945,8.60159,7.2741,8.43911,8.27843,1,2,500,1,1,3,3,4,4,2,-1.5162,168,0.26,427.0213,494.2237,447.1652,4,4,2
4970120,580.14551,648.31848,2,1,14.75,12.21628,9.18945,10.35777,8.20673,9.16491,10.15325,NA,2,500,1,1,3,3,4,4,2,-1.5162,168,0,477.1849,511.5425,534.1664,4,4,2
4970104,590.64489,580.61019,1,2,15.333333333333334,10.25396,9.18945,9.965,7.88323,10.07332,8.27843,1,2,500,1,1,3,3,4,4,2,-1.5162,168,0.43,496.5026,476.59,538.6423,4,4,2
4970103,585.50537,635.53595,1,1,14.666666666666666,11.17406,9.18945,12.07123,11.01771,11.07454,11.44903,NA,3,500,1,1,3,3,4,4,2,-1.5162,168,0.19,507.4856,564.3613,577.9,4,4,2
4970102,602.48774,641.79808,1,1,14.583333333333334,13.71571,10.19817,11.33851,13.70742,13.14698,10.74331,NA,3,500,1,1,3,3,4,4,2,-1.5162,168,NA,539.7336,577.5468,595.6173,4,4,2
4970106,548.44873,622.04824,1,1,14.833333333333334,14.01827,11.04872,13.46507,11.01771,11.07454,10.15325,1,2,500,1,1,3,3,4,4,2,-1.5162,168,0.56,451.1684,465.5491,484.3715,4,4,2
4970111,603.24362,627.0785,1,1,14.25,12.51743,6.19658,5.03748,8.55351,3.17837,7.42878,1,3,500,1,1,3,3,4,4,2,-1.5162,168,0.37,494.8668,476.7489,499.2913,4,4,2
4910301,615.79431,582.36798,2,1,14.666666666666666,12.51743,13.03951,13.46507,13.70742,11.70269,12.42205,1,3,1938,1,1,2,2,1,2,1,-0.256,98.7,0.45,624.9494,600.8792,633.8493,4,3,2
4910319,706.36425,710.2432,2,2,14.833333333333334,12.51743,7.6477,9.965,11.9425,10.07332,9.6346,1,2,1938,1,1,2,2,1,2,1,-0.256,98.7,0.37,661.6373,664.5536,618.1835,4,3,2
4910327,629.28859,602.4182,2,1,14.25,12.51743,9.62932,10.35777,13.70742,10.07332,10.15325,1,1,1938,1,1,2,2,1,2,1,-0.256,98.7,0.94,602.5939,537.2048,541.6263,4,4,2
4910303,627.99739,686.26332,2,1,14.5,12.51743,7.6477,12.07123,7.88323,11.37095,11.44903,1,2,1938,1,1,2,2,1,2,1,-0.256,98.7,0.41,649.0185,684.8428,691.6636,4,3,2
4910326,628.71919,658.65549,1,1,14.416666666666666,12.51743,9.62932,9.26151,9.81093,8.69047,9.6346,1,1,1938,1,1,2,2,1,2,1,-0.256,98.7,0.66,523.6096,605.3477,594.4051,4,4,2
4910330,602.65221,616.94357,2,1,14.916666666666666,14.01827,9.18945,8.60159,6.33324,10.30668,8.27843,1,2,1938,1,1,2,2,1,2,1,-0.256,98.7,0.31,576.5773,566.155,611.4696,4,4,2
4910318,616.09677,576.13302,1,1,15,14.01827,10.19817,10.80246,11.77066,11.37095,10.74331,1,2,1938,1,1,2,2,1,2,1,-0.256,98.7,0.89,522.1296,580.0092,517.0086,4,3,2
4910323,596.00653,587.56518,1,2,15.166666666666666,12.51743,8.48873,8.93041,6.66537,10.30668,7.85736,1,1,1938,1,1,2,2,1,2,1,-0.256,98.7,0.64,537.0852,608.8427,574.1701,4,4,2
4910331,615.90738,629.39592,2,1,15.083333333333334,14.01827,9.18945,10.35777,10.35139,10.54867,9.6346,1,2,1938,1,1,2,2,1,2,1,-0.256,98.7,1.14,533.0347,570.9666,544.9832,4,4,2
4910309,624.52114,639.36282,1,1,14.333333333333334,12.51743,13.03951,10.35777,7.88323,9.39344,11.44903,1,2,1938,1,1,2,2,1,2,1,-0.256,98.7,0.89,563.5691,565.1556,557.3853,4,3,2
4910324,580.53502,624.13969,1,1,14.75,12.51743,10.19817,9.60333,6.97345,10.07332,7.85736,1,2,1938,1,1,2,2,1,2,1,-0.256,98.7,0.92,544.7967,576.6731,570.3469,4,4,2
4910325,525.12202,513.49841,2,1,14.583333333333334,12.51743,13.03951,11.33851,9.81093,9.39344,9.15641,1,1,1938,1,1,2,2,1,2,1,-0.256,98.7,0.72,673.2435,523.6519,575.3823,4,4,2
4910306,600.88169,543.84069,1,2,15,11.64917,9.62932,10.80246,8.92971,10.07332,9.6346,1,2,1938,1,1,2,2,1,2,1,-0.256,98.7,0.67,574.1626,619.963,511.6934,4,4,2
4910316,626.4138,600.5548,2,1,14.75,14.01827,10.19817,9.965,11.01771,9.39344,11.44903,1,2,1938,1,1,2,2,1,2,1,-0.256,98.7,1.35,610.539,608.6581,578.273,4,3,2
4910315,596.49134,576.37503,1,1,14.666666666666666,10.92551,13.03951,11.33851,10.35139,9.39344,10.74331,1,2,1938,1,1,2,2,1,2,1,-0.256,98.7,0.52,599.2444,602.4882,537.8031,4,4,2
4910320,610.16696,529.61735,1,1,14.916666666666666,11.64917,9.62932,9.26151,6.97345,7.24499,12.42205,2,2,1938,1,1,2,2,1,2,1,-0.256,98.7,1.1,541.4473,654.1183,566.7102,4,3,2
4910307,523.54903,564.92126,1,1,14.833333333333334,14.01827,11.04872,9.60333,9.81093,10.80346,10.74331,1,1,1938,1,1,2,2,1,2,1,-0.256,98.7,1.1,520.4938,485.48630000000003,484.4648,4,4,2
4910312,649.12922,582.45712,1,1,14.083333333333334,11.64917,11.04872,11.33851,7.88323,10.54867,10.15325,1,3,1938,1,1,2,2,1,2,1,-0.256,98.7,0.33,585.1457,643.4746,609.3249,4,3,2
4910314,703.97003,607.21289,1,1,15,12.51743,10.19817,11.33851,10.35139,11.07454,11.44903,1,2,1938,1,1,2,2,1,2,1,-0.256,98.7,0.72,605.7096,625.9997,635.8075,4,3,2
4910328,615.49129,547.55845,1,1,14.333333333333334,10.92551,7.91394,11.33851,11.9425,10.80346,10.74331,1,2,1938,1,1,2,2,1,2,1,-0.256,98.7,0.64,551.7292,635.0549,558.3178,4,3,2
4910321,634.75548,637.43689,2,1,14.583333333333334,12.51743,9.18945,9.965,9.81093,10.30668,10.74331,1,3,1938,1,1,2,2,1,2,1,-0.256,98.7,0.61,629.5451,651.9631,596.3633,4,3,2
4940208,478.13194,603.26458,2,1,15.083333333333334,10.92551,11.04872,9.965,8.55351,11.37095,10.15325,1,2,832,2,1,2,4,3,4,2,-0.0892,139,0.65,485.7532,546.0261,540.6938,4,3,2
4940201,504.16785,519.3816,2,1,14.666666666666666,11.64917,10.19817,9.965,10.35139,9.84519,8.06121,1,2,832,2,1,2,4,3,4,2,-0.0892,139,0.13,439.017,431.348,486.6095,4,3,2
4940212,639.9559,592.18049,2,1,15,14.01827,10.19817,5.03748,6.33324,10.54867,6.47491,1,3,832,2,1,2,4,3,4,2,-0.0892,139,0.23,629.623,594.223,557.1056,4,3,2
3580218,573.38374,575.17894,1,1,15.25,10.92551,10.19817,8.26761,7.88323,8.43911,7.85736,2,2,594,1,1,1,1,2,3,3,0.0872,147.75,0.12,460.2041,505.344,512.0664,1,4,2
3580207,666.13941,624.13685,1,1,14.25,11.64917,8.81989,10.80246,11.01771,14.02271,10.74331,1,2,594,1,1,1,1,2,3,3,0.0872,147.75,0.89,600.8802,638.5498,607.9261,1,4,2
3580226,503.69667,518.14995,1,3,14.5,10.92551,11.04872,10.80246,11.01771,10.07332,10.15325,1,2,594,1,1,1,1,2,3,3,0.0872,147.75,0.62,506.473,463.1662,525.401,1,4,2
3580203,704.88758,649.49634,1,2,15.166666666666666,10.25396,10.19817,11.33851,10.35139,11.70269,10.74331,2,2,594,1,1,1,1,2,3,3,0.0872,147.75,-0.5,634.2966,631.0833,561.1153,1,4,2
3580209,535.31904,560.10169,1,2,15.333333333333334,10.25396,13.03951,13.46507,9.81093,11.37095,11.44903,2,2,594,1,1,1,1,2,3,3,0.0872,147.75,-0.17,560.2197,614.1645,554.4013,1,4,2
3580222,568.49037,564.36501,1,1,15.583333333333334,11.64917,11.04872,12.07123,9.34439,11.07454,10.74331,2,2,594,1,1,1,1,2,3,3,0.0872,147.75,0.45,556.8702,632.3542,558.3178,1,4,2
3580217,686.27155,574.67365,2,3,15.166666666666666,8.91919,8.48873,10.35777,9.81093,11.37095,9.15641,4,2,594,1,1,1,1,2,3,3,0.0872,147.75,-1.08,602.3602,619.3239,545.263,1,4,2
3580216,589.15358,546.44289,2,1,14.75,11.64917,9.62932,10.80246,11.01771,10.07332,11.44903,1,2,594,1,1,1,1,2,3,3,0.0872,147.75,0.24,556.6365,503.5231,493.1369,1,4,2
3560301,520.28932,519.8175,1,1,15.333333333333334,12.21628,11.04872,9.60333,7.88323,7.24499,8.70884,NA,2,756,3,1,2,3,3,3,2,1.1595,145.091,0.14,482.4038,572.8604,528.7579,1,4,2
3560311,542.79736,552.22122,1,1,14.583333333333334,7.30445,13.03951,9.26151,9.34439,8.17383,9.15641,NA,2,756,3,1,2,3,3,3,2,1.1595,145.091,0.37,476.6397,541.0086,510.7609,1,4,2
3560304,582.08699,500.48381,2,1,15.083333333333334,10.92551,10.19817,10.35777,8.20673,11.07454,7.85736,2,1,756,3,1,2,3,3,3,2,1.1595,145.091,0.2,585.2236,631.3531,582.5625,1,4,2
3560310,581.47916,638.5147,1,1,15.25,11.17406,11.04872,10.04243,9.81093,9.16491,8.27843,NA,2,756,3,1,2,3,3,3,2,1.1595,145.091,0.39,479.2102,544.2652,493.7896,1,4,2
3560313,549.81601,532.78333,2,1,14.333333333333334,10.25396,7.38476,13.46507,13.70742,10.54867,10.39525,2,1,756,3,1,2,3,3,3,2,1.1595,145.091,-0.13,550.2493,543.5401,578.7393,1,4,2
3560318,561.67664,621.72156,2,1,14.833333333333334,10.92551,7.6477,7.51389,7.88323,8.69047,6.47491,1,3,756,3,1,2,3,3,3,2,1.1595,145.091,0.5,494.0879,527.1002,578.8325,1,4,2
4770106,587.45411,568.31954,2,1,14.75,9.60097,13.03951,10.80246,11.9425,10.07332,9.15641,3,2,638,2,5,1,4,2,3,3,-0.256,167.5,-0.53,549.3924,452.2788,557.6651,1,4,2
4770117,643.76288,614.2603,2,1,15.166666666666666,8.91919,8.19852,9.60333,8.92971,10.07332,8.70884,3,2,638,2,5,1,4,2,3,3,-0.256,167.5,-0.52,539.422,455.7271,522.8833,1,4,2
4770103,551.24017,625.57592,2,1,15.083333333333334,10.25396,13.03951,9.965,8.92971,9.39344,9.15641,1,2,638,2,5,1,4,2,3,3,-0.256,167.5,0.54,606.7222,516.3542,636.6468,1,4,2
4770110,690.06133,669.03199,2,1,15.083333333333334,10.04151,11.04872,10.80246,10.35139,8.93142,8.70884,NA,2,638,2,5,1,4,2,3,3,-0.256,167.5,-0.63,520.9612,466.7138,502.7415,1,4,2
4770122,628.30276,582.17496,1,1,14.25,7.30445,10.19817,8.60159,7.2741,8.93142,9.15641,NA,2,638,2,5,1,4,2,3,3,-0.256,167.5,-1.09,475.627,497.3215,448.3775,1,4,2
4770118,613.3907,698.4489,2,1,15.166666666666666,7.30445,13.03951,7.91186,10.35139,6.85613,7.42878,NA,2,638,2,5,1,4,2,3,3,-0.256,167.5,-0.55,577.5121,557.1732,575.9418,1,4,2
4770108,612.92421,594.77188,2,1,14.416666666666666,8.91919,11.04872,9.965,11.01771,10.07332,9.15641,4,2,638,2,5,1,4,2,3,3,-0.256,167.5,-0.41,514.5739,421.7247,486.6095,1,4,2
4770113,626.35525,731.45754,2,1,14.25,10.92551,9.62932,8.93041,8.20673,9.61942,8.70884,2,2,638,2,5,1,4,2,3,3,-0.256,167.5,-0.41,583.7436,485.7199,569.6941,1,4,2
4280122,570.82638,557.77947,1,1,14.25,10.84191,13.03951,11.33851,8.55351,12.08627,10.15325,1,1,311,1,1,1,NA,2,2,3,0.7756,189,0.25,548.0682,552.9232,554.6811,1,5,2
4280115,530.91104,588.17413,1,1,15.25,11.64917,13.03951,12.07123,7.88323,11.07454,9.15641,1,2,311,1,1,1,NA,2,2,3,0.7756,189,-0.26,530.62,529.1733,556.2663,1,5,2
4280120,572.32138,508.48387,1,2,14.666666666666666,14.01827,13.03951,9.965,9.81093,14.02271,9.6346,1,3,311,1,1,1,NA,2,2,3,0.7756,189,0.76,603.1391,642.7597,566.0574,1,5,2
4280112,519.04383,539.68715,1,1,14.166666666666666,10.92551,10.19817,12.07123,8.55351,13.14698,10.74331,1,2,311,1,1,1,NA,2,2,3,0.7756,189,0.57,414.6362,431.4732,454.5319,1,5,2
4280121,557.91971,550.75455,2,1,15,10.25396,8.48873,13.46507,10.35139,15.81948,14.34298,2,1,311,1,1,1,NA,2,2,3,0.7756,189,-0.2,493.231,461.02,489.9664,1,5,2
4280125,529.88678,558.46993,1,1,15.083333333333334,10.25396,10.30524,9.965,9.81093,10.07332,9.6346,2,3,311,1,1,1,NA,2,2,3,0.7756,189,-0.09,462.0735,532.3506,489.3137,1,5,2
4280114,603.19893,633.57282,2,1,15.333333333333334,11.64917,9.62932,11.33851,10.35139,11.70269,9.6346,1,1,311,1,1,1,NA,2,2,3,0.7756,189,-0.23,585.8467,535.9216,493.9761,1,5,2
4280124,435.93098,569.12075,2,1,14.916666666666666,8.91919,11.04872,9.60333,10.35139,8.43911,9.6346,3,1,311,1,1,1,NA,2,2,3,0.7756,189,0.19,585.613,584.5997,594.1253,1,5,2
4280113,461.92555,500.79172,1,1,14.833333333333334,11.64917,8.81989,9.60333,10.35139,8.93142,8.27843,2,1,311,1,1,1,NA,2,2,3,0.7756,189,-0.12,505.0709,570.2392,538.922,1,5,2
4280102,415.83638,589.59258,2,1,14.416666666666666,10.92551,10.19817,10.80246,7.88323,10.54867,8.27843,2,1,311,1,1,1,NA,2,2,3,0.7756,189,0.13,497.671,446.585,517.2883,1,5,2
4260119,528.89124,492.60115,1,1,15.166666666666666,10.25396,11.04872,13.46507,11.9425,15.81948,12.42205,2,2,298,3,5,1,3,3,3,2,-0.5803,55.273,-0.23,377.3251,356.5698,348.6945,1,3,2
4260102,646.03431,617.62442,2,1,14.25,11.64917,10.19817,9.965,10.35139,12.08627,9.6346,1,2,298,3,5,1,3,3,3,2,-0.5803,55.273,-0.04,508.4982,484.3566,485.9567,1,3,2
4260120,540.89007,546.09865,2,1,14.666666666666666,10.92551,13.03951,8.93041,9.34439,11.70269,9.6346,1,3,298,3,5,1,3,3,3,2,-0.5803,55.273,0.14,507.953,449.3116,497.7061,1,3,2
4260122,550.81838,597.1252,2,1,15,9.60097,11.04872,8.93041,8.20673,11.70269,8.70884,2,3,298,3,5,1,3,3,3,2,-0.5803,55.273,NA,525.9464,397.7465,398.6759,1,3,2
4260109,409.84478,519.66376,1,1,14.75,10.25396,9.18945,9.60333,7.88323,6.39359,8.70884,2,1,298,3,5,1,3,3,3,2,-0.5803,55.273,-0.49,372.262,374.9977,377.4151,1,3,2
4260118,449.55364,517.06778,2,1,14.916666666666666,11.64917,8.19852,10.35777,11.01771,9.61942,8.27843,1,1,298,3,5,1,3,3,3,2,-0.5803,55.273,0.57,428.6571,368.0745,416.2999,1,3,2
4260101,494.38559,467.67255,1,1,15.166666666666666,10.04151,10.19817,7.91186,10.35139,7.24499,8.70884,NA,2,298,3,5,1,3,3,3,2,-0.5803,55.273,-1.04,427.0992,440.4489,403.5248,1,3,2
4260115,354.1148,483.16901,2,1,15.166666666666666,8.19314,12.28788,NA,NA,NA,NA,4,2,298,3,5,1,3,3,3,2,-0.5803,55.273,-0.89,404.51,328.2179,424.0395,1,3,2
4260103,453.79582,436.39988,1,1,14.666666666666666,8.91919,8.81989,13.46507,11.9425,13.14698,11.44903,3,1,298,3,5,1,3,3,3,2,-0.5803,55.273,-0.55,420.7898,381.4317,443.6218,1,3,2
4260117,487.7389,494.89304,1,1,15,9.60097,13.03951,9.26151,10.35139,10.54867,8.70884,3,1,298,3,5,1,3,3,3,2,-0.5803,55.273,-1.42,479.9891,359.191,388.605,1,3,2
4260112,589.46543,602.96409,1,1,15.083333333333334,10.92551,10.19817,11.33851,10.35139,13.14698,9.15641,2,2,298,3,5,1,3,3,3,2,-0.5803,55.273,-0.12,537.7084,498.1952,546.4752,1,3,2
4260107,504.0559,495.77455,1,1,14.5,8.19314,8.19852,11.33851,9.81093,10.30668,9.6346,4,3,298,3,5,1,3,3,3,2,-0.5803,55.273,-1.22,521.2728,510.9042,479.8023,1,3,2
4250311,430.09514,434.47668,1,1,14.666666666666666,14.01827,9.62932,13.46507,11.01771,4.94405,3.26515,1,1,647,3,5,1,2,3,3,2,-1.5162,184,-0.62,520.9612,460.8627,535.3786,1,3,2
4250315,368.14584,470.20743,2,1,14.166666666666666,10.92551,8.81989,7.03246,8.92971,8.69047,7.85736,1,NA,647,3,5,1,2,3,3,2,-1.5162,184,0.57,507.953,438.0843,508.8959,1,3,2
4250308,479.54805,459.7767,1,1,14.666666666666666,11.64917,11.04872,8.93041,8.55351,7.89169,5.86845,1,3,647,3,5,1,2,3,3,2,-1.5162,184,0.6,463.6314,411.536,470.3842,1,3,2
4250306,526.20025,512.75187,2,1,14.666666666666666,10.92551,7.38476,11.33851,8.92971,8.93142,8.70884,1,1,647,3,5,1,2,3,3,2,-1.5162,184,-0.44,500.3973,399.19,536.7773,1,3,2
4250304,443.82607,408.58342,1,1,14.416666666666666,10.04151,13.03951,12.07123,11.01771,8.93142,5.01998,NA,1,647,3,5,1,2,3,3,2,-1.5162,184,-0.31,543.6283,449.6629,518.2208,1,3,2
4250305,524.0153,547.61344,1,1,15,10.92551,6.83195,12.07123,13.70742,11.07454,10.74331,1,2,647,3,5,1,2,3,3,2,-1.5162,184,0.28,484.8964,506.3766,487.4487,1,3,2
4250317,546.05149,554.96341,1,1,15.25,8.19314,9.18945,9.60333,10.35139,8.93142,7.85736,2,2,647,3,5,1,2,3,3,2,-1.5162,184,-0.61,557.6492,479.8467,512.6259,1,3,2
4270308,696.73785,651.62368,2,1,14.333333333333334,12.51743,11.04872,13.46507,11.01771,14.02271,12.42205,1,3,618,1,4,3,2,2,1,1,-0.9168,170,0.78,662.8057,592.539,591.8874,2,5,2
4270304,672.10699,587.76158,1,1,15.083333333333334,11.64917,13.03951,8.60159,7.88323,11.70269,9.6346,1,2,618,1,4,3,2,2,1,1,-0.9168,170,0.4,607.8127,527.5847,540.3208,2,5,2
4270301,636.80657,586.36353,1,1,14.333333333333334,10.92551,10.19817,7.51389,9.81093,11.37095,8.27843,2,1,618,1,4,3,2,2,1,1,-0.9168,170,0.13,547.8346,563.567,572.3051,2,5,2
4270309,494.20692,506.89935,1,1,14.333333333333334,11.64917,10.19817,7.91186,9.34439,7.58514,5.01998,1,1,618,1,4,3,2,2,1,1,-0.9168,170,1.17,438.1601,473.0156,404.4573,2,5,2
4270310,587.37009,607.52615,2,1,13.833333333333334,14.01827,10.19817,9.965,10.35139,11.07454,9.6346,1,3,618,1,4,3,2,2,1,1,-0.9168,170,0.41,661.6373,628.5463,679.448,2,5,2
4300120,667.57429,685.55421,2,1,14.333333333333334,11.64917,9.62932,13.46507,11.01771,13.14698,11.44903,1,3,613,3,4,1,4,4,2,1,1.9226,244,0.38,613.1095,566.3956,601.2122,1,4,2
4300115,591.17205,566.49672,1,1,14.75,11.64917,13.03951,10.35777,9.34439,13.14698,10.15325,1,2,613,3,4,1,4,4,2,1,1.9226,244,0.3,537.7084,545.2978,538.7355,1,4,2
4300110,565.30764,558.03065,1,1,13.666666666666666,10.92551,10.19817,9.60333,9.81093,12.08627,8.27843,1,1,613,3,4,1,4,4,2,1,1.9226,244,0.59,581.4847,597.7223,623.5919,1,4,2
4300119,510.30861,549.08034,2,1,14.5,9.60097,8.81989,9.965,13.70742,9.16491,5.01998,3,1,613,3,4,1,4,4,2,1,1.9226,244,0.47,510.5234,472.8888,520.2723,1,4,2
4300106,669.65879,565.08395,1,1,14.25,10.92551,10.19817,11.33851,7.57539,12.54869,10.15325,2,1,613,3,4,1,4,4,2,1,1.9226,244,-0.14,513.4055,518.2913,497.7061,1,4,2
4300112,595.81871,641.4546,1,1,15,10.92551,10.30524,10.80246,9.81093,9.84519,10.74331,3,2,613,3,4,1,4,4,2,1,1.9226,244,0.26,548.6135,553.0026,633.1966,1,4,2
4300116,548.04347,620.33453,1,1,14.416666666666666,12.51743,10.19817,8.60159,6.33324,9.39344,9.15641,1,2,613,3,4,1,4,4,2,1,1.9226,244,0.86,519.4033,538.7051,545.636,1,4,2
4310420,577.72537,521.62657,1,1,15,12.51743,11.04872,10.35777,11.01771,10.30668,10.15325,1,1,1109,2,2,1,1,1,2,1,0.2803,159.714,0.59,573.4616,456.0968,547.1279,2,5,2
4310222,758.41363,685.04247,2,1,14.5,14.01827,7.6477,10.80246,10.35139,15.81948,11.44903,1,2,1109,2,2,1,1,1,2,1,0.2803,159.714,0.78,698.9484,644.1842,674.8788,2,4,2
4310213,665.65695,676.26652,2,1,14.916666666666666,12.51743,8.19852,13.27484,11.9425,15.81948,10.15325,1,2,1109,2,2,1,1,1,2,1,0.2803,159.714,0.4,568.1648,549.0735,549.1794,2,4,2
4310404,601.4789,593.42916,1,1,14.666666666666666,12.51743,13.03951,13.46507,10.35139,15.81948,14.34298,1,2,1109,2,2,1,1,1,2,1,0.2803,159.714,0.66,643.0986,664.9209,617.1578,2,5,2
4310204,714.41912,628.4664,2,2,15.083333333333334,10.25396,11.04872,10.35777,10.35139,12.54869,9.15641,1,2,1109,2,2,1,1,1,2,1,0.2803,159.714,1.06,614.9011,608.4977,624.4312,2,4,2
4310219,759.31476,684.45436,1,1,14.75,12.51743,8.48873,13.46507,13.70742,15.81948,10.74331,1,1,1109,2,2,1,1,1,2,1,0.2803,159.714,0.8,633.5177,650.7028,607.0869,2,4,2
4310216,621.87652,629.81251,1,1,14.25,14.01827,9.62932,12.07123,8.92971,9.84519,10.15325,1,1,1109,2,2,1,1,1,2,1,0.2803,159.714,1.14,616.0695,661.7437,600.2797,2,4,2
4310229,652.74256,609.16195,2,1,14.916666666666666,12.21628,9.18945,9.965,9.81093,10.80346,10.15325,NA,2,1109,2,2,1,1,1,2,1,0.2803,159.714,NA,640.4502,571.7686,575.8486,2,4,2
4310202,642.26643,632.39147,2,1,14.083333333333334,12.51743,11.04872,9.965,8.55351,9.61942,9.6346,1,1,1109,2,2,1,1,1,2,1,0.2803,159.714,1.08,638.6587,600.5584,619.862,2,4,2
4310205,792.57044,767.29522,2,2,13.666666666666666,12.51743,8.81989,11.33851,11.01771,12.54869,10.74331,1,2,1109,2,2,1,1,1,2,1,0.2803,159.714,1,703.6221,711.307,688.2134,2,4,2
4310220,726.33058,701.07456,1,1,15,11.64917,13.03951,10.80246,9.34439,11.70269,9.6346,1,1,1109,2,2,1,1,1,2,1,0.2803,159.714,0.53,669.2709,631.5599,637.2995,2,4,2
4310207,609.18002,588.51739,1,1,14.5,12.51743,10.19817,9.965,8.92971,10.54867,9.6346,1,1,1109,2,2,1,1,1,2,1,0.2803,159.714,0.99,505.694,565.6322,494.6289,2,4,2
4310214,712.85988,758.76368,2,1,15.333333333333334,14.01827,7.38476,11.71158,13.70742,13.14698,9.6346,1,2,1109,2,2,1,1,1,2,1,0.2803,159.714,0.88,699.5716,669.0445,678.6087,2,4,2
4310221,616.49253,610.45896,1,2,14.083333333333334,11.64917,8.81989,11.33851,10.35139,10.30668,8.70884,1,2,1109,2,2,1,1,1,2,1,0.2803,159.714,0.76,590.1309,569.6037,559.3435,2,4,2
4310415,630.01005,574.13911,2,1,14.333333333333334,12.51743,13.03951,13.46507,10.35139,13.14698,14.34298,1,2,1109,2,2,1,1,1,2,1,0.2803,159.714,0.94,608.5917,563.7491,512.9056,2,5,2
4310226,670.62082,688.34463,2,2,14.666666666666666,14.01827,7.6477,11.33851,9.81093,10.30668,11.44903,1,2,1109,2,2,1,1,1,2,1,0.2803,159.714,0.73,606.2549,570.9666,554.3081,2,4,2
4310215,598.75272,585.71454,1,1,14.916666666666666,11.64917,9.62932,12.07123,11.9425,11.37095,12.42205,1,1,1109,2,2,1,1,1,2,1,0.2803,159.714,0.57,510.3677,535.5278,490.9922,2,4,2
4310218,674.62501,711.98768,2,1,14.916666666666666,12.51743,13.03951,10.35777,11.9425,11.37095,12.42205,1,2,1109,2,2,1,1,1,2,1,0.2803,159.714,NA,674.8793,622.1307,688.7728,2,4,2
4310211,773.85486,671.8307,2,1,14.75,14.01827,7.6477,12.07123,10.35139,10.80346,10.15325,1,2,1109,2,2,1,1,1,2,1,0.2803,159.714,NA,642.0081,649.5573,673.0138,2,4,2
4310411,642.37928,586.20761,2,1,14.666666666666666,14.01827,9.62932,10.80246,11.01771,15.81948,9.15641,1,3,1109,2,2,1,1,1,2,1,0.2803,159.714,0.97,572.6827,554.9277,601.9582,2,5,2
4310212,664.55604,556.64493,2,1,14.666666666666666,12.51743,10.19817,10.80246,8.20673,9.16506,9.6346,1,2,1109,2,2,1,1,1,2,1,0.2803,159.714,0.95,598.4655,528.4636,582.2827,2,4,2
4310421,592.66078,512.93071,2,1,14.833333333333334,14.01827,8.81989,11.33851,13.70742,10.07332,11.44903,1,NA,1109,2,2,1,1,1,2,1,0.2803,159.714,0.51,467.604,471.5254,464.7893,2,5,2
4310217,732.91425,708.81995,2,1,15.083333333333334,14.01827,8.81989,12.07123,9.81093,10.80346,10.74331,1,1,1109,2,2,1,1,1,2,1,0.2803,159.714,1.32,604.8528,663.4309,631.9843,2,4,2
4310412,540.23531,601.41623,1,1,14.416666666666666,14.01827,11.04872,9.965,11.01771,9.39344,11.44903,1,1,1109,2,2,1,1,1,2,1,0.2803,159.714,0.76,493.7763,531.4768,476.2589,2,5,2
4310203,612.44722,694.9222,2,1,15.166666666666666,14.01827,8.81989,10.35777,8.20673,11.07454,11.44903,1,1,1109,2,2,1,1,1,2,1,0.2803,159.714,1.95,439.718,491.8147,450.1492,2,4,2
4310416,680.59884,604.25073,1,1,15.166666666666666,14.01827,11.04872,12.07123,8.92971,13.14698,10.74331,1,2,1109,2,2,1,1,1,2,1,0.2803,159.714,0.25,661.4815,633.9429,572.0254,2,5,2
4310419,486.65955,550.25242,1,1,15.25,14.01827,9.62932,10.35777,8.55351,9.16491,10.74331,1,1,1109,2,2,1,1,1,2,1,0.2803,159.714,1.27,457.0883,497.4009,488.7542,2,5,2
4310407,599.30647,556.71706,1,1,14.666666666666666,12.51743,9.62932,12.07123,8.92971,11.70269,9.15641,1,1,1109,2,2,1,1,1,2,1,0.2803,159.714,0.57,638.8924,640.3768,624.5244,2,5,2
4310418,549.64149,615.02539,2,2,14.833333333333334,10.92551,11.04872,7.03246,11.01771,5.80254,7.85736,1,2,1109,2,2,1,1,1,2,1,0.2803,159.714,-0.1,575.0974,496.6263,562.0477,2,5,2
4310409,622.05775,622.58932,1,1,14.75,12.51743,9.62932,8.93041,7.2741,9.16491,8.70884,2,2,1109,2,2,1,1,1,2,1,0.2803,159.714,0.64,600.1013,591.6856,636.8333,2,5,2
4310414,531.86837,566.21227,1,1,14.333333333333334,14.01827,11.04872,11.33851,9.34439,12.54869,11.44903,1,2,1109,2,2,1,1,1,2,1,0.2803,159.714,1.18,493.3868,509.1567,451.9209,2,5,2
4310408,543.41335,523.24862,1,1,15.416666666666666,11.64917,9.62932,10.80246,11.9425,9.16491,12.42205,2,1,1109,2,2,1,1,1,2,1,0.2803,159.714,0.11,547.0556,429.0903,500.2238,2,5,2
4310424,599.32948,567.80006,1,2,14.833333333333334,14.01827,13.03951,10.80246,11.01771,8.69047,10.74331,1,2,1109,2,2,1,1,1,2,1,0.2803,159.714,1.41,525.9464,471.983,513.3719,2,5,2
4310423,582.23404,603.18198,1,2,15.416666666666666,10.92551,13.03951,7.91186,6.66537,9.16491,8.27843,1,1,1109,2,2,1,1,1,2,1,0.2803,159.714,0.78,493.1531,484.136,443.6218,2,5,2
4310413,610.05143,591.42063,2,1,14.083333333333334,10.25396,9.62932,12.07123,9.34439,10.30668,10.15325,3,2,1109,2,2,1,1,1,2,1,0.2803,159.714,0.15,516.0539,470.9641,542.4655,2,5,2
4310417,596.63782,624.49299,2,1,14.333333333333334,14.01827,13.03951,8.93041,11.9425,8.69047,9.15641,1,2,1109,2,2,1,1,1,2,1,0.2803,159.714,1.08,562.868,559.6592,555.6136,2,5,2
4310403,597.86812,529.86602,1,1,14.333333333333334,11.17406,9.18945,9.965,7.88323,8.93142,9.6346,NA,2,1109,2,2,1,1,1,2,1,0.2803,159.714,-0.06,550.0935,601.3761,557.1056,2,5,2
4290114,629.51027,538.85681,2,1,14.25,10.04151,9.62932,10.80246,8.20673,10.80346,9.15641,NA,2,285,4,6,1,4,2,3,3,0.0872,88,-0.61,584.912,546.0261,511.6934,1,3,2
4290109,521.43314,594.02174,2,1,14.666666666666666,10.92551,10.19817,8.60159,8.20673,9.938,8.70884,1,2,285,4,6,1,4,2,3,3,0.0872,88,0.7,455.842,473.1293,467.8665,1,3,2
4290101,567.8688,591.26133,1,1,14.833333333333334,11.64917,10.19817,10.35777,8.92971,10.80346,10.15325,2,2,285,4,6,1,4,2,3,3,0.0872,88,0.55,490.349,570.7158,585.3599,1,3,2
4290108,596.1148,615.54236,2,1,14.75,10.25396,13.03951,9.965,9.81093,10.07332,9.15641,1,3,285,4,6,1,4,2,3,3,0.0872,88,0.33,598.076,510.8208,538.1761,1,3,2
3860515,585.96314,605.52243,2,1,14.833333333333334,11.64917,9.62932,8.60159,8.92971,11.70269,8.27843,1,2,1340,3,2,1,4,2,3,2,-0.256,140.9,0.15,556.7923,500.3955,530.7162,1,6,2
3840201,621.5268,626.69028,2,1,14.333333333333334,8.91919,10.19817,11.33851,11.9425,11.07454,8.70884,3,2,631,1,5,1,3,4,1,2,-0.5803,160.5,-0.24,497.2036,471.766,422.1746,1,3,2
3840210,596.41469,569.9369,2,1,14.75,11.64917,9.62932,7.03246,6.33324,5.80254,7.42878,1,2,631,1,5,1,3,4,1,2,-0.5803,160.5,-0.02,551.0282,562.7868,568.4819,1,3,2
3840221,505.29156,534.61193,1,2,14.416666666666666,10.92551,8.48873,8.93041,8.92971,7.58514,10.15325,2,2,631,1,5,1,3,4,1,2,-0.5803,160.5,-0.23,512.7045,499.7839,545.0765,1,3,2
3840217,521.72945,511.73124,2,1,15.083333333333334,10.25396,9.62932,11.33851,9.81093,10.80346,9.6346,2,2,631,1,5,1,3,4,1,2,-0.5803,160.5,-0.1,505.694,429.0224,539.668,1,3,2
3840203,620.25616,613.94093,1,1,14.75,11.17406,8.81989,10.80246,11.01771,12.54869,10.15325,NA,2,631,1,5,1,3,4,1,2,-0.5803,160.5,0.44,553.9882,523.6132,521.0183,1,3,2
3840214,586.38818,532.16423,1,2,14.333333333333334,12.51743,8.81989,13.46507,8.20673,10.30668,10.74331,1,1,631,1,5,1,3,4,1,2,-0.5803,160.5,0.79,513.5613,534.9718,554.5878,1,3,2
3840225,552.09627,504.85787,1,1,14.166666666666666,12.51743,10.19817,11.33851,8.20673,12.54869,10.74331,1,2,631,1,5,1,3,4,1,2,-0.5803,160.5,1.24,423.2045,448.948,396.3446,1,3,2
3840208,645.59006,571.21623,2,1,14.166666666666666,12.51743,11.04872,8.93041,8.92971,9.5492,8.27843,1,2,631,1,5,1,3,4,1,2,-0.5803,160.5,-0.01,591.1435,524.3736,564.8452,1,3,2
3840216,581.87828,605.95614,1,1,15.083333333333334,11.64917,10.19817,13.46507,13.70742,12.54869,12.42205,1,2,631,1,5,1,3,4,1,2,-0.5803,160.5,0.34,544.3293,585.5694,552.1634,1,3,2
3840207,491.34521,583.0748,2,1,15.25,10.25396,10.19817,9.60333,8.92971,8.93142,10.15325,2,2,631,1,5,1,3,4,1,2,-0.5803,160.5,-0.4,552.4303,473.1293,593.5658,1,3,2
3840205,478.442,474.52399,1,1,15,10.04151,12.05195,9.60333,8.20673,10.07332,11.44903,NA,1,631,1,5,1,3,4,1,2,-0.5803,160.5,0.49,384.3356,459.0358,447.5382,1,3,2
3840213,633.04417,620.30704,1,1,15,12.51743,11.04872,12.07123,10.35139,12.54869,12.42205,1,2,631,1,5,1,3,4,1,2,-0.5803,160.5,0.23,562.868,587.0786,563.0735,1,3,2
3880402,532.14637,467.84899,1,1,14.75,11.64917,10.19817,9.965,7.57539,8.69047,10.74331,1,2,836,1,3,2,2,3,3,2,-0.4184,172.4,0.26,437.3812,388.0244,380.2126,2,5,2
3880219,604.30386,629.16439,1,1,15.333333333333334,10.92551,13.03951,10.35777,10.35139,10.84961,9.6346,1,2,836,1,3,2,2,3,3,2,-0.4184,172.4,0.42,539.2662,548.4751,572.3051,2,5,2
3880218,457.70728,443.83899,1,1,14.75,9.60097,9.18945,7.51389,7.88323,8.17383,7.85736,2,2,836,1,3,2,2,3,3,2,-0.4184,172.4,0.11,450.701,517.9736,452.1074,2,5,2
3880211,631.74404,651.56138,1,1,15.416666666666666,12.21628,9.18945,9.60333,9.34439,9.61942,9.15641,NA,2,836,1,3,2,2,3,3,2,-0.4184,172.4,0.35,592.8571,542.1206,534.0731,2,5,2
3880421,493.24657,506.39623,1,1,13.833333333333334,12.51743,13.03951,9.26151,8.92971,8.93142,9.6346,1,1,836,1,3,2,2,3,3,2,-0.4184,172.4,0.82,497.1257,513.2871,480.9213,2,5,2
3880412,542.46473,539.41186,1,1,15.583333333333334,9.60097,13.03951,9.60333,7.88323,8.93142,9.6346,2,1,836,1,3,2,2,3,3,2,-0.4184,172.4,-0.14,509.7445,507.4887,489.5002,2,5,2
3880406,586.85835,557.82945,1,1,14.833333333333334,10.92551,9.62932,10.80246,10.35139,8.17383,9.6346,2,1,836,1,3,2,2,3,3,2,-0.4184,172.4,-0.19,514.2623,547.363,518.8736,2,5,2
3880202,480.51454,619.82455,2,1,14.916666666666666,14.01827,8.48873,8.26761,7.88323,8.43911,10.15325,1,2,836,1,3,2,2,3,3,2,-0.4184,172.4,0.21,596.9855,547.5498,617.9038,2,5,2
3880418,548.05498,542.58264,1,1,15.25,12.51743,11.04872,8.60159,9.34439,7.24499,10.74331,1,1,836,1,3,2,2,3,3,2,-0.4184,172.4,0.58,516.6771,461.657,434.5767,2,5,2
3880424,554.47888,487.68753,1,1,14.75,10.92551,13.03951,8.60159,7.88323,7.24499,9.15641,2,1,836,1,3,2,2,3,3,2,-0.4184,172.4,0.36,492.6079,487.6309,481.1078,2,5,2
3880208,671.0044,598.75533,2,1,15.25,11.64917,11.04872,13.46507,11.01771,11.07454,11.44903,1,1,836,1,3,2,2,3,3,2,-0.4184,172.4,0.46,612.4085,533.2752,577.9,2,5,2
3880220,552.22834,504.39611,2,1,14.5,14.01827,13.03951,10.80246,9.81093,10.07332,9.6346,1,2,836,1,3,2,2,3,3,2,-0.4184,172.4,1.06,425.1519,466.7138,429.075,2,5,2
3880423,680.87918,670.43844,1,1,15.083333333333334,10.92551,13.03951,11.33851,11.01771,11.37095,14.34298,1,1,836,1,3,2,2,3,3,2,-0.4184,172.4,0.76,614.0442,550.6197,589.7426,2,5,2
3880410,647.6283,594.40625,2,1,14.333333333333334,14.01827,10.19817,13.46507,11.01771,15.81948,10.15325,1,2,836,1,3,2,2,3,3,2,-0.4184,172.4,0.65,613.1874,547.7102,597.4823,2,5,2
3880225,566.66129,616.79572,2,1,15.166666666666666,12.21628,11.04872,13.46507,11.01771,9.61942,12.42205,NA,2,836,1,3,2,2,3,3,2,-0.4184,172.4,0.26,504.9151,438.6457,518.9668,2,5,2
3880209,597.29147,571.07853,1,1,15,10.25396,10.19817,13.46507,11.9425,12.08627,11.44903,3,2,836,1,3,2,2,3,3,2,-0.4184,172.4,-0.12,562.6344,598.2783,569.2279,2,5,2
3880426,658.22332,647.51444,2,1,14.666666666666666,12.51743,11.04872,9.60333,8.92971,10.54867,8.70884,1,1,836,1,3,2,2,3,3,2,-0.4184,172.4,0.48,656.029,583.7978,682.1522,2,5,2
3880205,649.29838,639.39763,1,1,15.25,11.64917,11.04872,13.46507,11.9425,12.54869,10.74331,1,2,836,1,3,2,2,3,3,2,-0.4184,172.4,0.13,504.4477,501.2931,473.5546,2,5,2
3880420,653.35699,518.00952,1,1,14.916666666666666,11.64917,10.19817,13.46507,11.01771,12.08627,14.34298,1,NA,836,1,3,2,2,3,3,2,-0.4184,172.4,-0.08,541.0578,507.6475,470.7572,2,5,2
3880203,594.25131,582.03289,2,1,14.75,12.51743,11.04872,13.46507,13.70742,12.54869,11.44903,1,2,836,1,3,2,2,3,3,2,-0.4184,172.4,0.1,530.6979,493.178,475.6061,2,5,2
3880210,657.79962,635.09449,2,1,14.666666666666666,10.25396,9.62932,13.46507,11.9425,14.02271,11.44903,4,3,836,1,3,2,2,3,3,2,-0.4184,172.4,0.22,748.8783,600.398,622.846,2,5,2
3880215,619.13749,623.19718,2,1,15.333333333333334,14.01827,13.03951,13.46507,11.9425,10.30668,10.74331,1,2,836,1,3,2,2,3,3,2,-0.4184,172.4,1,596.2066,543.5401,576.8743,2,5,2
3880411,600.91353,579.36795,1,1,15.333333333333334,10.92551,13.03951,11.33851,7.2741,9.61942,12.42205,2,1,836,1,3,2,2,3,3,2,-0.4184,172.4,0.13,455.141,566.5059,490.8989,2,5,2
3880204,640.53412,631.3081,2,1,15.25,13.71571,9.18945,8.93041,8.20673,9.39344,8.27843,NA,2,836,1,3,2,2,3,3,2,-0.4184,172.4,0.42,596.0508,566.0748,614.9198,2,5,2
3880409,521.4604,534.30282,1,1,14.583333333333334,10.92551,10.19817,10.35777,8.20673,8.43911,9.6346,2,1,836,1,3,2,2,3,3,2,-0.4184,172.4,-0.09,487.4669,561.7401,490.6192,2,5,2
3880425,680.08967,656.53785,2,2,14.083333333333334,14.01827,8.48873,13.46507,11.9425,13.14698,11.44903,1,2,836,1,3,2,2,3,3,2,-0.4184,172.4,0.47,575.7205,530.308,560.1828,2,5,2
3880404,551.84509,498.5102,1,1,14.916666666666666,12.51743,9.62932,11.33851,13.70742,10.07332,11.44903,1,2,836,1,3,2,2,3,3,2,-0.4184,172.4,0.65,581.4068,557.6096,548.8997,2,5,2
3880416,627.72823,572.27778,1,1,14.75,10.92551,10.19817,13.46507,10.35139,13.14698,14.34298,2,1,836,1,3,2,2,3,3,2,-0.4184,172.4,-0.27,554.2218,575.4816,572.3051,2,5,2
3880419,575.79852,596.17069,1,1,15.25,11.64917,13.03951,13.46507,11.9425,12.08627,12.42205,1,2,836,1,3,2,2,3,3,2,-0.4184,172.4,1.03,572.6827,521.9451,454.5319,2,5,2
3880415,603.7957,647.04002,1,1,15.083333333333334,12.51743,13.03951,10.80246,11.01771,10.80346,12.42205,1,1,836,1,3,2,2,3,3,2,-0.4184,172.4,-0.29,635.5429,583.9013,529.4107,2,5,2
3880408,625.95736,593.55169,1,1,15.083333333333334,10.92551,11.04872,10.35777,8.20673,9.84519,9.6346,2,2,836,1,3,2,2,3,3,2,-0.4184,172.4,-0.34,529.919,573.0987,548.0604,2,5,2
3880206,563.59611,507.98577,1,1,14.5,10.04151,11.04872,10.80246,7.57539,10.80346,11.44903,NA,1,836,1,3,2,2,3,3,2,-0.4184,172.4,0.18,510.4456,531.7946,517.2883,2,5,2
3880413,648.41177,570.42266,1,1,14.416666666666666,10.92551,11.04872,12.07123,11.9425,11.07454,11.44903,1,2,836,1,3,2,2,3,3,2,-0.4184,172.4,0.21,516.5213,546.8865,529.4107,2,5,2
3880407,595.6282,603.94304,1,1,15.333333333333334,11.64917,13.03951,13.46507,11.01771,11.70269,10.15325,1,3,836,1,3,2,2,3,3,2,-0.4184,172.4,0.51,602.5939,546.5687,554.6811,2,5,2
3880207,548.36259,551.37812,1,1,14.833333333333334,11.64917,11.04872,9.60333,10.35139,9.84519,9.15641,1,1,836,1,3,2,2,3,3,2,-0.4184,172.4,0.69,486.688,518.053,506.4715,2,5,2
3880201,540.59152,571.31891,1,2,14.666666666666666,10.92551,10.19817,10.80246,13.70742,9.16491,10.74331,2,2,836,1,3,2,2,3,3,2,-0.4184,172.4,-0.08,452.96,476.9872,467.8665,2,5,2
3880414,705.51921,585.53417,1,1,14.5,10.92551,11.04872,11.33851,8.20673,11.87754,12.42205,3,2,836,1,3,2,2,3,3,2,-0.4184,172.4,0.18,642.0081,658.6459,628.0679,2,5,2
3880417,592.89341,594.29834,1,1,14.75,10.92551,13.03951,10.80246,10.35139,9.16491,12.42205,1,1,836,1,3,2,2,3,3,2,-0.4184,172.4,0.28,558.8176,509.1567,538.6423,2,5,2
3880405,584.19295,515.11305,1,1,14.916666666666666,10.92551,10.19817,10.35777,9.81093,8.93142,10.74331,1,1,836,1,3,2,2,3,3,2,-0.4184,172.4,0.11,473.8355,426.7073,461.6188,2,5,2
3900218,634.99727,609.01825,2,1,14.166666666666666,11.64917,11.04872,13.46507,13.70742,9.39344,14.34298,1,2,807,1,1,3,3,3,2,1,0.0872,102.5,-0.47,632.6609,583.7176,558.038,3,8,2
3900217,661.81287,723.35241,2,1,14.75,11.64917,9.62932,10.80246,8.55351,11.07454,9.6346,1,2,807,1,1,3,3,3,2,1,0.0872,102.5,0.26,693.4959,550.1161,642.5214,3,8,2
3900228,658.47829,566.98696,2,1,14.75,11.64917,10.19817,12.07123,11.9425,12.54869,12.42205,1,1,807,1,1,3,3,3,2,1,0.0872,102.5,0.45,651.4332,516.4344,561.395,3,8,2
3900229,757.78457,678.20576,2,1,15.166666666666666,10.92551,10.19817,13.46507,11.9425,15.81948,14.34298,1,2,807,1,1,3,3,3,2,1,0.0872,102.5,0.3,706.6599,570.8864,659.6792,3,8,2
3140205,608.33029,632.7846,2,1,14.083333333333334,11.64917,8.19852,10.80246,9.34439,10.5299,9.15641,1,1,640,2,4,1,2,2,2,2,-0.5803,168.75,0.18,543.1609,495.8244,505.166,3,5,2
3140208,635.25895,696.78233,1,1,14.25,11.64917,8.81989,9.965,8.92971,9.61942,9.15641,1,2,640,2,4,1,2,2,2,2,-0.5803,168.75,0.74,583.6657,576.832,571.0929,3,5,2
3140207,647.09243,648.12197,1,1,13.833333333333334,10.92551,10.19817,12.07123,8.20673,11.37095,11.44903,1,1,640,2,4,1,2,2,2,2,-0.5803,168.75,0.25,520.4938,491.8408,525.6807,3,5,2
3160121,574.06542,635.09231,2,1,14.75,12.51743,9.18945,8.26761,9.34439,9.39344,9.6346,1,2,705,1,2,3,3,3,2,2,-0.5803,176.25,0.11,663.1173,520.4441,602.4245,1,3,2
3160117,439.5193,429.0379,1,1,15.416666666666666,14.01827,8.48873,8.60159,8.20673,7.58514,10.15325,1,1,705,1,2,3,3,3,2,2,-0.5803,176.25,0.51,495.5678,495.8123,495.6546,1,3,2
3160116,515.25036,576.79914,1,1,14.833333333333334,11.64917,8.81989,9.965,11.9425,9.16491,8.70884,1,1,705,1,2,3,3,3,2,2,-0.5803,176.25,0.65,533.6579,453.9522,501.436,1,3,2
3140210,651.13047,645.33002,2,2,14.666666666666666,11.64917,9.18945,8.26761,8.55351,8.93142,9.15641,1,NA,640,2,4,1,2,2,2,2,-0.5803,168.75,0.25,601.4255,573.6131,591.8874,3,5,2
3140215,549.05712,585.3537,2,1,14.666666666666666,11.64917,9.18945,9.60333,11.01771,9.16491,9.6346,1,2,640,2,4,1,2,2,2,2,-0.5803,168.75,0.46,467.604,392.1329,444.834,3,5,2
3160113,496.30874,549.40375,2,1,14.583333333333334,11.64917,7.91394,9.26151,9.81093,9.39344,9.6346,2,1,705,1,2,3,3,3,2,2,-0.5803,176.25,-0.1,466.7472,451.4768,501.436,1,3,2
3160124,526.01309,541.57117,1,1,15.166666666666666,12.51743,10.19817,10.80246,10.35139,8.69047,10.15325,1,2,705,1,2,3,3,3,2,2,-0.5803,176.25,0.63,556.4029,516.7027,505.166,1,3,2
3160105,571.92874,554.47809,2,1,14.5,13.71571,8.81989,9.60333,13.70742,12.08627,10.15325,NA,2,705,1,2,3,3,3,2,2,-0.5803,176.25,0.57,513.2497,476.2569,532.2081,1,3,2
3160112,545.91071,653.93641,1,2,13.75,11.64917,9.62932,8.60159,8.92971,8.43911,6.97717,1,1,705,1,2,3,3,3,2,2,-0.5803,176.25,0.51,562.2449,596.6897,525.1212,1,3,2
3140217,608.98806,608.92027,1,1,14.166666666666666,10.92551,8.81989,9.26151,11.9425,13.14698,10.15325,2,2,640,2,4,1,2,2,2,2,-0.5803,168.75,0.89,435.9012,382.1465,384.0358,3,5,2
3160114,595.06707,573.90692,2,1,14.583333333333334,8.74681,11.04872,12.07123,9.34439,11.70269,9.6346,NA,3,705,1,2,3,3,3,2,2,-0.5803,176.25,-0.62,564.1922,570.1647,596.27,1,3,2
3160115,598.3621,605.49875,1,1,14.916666666666666,12.51743,13.03951,13.46507,13.70742,14.02271,12.42205,1,2,705,1,2,3,3,3,2,2,-0.5803,176.25,0.33,603.217,531.318,579.019,1,3,2
3140206,533.29767,577.61759,2,1,14.083333333333334,9.60097,8.48873,8.60159,10.35139,7.89169,9.6346,1,2,640,2,4,1,2,2,2,2,-0.5803,168.75,0.35,402.5627,435.4379,423.48,3,5,2
3140218,603.70609,601.30952,2,1,14.75,9.60097,9.62932,13.46507,8.20673,11.07454,9.6346,3,2,640,2,4,1,2,2,2,2,-0.5803,168.75,-1.08,575.8763,519.8827,512.6259,3,5,2
3140203,598.92065,590.09307,2,1,14.5,11.64917,8.19852,9.965,8.92971,10.30668,9.6346,1,2,640,2,4,1,2,2,2,2,-0.5803,168.75,0.46,472.1997,426.5363,471.3167,3,5,2
3160107,528.14262,566.44107,1,1,14.666666666666666,10.92551,11.04872,10.35777,10.35139,10.83885,10.74331,1,2,705,1,2,3,3,3,2,2,-0.5803,176.25,0.04,459.8925,459.9095,475.2331,1,3,2
3160127,500.03707000000003,502.75191,2,1,14.5,10.25396,8.19852,7.03246,8.92971,4.94405,8.70884,2,1,705,1,2,3,3,3,2,2,-0.5803,176.25,-0.34,469.9408,484.3566,461.0593,1,3,2
3160307,543.4443,552.83869,2,1,14.833333333333334,11.64917,13.03951,11.33851,11.01771,9.84519,9.6346,1,2,705,1,2,3,3,3,2,2,-0.5803,176.25,0.3,514.8076,485.8803,505.166,1,3,2
3160119,550.40206,574.58571,1,1,14.25,10.92551,11.04872,10.80246,10.35139,8.69047,9.6346,1,1,705,1,2,3,3,3,2,2,-0.5803,176.25,0.51,519.9486,531.7946,548.9929,1,3,2
3160125,444.54328,556.11509,1,1,13.833333333333334,9.60097,7.91394,9.26151,8.55351,8.43911,9.15641,2,2,705,1,2,3,3,3,2,2,-0.5803,176.25,-0.23,485.1301,543.4709,504.6065,1,3,2
3160106,573.5062,628.55249,2,1,14.5,11.64917,9.62932,9.26151,8.92971,9.61942,8.70884,1,2,705,1,2,3,3,3,2,2,-0.5803,176.25,0.04,516.8328,512.6652,457.6091,1,3,2
3160109,516.56759,538.07819,1,1,14.083333333333334,10.92551,13.03951,10.80246,11.01771,9.61942,10.74331,3,2,705,1,2,3,3,3,2,2,-0.5803,176.25,-0.34,479.2102,508.4419,493.6964,1,3,2
3160102,450.52125,420.49982,2,4,14.166666666666666,14.01827,13.03951,7.51389,10.35139,15.81948,8.70884,1,2,705,1,2,3,3,3,2,2,-0.5803,176.25,0.99,515.976,391.0904,403.7113,1,3,2
3160108,513.55514,564.98204,2,1,15.25,10.92551,13.03951,9.26151,9.34439,8.43911,9.6346,2,1,705,1,2,3,3,3,2,2,-0.5803,176.25,-0.44,469.9408,461.1002,471.8762,1,3,2
3140214,604.77035,612.00998,1,1,14.666666666666666,12.51743,11.04872,13.46507,11.9425,11.37095,14.34298,1,1,640,2,4,1,2,2,2,2,-0.5803,168.75,0.34,433.4086,443.229,372.6595,3,5,2
3160104,646.47912,682.34971,2,1,14.666666666666666,12.51743,9.18945,8.93041,9.81093,10.30668,10.15325,1,2,705,1,2,3,3,3,2,2,-0.5803,176.25,0.21,577.3563,571.7686,601.0257,1,3,2
3160308,339.89894,412.22807,1,1,14.583333333333334,11.17406,7.6477,11.33851,11.01771,8.69047,11.44903,NA,2,705,1,2,3,3,3,2,2,-0.5803,176.25,-0.47,330.6668,375.3155,325.1958,1,3,2
3160312,526.80964,468.50049,1,1,15.25,10.92551,8.81989,8.60159,8.20673,9.26841,7.85736,2,1,705,1,2,3,3,3,2,2,-0.5803,176.25,0.2,382.1545,407.5645,398.9556,1,3,2
3160317,622.85642,616.47264,1,1,13.916666666666666,14.01827,8.81989,9.965,8.20673,10.07332,9.15641,1,3,705,1,2,3,3,3,2,2,-0.5803,176.25,-0.58,389.0092,365.3072,366.4118,1,3,2
3160315,519.66607,452.09415,2,1,15.083333333333334,14.01827,9.62932,12.07123,11.9425,12.54869,11.44903,1,1,705,1,2,3,3,3,2,2,-0.5803,176.25,0.19,367.8221,384.1134,400.7273,1,3,2
3160322,615.30145,565.16873,1,1,14.666666666666666,10.25396,8.81989,9.26151,10.35139,11.70269,9.15641,3,3,705,1,2,3,3,3,2,2,-0.5803,176.25,-0.11,410.8973,396.3832,383.0101,1,3,2
3130107,510.78102,462.75075,1,1,14.333333333333334,10.92551,13.03951,10.35777,11.01771,9.84519,11.44903,2,1,202,3,6,1,2,3,3,2,-0.9168,NA,0.26,522.0517,504.5497,551.7904,1,3,2
3130102,435.75511,513.78319,1,1,14.583333333333334,11.64917,13.03951,10.35777,11.01771,11.07454,10.15325,2,1,202,3,6,1,2,3,3,2,-0.9168,NA,0.78,412.2994,375.8715,469.0787,1,3,2
3130105,533.72773,507.55576,1,1,13.916666666666666,11.64917,9.18945,10.80246,10.35139,8.93142,14.34298,1,2,202,3,6,1,2,3,3,2,-0.9168,NA,0.72,511.2245,446.0091,552.7229,1,3,2
3130111,599.28021,532.81279,2,1,15.25,10.25396,6.53455,12.07123,11.01771,15.81948,10.74331,2,2,202,3,6,1,2,3,3,2,-0.9168,NA,0.16,561.6996,476.5777,508.8959,1,3,2
4850406,594.42226,607.3387,2,1,14.583333333333334,11.45698,13.03951,9.26151,13.70742,9.39344,10.74331,1,2,1145,2,2,1,2,2,2,1,1.9226,228.2,0.84,409.1058,333.5107,392.9877,1,3,2
4850403,626.69313,625.70719,2,1,14.666666666666666,11.64917,13.03951,9.60333,11.01771,10.07332,9.6346,1,2,1145,2,2,1,2,2,2,1,1.9226,228.2,0.31,470.7976,509.8584,540.5073,1,3,2
4850408,632.61266,640.91897,2,1,14.75,11.64917,13.03951,12.07123,11.9425,15.81948,12.42205,1,2,1145,2,2,1,2,2,2,1,1.9226,228.2,0.71,547.8346,508.6555,587.2249,1,3,2
4850410,561.86178,585.52446,2,1,14.75,10.92551,9.18945,9.60333,9.81093,8.69047,8.70884,2,2,1145,2,2,1,2,2,2,1,1.9226,228.2,0.08,427.0213,470.7235,452.9467,1,3,2
4850427,520.21803,596.96852,2,1,14.833333333333334,12.51743,10.19817,7.91186,10.35139,6.85613,8.27843,1,2,1145,2,2,1,2,2,2,1,1.9226,228.2,-0.06,320.4627,387.0806,424.226,1,3,2
4850407,529.11694,567.37016,1,1,14.666666666666666,11.64917,10.19817,9.965,8.92971,8.69047,9.6346,2,2,1145,2,2,1,2,2,2,1,1.9226,228.2,-0.24,457.7115,510.8248,436.2551,1,3,2
4850416,603.18541,603.62792,2,1,15.25,11.64917,13.03951,10.35777,13.70742,10.54867,9.6346,1,3,1145,2,2,1,2,2,2,1,1.9226,228.2,0.18,514.8076,555.6495,521.9508,1,3,2
4850419,519.00584,528.38952,1,1,14.666666666666666,12.51743,11.04872,11.33851,8.20673,9.61942,10.74331,1,2,1145,2,2,1,2,2,2,1,1.9226,228.2,0.86,430.215,488.6635,422.4543,1,3,2
4850402,566.53481,549.18912,1,1,15.25,10.25396,13.03951,12.07123,11.01771,9.61942,14.34298,3,1,1145,2,2,1,2,2,2,1,1.9226,228.2,0.52,377.403,446.8034,391.4025,1,3,2
4850423,552.59058,563.65284,1,1,14,11.64917,9.62932,11.33851,10.35139,10.80346,10.74331,2,2,1145,2,2,1,2,2,2,1,1.9226,228.2,0.3,518.6244,550.6197,568.9482,1,3,2
4840223,557.60462,609.02032,2,2,14.666666666666666,12.51743,8.19852,7.51389,11.01771,10.07332,8.70884,1,1,883,2,3,2,2,1,2,2,-0.4184,190,0.73,655.9511,550.3567,523.8157,1,3,2
4840211,541.11901,542.24265,1,1,14.5,11.64917,10.19817,10.80246,11.01771,9.84519,8.27843,1,2,883,2,3,2,2,1,2,2,-0.4184,190,0.8,391.7355,345.6083,379.2801,1,3,2
4840217,527.25814,560.4442,1,1,14.333333333333334,9.60097,10.19817,7.51389,7.57539,4.94405,8.27843,2,1,883,2,3,2,2,1,2,2,-0.4184,190,-0.62,476.406,498.9101,423.2003,1,3,2
4840202,415.57939,510.07864,1,1,14.75,8.19314,7.6477,8.60159,6.97345,7.58514,7.42878,4,3,883,2,3,2,2,1,2,2,-0.4184,190,1.45,308.1555,389.2953,324.3566,1,3,2
4840205,594.63064,617.41864,1,1,14.5,12.51743,10.19817,12.07123,10.35139,10.80346,12.42205,1,1,883,2,3,2,2,1,2,2,-0.4184,190,0.72,547.4451,470.3944,505.539,1,3,2
4840204,566.80006,484.57415,1,1,14.583333333333334,10.04151,8.48873,9.60333,8.92971,8.93142,10.74331,NA,3,883,2,3,2,2,1,2,2,-0.4184,190,0.38,449.6884,443.6261,470.6639,1,3,2
4860212,534.78507,538.21283,2,2,14.666666666666666,12.51743,9.18945,13.46507,11.9425,11.37095,11.44903,1,1,782,1,1,1,1,2,1,1,1.1595,239,0.61,543.083,489.89,509.5487,2,3,2
4860213,551.56733,532.78977,2,2,15,10.92551,11.04872,9.60333,10.35139,8.93142,8.70884,1,2,782,1,1,1,1,2,1,1,1.1595,239,0.64,555.0787,469.8414,489.4069,2,3,2
4860203,706.88951,655.97964,1,1,14.666666666666666,11.64917,9.18945,11.33851,10.35139,10.30668,11.44903,1,1,782,1,1,1,1,2,1,1,1.1595,239,0.63,528.2832,510.1099,502.3685,2,3,2
4860208,683.28324,614.37333,2,1,14.666666666666666,14.01827,10.19817,12.07123,7.57539,10.80346,8.70884,1,1,782,1,1,1,1,2,1,1,1.1595,239,0.37,571.67,521.9678,462.2715,2,3,2
4860220,675.54022,649.98505,1,1,14.916666666666666,11.64917,13.03951,13.46507,11.9425,11.70269,12.42205,1,2,782,1,1,1,1,2,1,1,1.1595,239,0.53,548.4577,492.0791,508.8959,2,3,2
4860201,571.49444,636.75789,1,1,14.833333333333334,11.64917,8.81989,10.35777,7.2741,9.16491,8.27843,1,1,782,1,1,1,1,2,1,1,1.1595,239,0.39,481.6249,531.7946,470.6639,2,3,2
4860207,612.67773,620.07769,1,1,15.25,12.51743,8.81989,10.80246,9.81093,11.37095,10.74331,1,2,782,1,1,1,1,2,1,1,1.1595,239,0.38,586.7035,595.1011,597.2958,2,3,2
4860211,588.26798,597.19558,1,1,15.166666666666666,10.92551,10.19817,9.965,7.2741,9.16491,8.70884,1,2,782,1,1,1,1,2,1,1,1.1595,239,-0.01,572.7606,520.4359,497.9858,2,3,2
4860205,607.56246,621.18637,1,1,15.166666666666666,12.51743,10.19817,13.46507,8.20673,11.07454,12.42205,2,2,782,1,1,1,1,2,1,1,1.1595,239,-0.14,510.5234,575.7993,529.5972,2,3,2
4830412,617.774,567.43454,2,1,14.833333333333334,10.25396,10.19817,10.80246,8.92971,12.08627,9.6346,2,2,960,2,3,1,3,3,3,2,0.5021,189.2,0.09,516.5992,468.2375,593.47260000000006,1,3,2
4830419,399.172,433.23739,2,1,14.833333333333334,11.64917,13.03951,9.60333,10.35139,8.93142,12.42205,1,2,960,2,3,1,3,3,3,2,0.5021,189.2,2.06,317.1133,337.8412,381.1451,1,3,2
4830406,480.29175,504.58804,2,1,14.416666666666666,10.25396,11.04872,8.93041,7.57539,9.84519,9.6346,2,2,960,2,3,1,3,3,3,2,0.5021,189.2,0.08,453.4273,415.6299,469.7314,1,3,2
4830405,474.72351,536.92128,1,1,15.25,11.64917,13.03951,10.80246,11.01771,10.80346,12.42205,2,2,960,2,3,1,3,3,3,2,0.5021,189.2,0.23,448.9874,478.0992,557.5718,1,3,2
4830418,498.21603,568.61676,2,1,14.583333333333334,14.01827,11.04872,10.35777,10.35139,11.07454,11.44903,1,2,960,2,3,1,3,3,3,2,0.5021,189.2,0.05,481.7028,489.7296,561.3018,1,3,2
4820110,557.34227,513.03174,1,1,14.916666666666666,10.25396,13.03951,13.46507,11.9425,13.14698,10.74331,2,1,173,2,6,1,4,4,1,1,0.0872,8.667,-0.61,460.0483,511.6191,481.947,1,3,2
4820108,612.7832,563.45022,1,1,14.333333333333334,10.92551,13.03951,13.46507,13.70742,13.14698,10.74331,1,1,173,2,6,1,4,4,1,1,0.0872,8.667,0.5,528.3611,587.9523,492.3909,1,3,2
4820104,561.8696,535.99317,2,1,14.5,12.51743,11.04872,9.60333,9.81093,10.54867,8.70884,1,2,173,2,6,1,4,4,1,1,0.0872,8.667,0.73,532.1779,555.7297,605.6882,1,3,2
4820107,578.3247,580.72399,2,1,14.583333333333334,12.51743,7.91394,12.07123,10.35139,11.70269,10.74331,1,3,173,2,6,1,4,4,1,1,0.0872,8.667,1.14,500.3973,574.014,524.655,1,3,2
4790218,577.3629,571.43806,2,1,14.833333333333334,14.01827,9.18945,6.36452,6.66537,9.39344,9.15641,1,2,980,1,4,2,4,1,1,1,0.5021,84.167,0.26,583.1204,537.2048,571.4659,1,3,2
4790213,459.74139,407.74435,2,1,15.416666666666666,12.51743,13.03951,13.46507,13.70742,12.54869,14.34298,1,1,980,1,4,2,4,1,1,1,0.5021,84.167,1.12,464.9556,463.4258,488.3812,1,3,2
4790207,581.151,518.66004,2,1,14.666666666666666,10.92551,13.03951,9.965,7.88323,9.84519,10.74331,1,1,980,1,4,2,4,1,1,1,0.5021,84.167,0.46,498.372,502.8013,472.9019,1,3,2
4790221,565.77536,545.86024,2,1,14.833333333333334,11.17406,9.62932,8.60159,9.34439,8.43911,9.15641,NA,1,980,1,4,2,4,1,1,1,0.5021,84.167,0.59,541.5252,506.811,574.1701,1,3,2
4790201,471.0991,518.66375,1,1,15,12.51743,11.04872,8.93041,7.57539,8.69047,8.27843,2,2,980,1,4,2,4,1,1,1,0.5021,84.167,0.93,513.6392,561.5812,515.3301,1,3,2
4790209,580.61524,551.33393,1,1,15.166666666666666,12.51743,9.62932,11.33851,11.9425,10.80346,10.15325,1,2,980,1,4,2,4,1,1,1,0.5021,84.167,1.78,501.0983,525.9961,543.1182,1,3,2
4790208,591.01707,527.38689,2,2,14.666666666666666,9.60097,6.83195,9.965,13.70742,10.48067,10.15325,3,1,980,1,4,2,4,1,1,1,0.5021,84.167,-0.17,487.7785,482.7527,509.8284,1,3,2
4790210,551.18821,566.48636,1,1,14.666666666666666,10.92551,9.18945,13.46507,11.9425,13.14698,10.74331,2,2,980,1,4,2,4,1,1,1,0.5021,84.167,0.61,441.198,428.0577,447.5382,1,3,2
4790223,601.18772,594.61596,2,1,14.583333333333334,8.19314,9.62932,13.46507,13.70742,11.07454,10.15325,3,2,980,1,4,2,4,1,1,1,0.5021,84.167,-1.11,538.5652,519.4016,543.5845,1,3,2
4790220,515.84981,558.57555,2,1,14.916666666666666,14.01827,8.48873,10.35777,11.01771,9.84519,8.70884,1,2,980,1,4,2,4,1,1,1,0.5021,84.167,1.03,532.6453,529.2655,557.7583,1,3,2
4790204,536.49381,572.35186,2,1,14.916666666666666,11.64917,13.03951,13.46507,11.9425,15.81948,11.44903,1,1,980,1,4,2,4,1,1,1,0.5021,84.167,0.72,559.4407,473.8511,548.7132,1,3,2
4790217,632.52215,599.57072,2,1,14.666666666666666,8.91919,7.38476,10.35777,10.35139,11.07454,11.44903,3,2,980,1,4,2,4,1,1,1,0.5021,84.167,0.36,591.3772,550.0359,590.6751,1,3,2
4790206,546.58021,548.09222,1,2,15.083333333333334,12.51743,9.18945,12.07123,10.35139,12.08627,10.15325,1,1,980,1,4,2,4,1,1,1,0.5021,84.167,0.86,480.067,546.0922,467.8665,1,3,2
4790215,524.88023,525.58655,2,1,14.416666666666666,10.25396,9.18945,10.35777,7.2741,9.84519,7.85736,2,2,980,1,4,2,4,1,1,1,0.5021,84.167,0.31,527.66010000000006,433.6736,501.3428,1,3,2
4790222,670.70663,647.60282,1,1,14.833333333333334,11.64917,9.62932,13.46507,13.70742,11.37095,10.15325,1,2,980,1,4,2,4,1,1,1,0.5021,84.167,0.6,548.6135,517.2587,547.7807,1,3,2
3680312,632.85043,595.58684,1,1,15.25,11.17406,11.04872,8.93041,7.88323,9.61942,7.42878,NA,1,619,2,2,2,3,1,3,1,-0.5803,91.714,-0.24,618.7179,556.9742,546.8482,3,5,2
3680306,609.00169,647.90538,2,1,14.75,12.21628,10.19817,7.91186,9.34439,10.30668,7.85736,NA,1,619,2,2,2,3,1,3,1,-0.5803,91.714,-0.03,613.2653,549.3141,587.5047,3,5,2
3680308,646.71007,583.6532,1,1,14.333333333333334,14.01827,9.62932,9.60333,6.66537,9.61942,10.74331,1,1,619,2,2,2,3,1,3,1,-0.5803,91.714,0.45,596.3624,597.4046,504.3267,3,5,2
3680305,652.32289,653.32888,2,1,14.5,11.64917,11.04872,11.33851,9.81093,10.80346,9.15641,1,3,619,2,2,2,3,1,3,1,-0.5803,91.714,0.25,637.4903,519.4818,628.1611,3,5,2
3660108,614.74446,633.37936,1,1,15.583333333333334,8.91919,4.83292,12.51359,11.26079,15.21437,NA,3,1,108,4,6,1,3,3,2,NA,-0.5803,58,-0.58,433.7981,409.1531,402.5923,1,5,2
3660105,571.7979,655.57374,1,1,14.5,8.19314,7.91394,9.60333,8.04648,8.93142,8.27843,4,2,108,4,6,1,3,3,2,NA,-0.5803,58,0.38,332.9257,347.038,354.2894,1,5,2
3660104,511.29947,658.2377,1,1,13.75,8.19314,6.19658,9.60333,9.34439,7.89169,9.6346,3,1,108,4,6,1,3,3,2,NA,-0.5803,58,-2.56,398.2785,419.5585,409.7725,1,5,2
3660103,559.0795,556.37957,1,2,15,8.19314,13.03951,11.33851,10.35139,9.84946,12.42205,3,1,108,4,6,1,3,3,2,NA,-0.5803,58,-0.45,423.9056,450.5366,438.0269,1,5,2
4380211,616.28571,572.69077,1,1,14.583333333333334,10.04151,11.04872,9.965,9.81093,9.39344,9.15641,NA,2,620,4,2,1,2,3,3,2,-0.4184,174.571,0.19,471.5766,452.7607,384.7818,1,3,2
4380206,603.73435,558.61931,2,1,15.416666666666666,11.17406,10.19817,10.80246,11.9425,10.54867,9.6346,NA,2,620,4,2,1,2,3,3,2,-0.4184,174.571,0.2,625.0273,487.3238,548.2469,1,3,2
4380205,685.91725,615.43783,1,1,14.5,10.92551,10.19817,12.07123,11.9425,11.70269,10.74331,2,1,620,4,2,1,2,3,3,2,-0.4184,174.571,-0.37,521.3507,512.4928,527.2659,1,3,2
4380213,670.33154,655.45023,1,1,14.666666666666666,10.92551,9.62932,10.80246,11.9425,10.80346,10.15325,2,2,620,4,2,1,2,3,3,2,-0.4184,174.571,0.12,457.3999,473.4922,459.1943,1,3,2
4380215,549.51143,490.67926,1,1,14.666666666666666,10.04151,11.04872,9.60333,8.20673,9.16491,9.15641,NA,2,620,4,2,1,2,3,3,2,-0.4184,174.571,-0.16,451.2463,553.2409,409.1197,1,3,2
4380207,664.32553,615.78491,1,1,14.916666666666666,10.25396,10.19817,9.965,8.20673,8.69047,9.15641,2,1,620,4,2,1,2,3,3,2,-0.4184,174.571,0.4,536.7736,523.0572,466.0015,1,3,2
4380212,676.42526,622.56717,2,1,14.666666666666666,10.25396,11.04872,7.91186,8.20673,9.84519,9.15641,1,3,620,4,2,1,2,3,3,2,-0.4184,174.571,0.07,533.8137,440.2496,484.931,1,3,2
4400124,513.90498,548.79752,2,1,14.916666666666666,12.51743,9.18945,9.49899,11.9425,10.54867,9.6346,2,2,907,3,2,2,4,4,2,2,-0.256,155.5,0.79,529.1401,481.1488,468.5192,1,3,2
4400125,534.73702,515.30094,2,3,14.333333333333334,10.92551,11.04872,11.33851,13.70742,15.81948,12.42205,1,2,907,3,2,2,4,4,2,2,-0.256,155.5,0.73,431.8508,450.4343,433.5509,1,3,2
4400117,574.26174,549.26605,1,1,14.75,13.71571,13.03951,13.46507,11.9425,9.16491,11.44903,NA,1,907,3,2,2,4,4,2,2,-0.256,155.5,0.03,526.1022,465.4697,430.4737,1,3,2
4400102,495.46091,477.86215,1,2,14.583333333333334,11.64917,11.04872,13.46507,10.35139,11.37095,14.34298,1,1,907,3,2,2,4,4,2,2,-0.256,155.5,0.64,433.0192,411.536,432.4319,1,3,2
4400111,549.09466,597.35368,1,1,13.916666666666666,11.64917,8.81989,13.46507,9.81093,11.70269,10.74331,2,1,907,3,2,2,4,4,2,2,-0.256,155.5,0.1,584.4446,560.1514,541.2533,1,3,2
4410203,471.9552,493.87056,1,1,14.916666666666666,10.92551,13.03951,10.80246,7.57539,9.61942,10.15325,2,2,869,1,2,3,4,3,2,1,-0.5803,134.462,0.33,506.6288,589.3821,611.3764,2,4,2
4410207,514.61326,455.01245,1,1,14.666666666666666,12.51743,10.19817,8.26761,7.88323,9.16491,6.47491,1,2,869,1,2,3,4,3,2,1,-0.5803,134.462,0.19,543.9399,600.1052,581.63,2,4,2
4410201,596.65816,604.96519,2,2,14.916666666666666,11.64917,10.19817,9.26151,7.2741,9.84519,8.70884,2,2,869,1,2,3,4,3,2,1,-0.5803,134.462,-0.09,571.67,596.5487,631.9843,2,4,2
4410212,610.20786,591.72767,1,1,15.416666666666666,14.01827,9.18945,11.33851,9.34439,10.48067,9.6346,1,3,869,1,2,3,4,3,2,1,-0.5803,134.462,0.44,544.563,547.6808,565.7777,2,4,2
4410202,565.38228,653.05665,2,1,14.5,11.64917,11.04872,9.60333,9.81093,9.61942,7.85736,1,2,869,1,2,3,4,3,2,1,-0.5803,134.462,0.04,445.1706,524.6944,570.4401,2,4,2
4410222,522.65639,547.77089,1,1,14.5,10.92551,11.04872,8.93041,7.88323,8.69047,10.74331,2,1,869,1,2,3,4,3,2,1,-0.5803,134.462,-0.25,422.0361,464.8342,518.5938,2,4,2
4410213,473.99512,543.54042,2,1,14.583333333333334,14.01827,13.03951,7.91186,7.2741,8.93142,8.27843,1,NA,869,1,2,3,4,3,2,1,-0.5803,134.462,0.38,464.4103,462.7041,493.7896,2,4,2
4410204,644.5992,600.28627,1,1,14.75,12.51743,8.81989,11.33851,8.92971,11.07454,10.15325,1,2,869,1,2,3,4,3,2,1,-0.5803,134.462,0.39,630.4019,689.624,686.3484,2,4,2
4410206,554.30591,541.75601,1,1,14.416666666666666,11.64917,9.18945,10.35777,7.88323,11.07454,9.15641,1,1,869,1,2,3,4,3,2,1,-0.5803,134.462,0.79,544.1735,528.2996,579.8583,2,4,2
4410218,515.14019,556.04482,1,1,14.25,10.25396,10.19817,7.03246,6.66537,8.17383,8.70884,2,1,869,1,2,3,4,3,2,1,-0.5803,134.462,0.36,424.6845,498.9101,522.6035,2,4,2
4410208,497.32943,491.69815,1,1,15.083333333333334,14.01827,13.03951,9.965,7.88323,8.93142,9.6346,1,2,869,1,2,3,4,3,2,1,-0.5803,134.462,0.33,455.5305,512.4928,473.8344,2,4,2
4410225,571.39924,575.67638,1,1,14.75,11.64917,8.19852,8.26761,7.57539,8.43911,7.85736,1,1,869,1,2,3,4,3,2,1,-0.5803,134.462,0.48,516.7549,561.5018,571.5591,2,4,2
4350316,679.92688,641.40899,2,1,15.25,12.51743,8.81989,12.07123,13.70742,11.70269,8.27843,1,2,536,3,4,1,4,2,3,3,-0.256,120.222,0.57,553.2092,470.6433,568.2954,1,3,2
4350307,625.30987,623.25152,2,1,14.583333333333334,14.01827,10.19817,13.46507,11.01771,11.70269,10.74331,1,2,536,3,4,1,4,2,3,3,-0.256,120.222,-0.02,592.935,510.0188,524.7482,1,3,2
4350318,697.54367,622.30989,1,1,14.5,10.92551,11.04872,12.07123,10.35139,13.14698,12.42205,2,3,536,3,4,1,4,2,3,3,-0.256,120.222,-0.19,671.6856,627.1118,645.0392,1,3,2
4350319,575.09862,524.29784,2,1,14.833333333333334,11.64917,10.19817,12.07123,10.35139,11.07454,11.44903,1,2,536,3,4,1,4,2,3,3,-0.256,120.222,0.68,562.2449,482.7527,533.5136,1,3,2
4350317,678.26138,624.28579,1,1,14.666666666666666,12.51743,10.19817,7.91186,5.96004,10.80346,6.97717,1,2,536,3,4,1,4,2,3,3,-0.256,120.222,0.38,553.5208,637.1201,619.9552,1,3,2
4350310,591.76144,568.95282,1,1,14.833333333333334,12.51743,11.04872,10.35777,7.88323,10.30668,9.6346,1,2,536,3,4,1,4,2,3,3,-0.256,120.222,1.13,563.2575,543.7092,600.2797,1,3,2
4350315,647.09801,623.64389,1,1,14.5,10.92551,11.04872,5.03748,6.33324,10.80346,7.42878,1,2,536,3,4,1,4,2,3,3,-0.256,120.222,0.48,671.6856,683.2695,684.4834,1,3,2
4350320,617.03287,560.7149,1,1,14.583333333333334,10.92551,13.03951,9.60333,8.92971,10.07332,8.27843,1,2,536,3,4,1,4,2,3,3,-0.256,120.222,0.66,469.8629,564.123,514.4909,1,3,2
4350311,563.75778,570.54094,2,1,14.666666666666666,11.64917,10.19817,11.33851,9.34439,11.70269,12.42205,1,2,536,3,4,1,4,2,3,3,-0.256,120.222,0.63,599.1665,561.3433,615.0131,1,3,2
4350305,653.23475,657.89269,1,1,14.416666666666666,12.51743,10.19817,8.60159,9.34439,11.07454,9.15641,1,2,536,3,4,1,4,2,3,3,-0.256,120.222,0.72,712.1904,701.7769,685.1361,1,3,2
4350321,622.25764,592.07858,1,1,15.333333333333334,11.64917,9.18945,9.965,10.35139,10.30668,6.97717,1,3,536,3,4,1,4,2,3,3,-0.256,120.222,0.51,555.6239,559.3571,572.0254,1,3,2
4350313,622.98045,645.52762,2,1,15.166666666666666,14.01827,10.19817,12.07123,11.9425,11.70269,10.15325,1,2,536,3,4,1,4,2,3,3,-0.256,120.222,0.78,583.0425,551.1586,598.4148,1,3,2
4350308,563.14359,610.37134,2,1,14.916666666666666,14.01827,8.19852,9.60333,7.88323,10.30668,9.15641,1,2,536,3,4,1,4,2,3,3,-0.256,120.222,1.08,584.4446,545.3044,541.2533,1,3,2
4350322,590.62679,623.13215,1,1,13.916666666666666,11.64917,9.18945,8.93041,8.55351,8.69047,8.27843,1,1,536,3,4,1,4,2,3,3,-0.256,120.222,0.76,522.2075,532.9066,565.0317,1,3,2
4350314,547.44793,626.78597,2,2,14.916666666666666,12.51743,11.04872,9.60333,8.55351,9.84519,8.70884,1,2,536,3,4,1,4,2,3,3,-0.256,120.222,0.31,579.0699,525.8973,604.8489,1,3,2
4350312,653.28548,612.91691,2,1,14.916666666666666,12.51743,8.81989,10.35777,10.35139,8.69047,9.6346,1,2,536,3,4,1,4,2,3,3,-0.256,120.222,0.64,464.1767,480.2666,522.8833,1,3,2
4350306,584.55206,580.81401,1,1,14.333333333333334,12.51743,10.19817,11.33851,5.96004,15.81948,11.44903,1,3,536,3,4,1,4,2,3,3,-0.256,120.222,0.48,585.613,592.7182,628.6274,1,3,2
3240102,530.40377,578.25709,1,1,14.75,10.25396,13.03951,13.46507,9.34439,10.54867,12.42205,2,1,760,2,3,NA,4,4,3,NA,NA,NA,-0.05,460.5157,471.1887,519.1533,3,5,2
3240122,645.31441,613.7251,1,1,14.916666666666666,11.64917,8.19852,9.965,9.34439,10.07332,10.74331,1,2,760,2,3,NA,4,4,3,NA,NA,NA,0.27,470.0966,521.4685,513.5584,3,5,2
3240107,572.98105,581.22471,1,1,14.416666666666666,11.64917,9.62932,13.46507,10.35139,9.84519,10.74331,2,1,760,2,3,NA,4,4,3,NA,NA,NA,-0.1,556.0913,595.816,527.5457,3,5,2
3240126,557.79602,526.89273,2,1,13.916666666666666,12.51743,13.03951,9.965,10.35139,10.54867,10.15325,1,1,760,2,3,NA,4,4,3,NA,NA,NA,0.78,541.8367,504.325,474.4871,3,5,2
3240117,678.14361,647.49698,2,1,14.833333333333334,11.64917,9.18945,9.965,8.55351,8.93142,8.70884,1,1,760,2,3,NA,4,4,3,NA,NA,NA,0.57,621.0547,529.2655,590.6751,3,5,2
3240116,715.65322,735.58479,2,1,14.833333333333334,11.64917,8.19852,13.46507,13.70742,15.81948,10.74331,1,3,760,2,3,NA,4,4,3,NA,NA,NA,0.64,757.2909,649.5573,728.0306,3,5,2
3240121,701.43144,534.74188,1,1,14.75,12.51743,7.91394,10.35777,9.34439,7.89169,10.15325,1,1,760,2,3,NA,4,4,3,NA,NA,NA,0.84,609.059,621.2339,643.1742,3,5,2
3240110,569.48044,670.73337,1,1,14.5,12.51743,13.03951,11.33851,11.9425,11.37095,14.34298,1,1,760,2,3,NA,4,4,3,NA,NA,NA,0.93,514.3402,466.4228,459.7538,3,5,2
3240106,596.88029,591.26068,2,1,14.833333333333334,10.92551,8.81989,9.965,8.55351,8.93142,9.6346,1,1,760,2,3,NA,4,4,3,NA,NA,NA,0.89,520.4938,416.1912,470.4774,3,5,2
3240127,558.11502,637.45795,2,1,15,11.64917,11.04872,10.35777,7.88323,9.61942,10.15325,1,1,760,2,3,NA,4,4,3,NA,NA,NA,0.48,532.2558,477.3796,482.7863,3,5,2
3240114,645.02625,597.79166,1,2,14.916666666666666,11.64917,8.48873,10.35777,7.57539,10.54867,10.15325,1,1,760,2,3,NA,4,4,3,NA,NA,NA,0.35,583.6657,563.567,496.7736,3,5,2
3240118,661.93343,651.25805,2,1,14.333333333333334,12.51743,9.62932,9.60333,8.92971,11.70269,10.74331,1,1,760,2,3,NA,4,4,3,NA,NA,NA,0.83,561.9333,540.2521,587.4114,3,5,2
3240101,581.24039,597.00933,2,2,15.5,12.51743,9.62932,9.60333,7.57539,8.43911,10.74331,2,1,760,2,3,NA,4,4,3,NA,NA,NA,-0.03,569.2553,488.3663,531.6486,3,5,2
3240115,722.70092,646.60892,2,2,14.75,10.92551,9.18945,12.07123,8.20673,11.07454,12.42205,1,1,760,2,3,NA,4,4,3,NA,NA,NA,-0.61,567.6975,493.178,544.7035,3,5,2
3240113,582.70477,666.81365,1,2,14.75,14.01827,9.18945,13.46507,11.9425,12.54869,12.42205,1,2,760,2,3,NA,4,4,3,NA,NA,NA,0.43,650.888,687.9559,633.0101,3,5,2
3240109,583.45931,497.26982,1,1,15.083333333333334,10.92551,10.19817,10.80246,11.01771,10.30668,11.44903,1,1,760,2,3,NA,4,4,3,NA,NA,NA,0.24,537.7863,537.7519,558.2245,3,5,2
3240112,581.18419,640.61575,1,1,14.75,12.51743,10.19817,9.26151,7.88323,8.43911,10.15325,1,1,760,2,3,NA,4,4,3,NA,NA,NA,0.64,703.5442,711.7852,716.561,3,5,2
3240119,507.88567,570.64569,1,1,14.916666666666666,12.51743,13.03951,11.33851,9.81093,10.30668,10.74331,1,1,760,2,3,NA,4,4,3,NA,NA,NA,0.72,526.6475,535.7661,576.9675,3,5,2
3240123,569.23139,512.15296,2,1,14.166666666666666,12.51743,11.04872,13.46507,11.01771,11.70269,9.6346,1,1,760,2,3,NA,4,4,3,NA,NA,NA,0.46,576.7331,497.0273,575.9418,3,5,2
3230126,562.29966,553.3909,1,1,15.083333333333334,10.92551,8.48873,8.93041,8.55351,10.07332,8.70884,2,2,625,3,5,1,2,3,3,1,-0.4184,157.5,-0.47,565.6722,513.2871,588.9034,1,3,2
3230116,543.75481,469.22946,2,1,14.916666666666666,12.51743,13.03951,9.26151,9.81093,7.89169,7.85736,1,2,625,3,5,1,2,3,3,1,-0.4184,157.5,0.33,537.7863,433.6736,499.4778,1,3,2
3230112,500.29875,581.1061,2,1,15.166666666666666,11.64917,13.03951,9.60333,10.35139,9.61942,9.15641,1,3,625,3,5,1,2,3,3,1,-0.4184,157.5,-0.23,530.62,459.4963,540.414,1,3,2
3230109,544.79985,618.64276,2,1,15,11.64917,13.03951,7.51389,6.97345,9.61942,8.27843,1,2,625,3,5,1,2,3,3,1,-0.4184,157.5,0.18,510.4456,518.8402,602.7975,1,3,2
3230118,568.65451,512.77871,1,1,14.916666666666666,8.91919,8.81989,11.33851,8.55351,9.61942,7.85736,2,1,625,3,5,1,2,3,3,1,-0.4184,157.5,-0.38,454.2842,378.175,448.937,1,3,2
3230105,571.92874,570.84253,2,1,14.916666666666666,12.51743,11.04872,9.965,11.9425,10.07332,9.15641,1,3,625,3,5,1,2,3,3,1,-0.4184,157.5,0.56,555.0787,475.455,540.6938,1,3,2
3230124,604.51638,612.74965,1,1,14.75,11.64917,11.04872,13.46507,11.9425,12.54869,10.15325,1,2,625,3,5,1,2,3,3,1,-0.4184,157.5,0.89,574.3963,551.97,598.6013,1,3,2
3230107,560.30164,595.98542,1,1,14.916666666666666,14.01827,8.81989,8.26761,8.20673,8.69047,9.15641,1,1,625,3,5,1,2,3,3,1,-0.4184,157.5,-0.15,512.3929,453.7139,478.4968,1,3,2
3230120,657.28498,639.69692,1,1,14.416666666666666,11.64917,8.19852,9.60333,8.55351,11.07454,8.27843,1,2,625,3,5,1,2,3,3,1,-0.4184,157.5,0.16,628.8441,554.8296,589.0899,1,3,2
3230123,655.5102,582.15805,1,1,14,12.51743,9.62932,10.80246,11.9425,11.70269,7.85736,1,2,625,3,5,1,2,3,3,1,-0.4184,157.5,0.14,672.4646,654.6743,685.7889,1,3,2
3230111,564.88998,559.67791,1,1,14.25,12.51743,9.18945,9.60333,11.01771,10.07332,7.85736,1,2,625,3,5,1,2,3,3,1,-0.4184,157.5,0.39,500.1636,438.066,476.2589,1,3,2
3230121,666.81294,630.34257,1,1,14.833333333333334,11.64917,11.04872,7.51389,6.97345,9.84519,7.42878,1,2,625,3,5,1,2,3,3,1,-0.4184,157.5,0.31,624.5599,601.4556,626.7624,1,3,2
3230106,616.94941,624.73598,1,1,14.5,10.92551,9.62932,13.46507,13.70742,13.14698,12.42205,1,2,625,3,5,1,2,3,3,1,-0.4184,157.5,0.27,547.8346,498.4335,508.8959,1,3,2
3210213,441.53654,450.2529,2,1,14.416666666666666,10.25396,7.38476,10.80246,11.9425,10.54867,9.15641,1,2,766,2,5,2,1,3,2,2,-0.256,163.8,0.59,388.5418,366.4706,359.1384,1,3,2
3210218,388.28178,450.13418,2,1,14.166666666666666,9.60097,13.03951,9.965,9.81093,8.69047,9.6346,2,1,766,2,5,2,1,3,2,2,-0.256,163.8,-0.04,411.3647,395.5812,433.3644,1,3,2
3210203,494.67877,408.91195,2,1,14.166666666666666,10.92551,9.62932,9.965,8.55351,9.61942,10.74331,1,1,766,2,5,2,1,3,2,2,-0.256,163.8,0.01,435.7454,428.7818,484.8377,1,3,2
3210223,440.76178,391.51532,1,1,15.25,11.17406,8.81989,12.07123,11.01771,8.43911,11.44903,NA,1,766,2,5,2,1,3,2,2,-0.256,163.8,-0.08,450.5453,471.0298,481.7605,1,3,2
3210221,467.67413,475.31363,2,1,14.5,10.92551,13.03951,12.07123,11.01771,9.16491,12.42205,1,2,766,2,5,2,1,3,2,2,-0.256,163.8,-0.38,499.2289,471.4453,521.0183,1,3,2
3210219,537.89628,568.1359,2,1,14.333333333333334,10.92551,9.62932,10.80246,11.01771,12.54869,11.44903,1,2,766,2,5,2,1,3,2,2,-0.256,163.8,-0.09,518.157,431.4282,542.279,1,3,2
3210216,470.66389,513.6456,2,1,14.416666666666666,10.92551,10.19817,10.80246,10.35139,9.61942,10.15325,1,2,766,2,5,2,1,3,2,2,-0.256,163.8,0.76,422.4256,405.7659,492.7639,1,3,2
3210209,512.11981,547.28316,2,1,13.75,8.91919,8.48873,9.26151,8.92971,7.58514,8.27843,3,2,766,2,5,2,1,3,2,2,-0.256,163.8,-0.29,465.2672,361.659,449.4965,1,3,2
3210222,524.66056,561.11109,2,1,15.25,9.60097,13.03951,12.07123,9.81093,11.37095,10.74331,3,2,766,2,5,2,1,3,2,2,-0.256,163.8,-0.37,477.107,526.2983,618.9295,1,3,2
5100102,602.234,642.88963,2,1,15.166666666666666,10.92551,11.04872,13.46507,11.9425,11.07454,11.44903,1,1,364,1,2,1,2,3,3,3,0.5021,85,0.51,519.0139,522.048,525.028,2,4,2
5100115,455.85362,590.12079,1,1,14.75,14.01827,10.19817,9.26151,8.92971,8.43911,9.15641,1,1,364,1,2,1,2,3,3,3,0.5021,85,0.28,430.1371,452.1253,439.8918,2,4,2
5100117,536.6328,544.93868,1,1,15.333333333333334,11.64917,10.19817,9.965,11.9425,9.84519,10.15325,1,1,364,1,2,1,2,3,3,3,0.5021,85,1.14,517.3781,561.7401,474.2074,2,4,2
5100109,587.82887,582.23148,2,1,14.5,12.51743,9.62932,9.26151,9.34439,7.89169,10.74331,1,1,364,1,2,1,2,3,3,3,0.5021,85,0.26,634.9977,632.6362,652.2193,2,4,2
5100113,550.13524,470.47334,1,1,15,10.92551,11.04872,11.33851,8.55351,8.43911,9.6346,1,1,364,1,2,1,2,3,3,3,0.5021,85,0.12,496.8141,518.8473,505.539,2,4,2
5100104,559.56487,555.16942,1,1,15,14.01827,13.03951,10.35777,9.81093,12.08627,9.6346,1,2,364,1,2,1,2,3,3,3,0.5021,85,0.96,592.1561,580.0092,618.743,2,4,2
5100120,554.41653,574.40076,1,1,14.75,10.25396,13.03951,13.46507,13.70742,9.61942,12.42205,3,1,364,1,2,1,2,3,3,3,0.5021,85,-0.26,441.7433,422.9741,411.9172,2,4,2
5100101,592.23273,612.31462,2,1,14.25,10.92551,11.04872,13.46507,11.9425,11.37095,11.44903,2,1,364,1,2,1,2,3,3,3,0.5021,85,0.43,550.9503,537.2849,646.6244,2,4,2
5100125,667.01663,653.55943,1,2,14.333333333333334,12.51743,11.04872,9.965,6.66537,10.54867,9.15641,2,3,364,1,2,1,2,3,3,3,0.5021,85,0.57,601.5812,604.0768,560.1828,2,4,2
5100119,631.44694,556.0949,1,1,14.416666666666666,11.64917,11.04872,10.35777,9.81093,12.54869,10.15325,1,2,364,1,2,1,2,3,3,3,0.5021,85,0.76,570.5016,570.2392,653.6181,2,4,2
5100107,527.86239,508.09805,1,1,15,10.92551,11.04872,10.35777,8.92971,9.16491,9.6346,1,2,364,1,2,1,2,3,3,3,0.5021,85,0.57,473.2902,549.746,430.6602,2,4,2
5100116,596.13916,596.49061,2,2,14.666666666666666,11.64917,11.04872,12.07123,11.9425,10.07332,9.6346,1,2,364,1,2,1,2,3,3,3,0.5021,85,0.52,516.6771,453.0807,495.5614,2,4,2
5100114,560.73361,559.25684,1,1,14.666666666666666,11.64917,13.03951,10.80246,9.34439,11.37095,10.15325,1,2,364,1,2,1,2,3,3,3,0.5021,85,0.12,499.5404,491.0465,471.3167,2,4,2
5100108,514.4889,554.37236,1,1,15.083333333333334,10.92551,11.04872,10.35777,7.57539,6.85613,10.74331,1,2,364,1,2,1,2,3,3,3,0.5021,85,0.19,508.1087,523.6132,474.6736,2,4,2
5100122,606.81149,581.45984,1,1,14.416666666666666,9.60097,11.04872,10.35777,7.57539,9.39344,10.15325,2,2,364,1,2,1,2,3,3,3,0.5021,85,-0.17,568.009,628.3827,565.4979,2,4,2
5100121,626.20351,617.02311,2,1,14.583333333333334,11.64917,13.03951,13.46507,10.35139,12.08627,12.42205,1,1,364,1,2,1,2,3,3,3,0.5021,85,-0.21,675.5803,611.0639,608.9519,2,4,2
5100118,546.1859,573.92929,1,1,15.166666666666666,11.64917,13.03951,10.35777,10.35139,8.69047,10.74331,2,2,364,1,2,1,2,3,3,3,0.5021,85,-0.37,500.0078,595.816,592.8198,2,4,2
5100111,644.144,659.63334,1,1,13.75,12.51743,9.62932,9.965,7.88323,10.54867,9.6346,1,1,364,1,2,1,2,3,3,3,0.5021,85,0.49,607.8127,667.6216,657.1615,2,4,2
5090110,691.45465,695.53649,2,1,14.583333333333334,12.51743,9.62932,13.46507,11.9425,14.02271,10.74331,1,2,310,1,4,1,1,1,2,1,-0.9168,NA,-0.02,582.9646,547.4696,590.2089,2,3,2
5090114,669.86405,703.08276,1,1,14.5,12.51743,9.62932,10.80246,7.57539,11.70269,10.74331,1,2,310,1,4,1,1,1,2,1,-0.9168,NA,0.8,587.2488,541.0086,549.9254,2,3,2
5090109,723.80451,705.46706,2,1,14.333333333333334,12.51743,8.19852,13.46507,13.70742,15.81948,12.42205,1,1,310,1,4,1,1,1,2,1,-0.9168,NA,0.72,645.2017,589.4114,655.0168,2,3,2
5090116,602.51478,557.32895,2,1,14.25,14.01827,11.04872,13.46507,11.9425,11.70269,11.44903,1,2,310,1,4,1,1,1,2,1,-0.9168,NA,0.8,473.9134,464.1476,468.7057,2,3,2
5090107,591.15707,697.13672,1,1,14.75,12.51743,8.81989,9.26151,8.20673,9.84519,8.27843,1,1,310,1,4,1,1,1,2,1,-0.9168,NA,1.16,539.6557,533.9392,548.4334,2,3,2
5090115,599.52736,636.55571,2,1,14.833333333333334,11.64917,7.6477,9.965,11.9425,11.70269,9.6346,1,2,310,1,4,1,1,1,2,1,-0.9168,NA,0.51,634.4524,604.8889,566.7102,2,3,2
5090105,664.58956,660.5573,2,1,15.083333333333334,10.92551,8.19852,9.60333,8.20673,10.30668,9.6346,1,2,310,1,4,1,1,1,2,1,-0.9168,NA,0.5,575.331,546.8281,618.0903,2,3,2
5090124,558.9795,585.29598,2,1,14.583333333333334,10.92551,NA,9.60333,8.55351,9.61942,7.42878,2,2,310,1,4,1,1,1,2,1,-0.9168,NA,0.12,519.0918,453.6421,597.6688,2,3,2
5090103,623.04693,593.61181,1,1,14.916666666666666,10.92551,10.19817,10.35777,7.57539,8.43911,10.15325,2,1,310,1,4,1,1,1,2,1,-0.9168,NA,-0.09,493.3089,483.8977,510.1082,2,3,2
5090101,509.36178,489.33686,2,1,15,12.51743,13.03951,8.60159,8.20673,8.17383,7.85736,1,2,310,1,4,1,1,1,2,1,-0.9168,NA,0.57,450.6232,450.9155,455.7441,2,3,2
5090125,627.71806,585.51104,2,1,15.416666666666666,10.92551,11.04872,8.93041,8.55351,9.84519,7.85736,1,2,310,1,4,1,1,1,2,1,-0.9168,NA,0.51,536.7736,462.9446,563.9127,2,3,2
5090122,506.87504,544.54326,1,1,15.166666666666666,11.64917,7.38476,5.03748,5.49149,4.94405,6.97717,1,1,310,1,4,1,1,1,2,1,-0.9168,NA,0.08,457.3999,515.6701,474.3939,2,3,2
5090113,641.30273,616.98317,1,1,14.916666666666666,11.64917,11.04872,9.60333,7.57539,12.54869,9.15641,1,2,310,1,4,1,1,1,2,1,-0.9168,NA,0.72,626.4294,610.193,612.2156,2,3,2
5090118,576.70926,628.37595,2,1,14.916666666666666,10.92551,11.04872,8.26761,8.55351,7.58514,10.15325,2,2,310,1,4,1,1,1,2,1,-0.9168,NA,-0.3,539.1883,493.8997,562.7005,2,3,2
5090108,553.68635,618.36453,1,1,14,11.64917,11.04872,10.35777,9.81093,9.16491,10.15325,1,1,310,1,4,1,1,1,2,1,-0.9168,NA,0.43,459.7367,475.1603,483.7188,2,3,2
5090120,606.75339,550.8414,1,1,14.666666666666666,10.04151,11.04872,10.80246,8.20673,11.07454,9.15641,NA,2,310,1,4,1,1,1,2,1,-0.9168,NA,0.43,533.8137,471.427,558.3178,2,3,2
5090104,615.69878,595.24346,2,1,15.25,10.92551,13.03951,10.80246,9.34439,9.39344,10.15325,2,2,310,1,4,1,1,1,2,1,-0.9168,NA,0.22,592.1561,554.0456,597.2025,2,3,2
3930227,628.27997,623.02992,2,1,15,12.51743,9.18945,10.80246,7.88323,11.07454,10.74331,1,1,1030,1,1,1,4,3,3,3,0.0872,155.714,0.63,653.6922,631.1125,651.3801,2,5,2
3930322,626.5805,602.61657,1,1,14.333333333333334,11.64917,13.03951,9.26151,8.92971,10.80346,9.6346,1,1,1030,1,1,1,4,3,3,3,0.0872,155.714,0.63,645.9807,577.6263,620.1417,2,6,2
3930328,540.56482,541.56495,2,2,15.333333333333334,11.64917,10.19817,9.965,9.34439,9.39344,10.74331,1,1,1030,1,1,1,4,3,3,3,0.0872,155.714,1.28,633.5177,557.3336,600,2,6,2
3930219,590.25047,584.66696,1,1,14.583333333333334,11.64917,9.62932,9.965,6.66537,9.39344,9.6346,1,3,1030,1,1,1,4,3,3,3,0.0872,155.714,1.03,598.3876,680.0128,655.9493,2,5,2
3930212,696.53349,701.01171,1,1,14.666666666666666,12.51743,9.62932,9.60333,7.2741,11.37095,10.15325,1,2,1030,1,1,1,4,3,3,3,0.0872,155.714,0.84,663.7405,671.5932,635.7143,2,5,2
3930225,619.08486,730.9421,2,2,13.916666666666666,11.64917,9.62932,12.07123,11.9425,11.07454,10.74331,1,2,1030,1,1,1,4,3,3,3,0.0872,155.714,0.89,598.5434,614.833,606.9937,2,5,2
3930308,624.63991,672.51778,1,1,15,12.51743,11.04872,10.80246,11.01771,11.37095,11.44903,1,3,1030,1,1,1,4,3,3,3,0.0872,155.714,0.99,649.0964,579.4532,594.6848,2,6,2
3930216,550.62262,570.65965,2,1,14.583333333333334,10.92551,13.03951,13.46507,8.92971,11.70269,10.15325,1,2,1030,1,1,1,4,3,3,3,0.0872,155.714,1.44,569.7227,606.0918,552.6296,2,5,2
3930230,665.05113,657.021,2,1,15,12.51743,8.48873,12.07123,8.55351,11.70269,11.44903,1,2,1030,1,1,1,4,3,3,3,0.0872,155.714,0.65,697.4685,650.1988,665.4606,2,5,2
3930214,640.1435,571.67756,1,1,14.416666666666666,12.51743,8.48873,12.07123,8.20673,10.54867,12.42205,1,1,1030,1,1,1,4,3,3,3,0.0872,155.714,1.34,600.4907,664.9209,601.2122,2,5,2
3930330,696.65092,684.10575,2,1,14.75,12.51743,10.19817,10.80246,8.92971,13.14698,11.44903,1,2,1030,1,1,1,4,3,3,3,0.0872,155.714,0.64,668.4141,622.5317,641.3092,2,6,2
3930307,638.19989,623.48153,2,2,14.583333333333334,10.92551,11.04872,13.46507,13.70742,15.81948,14.34298,1,1,1030,1,1,1,4,3,3,3,0.0872,155.714,0.37,636.0882,529.1853,550.9511,2,6,2
3930211,690.6448,660.84437,2,1,14.25,11.64917,9.62932,13.46507,10.35139,15.81948,12.42205,1,3,1030,1,1,1,4,3,3,3,0.0872,155.714,0.52,610.2274,604.4078,590.2089,2,5,2
3930306,571.64561,590.84103,2,1,15,12.51743,10.19817,13.46507,13.70742,13.14698,9.6346,1,1,1030,1,1,1,4,3,3,3,0.0872,155.714,0.82,648.2396,533.997,571.0929,2,6,2
3930231,610.51982,644.64666,2,2,15.166666666666666,12.51743,11.04872,10.35777,10.35139,10.80346,11.44903,1,3,1030,1,1,1,4,3,3,3,0.0872,155.714,0.86,686.4854,622.2911,688.2134,2,5,2
3930210,666.93037,623.20668,1,1,15.083333333333334,11.64917,11.04872,10.35777,8.92971,10.30668,10.74331,1,3,1030,1,1,1,4,3,3,3,0.0872,155.714,0.57,641.3071,633.228,638.232,2,5,2
3930303,656.3653,741.88064,2,1,15.583333333333334,11.64917,10.19817,10.35777,9.81093,11.70269,9.6346,1,1,1030,1,1,1,4,3,3,3,0.0872,155.714,0.44,639.905,548.7528,610.5371,2,6,2
3930312,628.34466,539.58185,1,1,14.5,10.25396,11.04872,8.93041,9.34439,10.07332,7.85736,2,1,1030,1,1,1,4,3,3,3,0.0872,155.714,-0.53,563.4912,523.3749,564.0992,2,6,2
3930201,668.29106,671.3349,2,1,14.666666666666666,12.51743,7.11034,8.60159,7.88323,9.39344,10.15325,1,2,1030,1,1,1,4,3,3,3,0.0872,155.714,0.9,611.3959,634.2401,631.9843,2,5,2
3930315,623.9665,593.36184,2,2,14.833333333333334,14.01827,13.03951,5.03748,3.41233,11.37095,3.26515,1,1,1030,1,1,1,4,3,3,3,0.0872,155.714,0.46,579.6931,561.3433,583.3085,2,6,2
3930325,624.28505,615.4531,1,1,14.5,11.64917,13.03951,9.965,7.57539,9.39344,10.74331,1,1,1030,1,1,1,4,3,3,3,0.0872,155.714,0.78,624.1704,597.7223,659.959,2,6,2
3930229,578.10582,567.54801,1,1,15.166666666666666,14.01827,10.19817,9.965,10.35139,9.39344,8.70884,1,2,1030,1,1,1,4,3,3,3,0.0872,155.714,1.27,568.2427,609.637,580.6975,2,5,2
3930205,733.17526,701.15487,2,1,14.916666666666666,14.01827,8.81989,10.80246,11.01771,15.81948,11.44903,1,3,1030,1,1,1,4,3,3,3,0.0872,155.714,0.57,697.3127,630.2304,670.8691,2,5,2
3930301,662.45846,610.32693,2,1,14.916666666666666,10.92551,9.18945,9.60333,7.88323,9.39344,9.15641,2,1,1030,1,1,1,4,3,3,3,0.0872,155.714,0.05,562.5565,461.9021,615.0131,2,6,2
3920114,596.78755,590.99739,2,1,15,11.17406,11.04872,12.07123,11.9425,11.37095,10.74331,NA,1,536,2,4,3,4,3,4,2,-1.5162,131.5,-0.49,480.768,404.964,526.6132,3,7,2
3920117,570.6666,560.78746,1,1,15.083333333333334,10.25396,11.04872,9.965,8.20673,9.39344,10.15325,2,1,536,2,4,3,4,3,4,2,-1.5162,131.5,-0.24,479.1323,429.3286,436.1619,3,7,2
3920118,722.2132,627.67687,2,1,14.083333333333334,11.64917,8.48873,9.965,10.35139,13.14698,10.15325,1,2,536,2,4,3,4,3,4,2,-1.5162,131.5,0.3,620.1979,603.0444,684.9496,3,7,2
3920105,640.08517,555.47035,2,1,14.75,10.92551,13.03951,10.35777,9.34439,12.54869,9.15641,2,1,536,2,4,3,4,3,4,2,-1.5162,131.5,-0.18,511.1466,485.1585,518.9668,3,7,2
3920115,663.20674,653.47214,1,1,14.416666666666666,11.64917,11.04872,8.60159,6.33324,11.07454,10.15325,1,1,536,2,4,3,4,3,4,2,-1.5162,131.5,0.44,585.2236,511.6985,569.2279,3,7,2
3920119,514.22007,507.42537,1,1,14.333333333333334,10.25396,13.03951,10.80246,9.34439,9.39344,9.6346,1,1,536,2,4,3,4,3,4,2,-1.5162,131.5,0.52,489.1027,396.4441,458.5416,3,7,2
3920111,556.55768,568.79603,1,1,14.916666666666666,10.92551,11.04872,8.26761,7.57539,6.85613,8.27843,1,2,536,2,4,3,4,3,4,2,-1.5162,131.5,0.72,491.9847,452.8401,556.5461,3,7,2
3920104,526.8426,501.14121,1,1,14,10.92551,7.6477,11.33851,10.35139,10.30668,10.15325,1,1,536,2,4,3,4,3,4,2,-1.5162,131.5,0.66,397.3438,428.5343,381.1451,3,7,2
3920108,556.98763,558.7558,1,1,15.416666666666666,10.92551,10.19817,7.91186,6.33324,8.43911,8.27843,2,1,536,2,4,3,4,3,4,2,-1.5162,131.5,-0.02,517.5339,451.9664,575.9418,3,7,2
3920103,593.03554,514.75767,1,1,14.416666666666666,11.64917,10.19817,9.965,7.57539,9.39344,11.44903,1,2,536,2,4,3,4,3,4,2,-1.5162,131.5,0.37,455.9978,486.8366,461.5256,3,7,2
3920101,485.2897,558.21516,2,1,15.166666666666666,10.92551,13.03951,13.46507,11.01771,9.84519,14.34298,1,1,536,2,4,3,4,3,4,2,-1.5162,131.5,0.89,536.8515,489.9702,602.1447,3,7,2
3920120,597.19884,589.33104,2,1,14.5,10.25396,10.19817,12.07123,11.01771,11.37095,9.6346,2,3,536,2,4,3,4,3,4,2,-1.5162,131.5,0.82,526.1801,450.9155,562.9802,3,7,2
3920107,518.54326,513.04997,1,1,15.166666666666666,10.25396,9.62932,8.93041,7.57539,8.93142,7.85736,2,1,536,2,4,3,4,3,4,2,-1.5162,131.5,-1.03,551.885,518.2913,486.5162,3,7,2
3920109,532.01206,613.85516,1,1,14.25,11.64917,11.04872,9.965,9.34439,9.39344,10.15325,1,1,536,2,4,3,4,3,4,2,-1.5162,131.5,-0.22,569.6448,552.2083,548.3402,3,7,2
3920121,568.24489,620.45237,2,1,14.333333333333334,11.64917,13.03951,13.46507,13.70742,15.81948,14.34298,1,1,536,2,4,3,4,3,4,2,-1.5162,131.5,-0.19,566.6069,553.1635,596.4565,3,7,2
3920113,587.90909,685.60505,2,1,14.583333333333334,10.25396,8.81989,12.07123,10.35139,15.81948,12.42205,1,3,536,2,4,3,4,3,4,2,-1.5162,131.5,0.66,527.1927,422.6068,522.3238,3,7,2
3920112,631.49141,562.90172,1,1,14.25,10.92551,13.03951,13.46507,7.88323,14.02271,12.42205,2,2,536,2,4,3,4,3,4,2,-1.5162,131.5,-0.01,557.9607,563.567,540.6005,3,7,2
3920116,488.54695,519.69889,2,1,14.833333333333334,10.92551,7.38476,8.60159,8.20673,8.43911,8.27843,3,2,536,2,4,3,4,3,4,2,-1.5162,131.5,-0.22,461.4504,489.7296,510.0149,3,7,2
3910110,588.28351,580.16076,1,1,15.083333333333334,10.25396,9.18945,10.80246,7.88323,12.08627,8.70884,2,2,84,3,6,2,2,3,4,2,-0.9168,44,-0.3,567.3859,582.1538,620.981,1,3,2
3910104,545.53014,581.21052,1,1,15,10.92551,13.03951,13.46507,9.81093,11.37095,12.42205,1,1,84,3,6,2,2,3,4,2,-0.9168,44,0.17,447.5853,476.6694,532.3014,1,3,2
3910101,530.66199,491.08778,1,1,15.333333333333334,12.51743,11.04872,10.35777,8.92971,10.61539,10.15325,2,3,84,3,6,2,2,3,4,2,-0.9168,44,0.35,480.1449,510.7453,584.3342,1,3,2
3910109,510.53622,437.89612,1,1,14.75,8.91919,9.18945,9.26151,8.92971,8.69047,8.27843,2,1,84,3,6,2,2,3,4,2,-0.9168,44,-1.03,434.8886,495.018,465.7217,1,3,2
3910105,519.19713,541.93921,1,1,14.333333333333334,10.25396,9.18945,8.44406,11.01771,8.93142,11.44903,2,1,84,3,6,2,2,3,4,2,-0.9168,44,-0.59,439.5622,553.2409,487.4487,1,3,2
3910106,588.84162,527.09578,1,1,14.5,10.92551,11.04872,11.33851,11.01771,11.07454,12.42205,2,2,84,3,6,2,2,3,4,2,-0.9168,44,0.01,511.614,504.5497,476.6319,1,3,2
5050223,585.27632,609.63037,2,1,15.166666666666666,10.25396,9.62932,13.46507,11.01771,9.39344,8.70884,1,2,809,1,3,1,2,2,3,1,1.9226,155.6,1.75,467.2145,509.2169,538.1761,2,3,2
5050218,564.50651,598.57006,2,1,14.75,10.25396,11.04872,10.35777,9.34439,8.43911,10.15325,2,1,809,1,3,1,2,2,3,1,1.9226,155.6,0.3,585.3014,513.8681,552.6296,2,3,2
5050215,580.82776,650.00283,2,2,15,12.51743,6.83195,9.965,11.9425,12.08627,10.15325,1,1,809,1,3,1,2,2,3,1,1.9226,155.6,0.88,603.0612,525.2558,566.5237,2,3,2
5050224,489.94842,459.91985,1,1,15.166666666666666,11.64917,10.19817,10.80246,9.81093,14.02271,11.44903,2,1,809,1,3,1,2,2,3,1,1.9226,155.6,0.11,486.2206,475.1603,469.7314,2,3,2
5050210,620.81058,617.30069,1,1,14.916666666666666,10.92551,8.81989,10.80246,9.81093,11.37095,9.15641,1,1,809,1,3,1,2,2,3,1,1.9226,155.6,0.36,542.3041,618.1361,564.8452,2,3,2
5050208,552.44488,580.56447,1,1,15,11.64917,9.62932,8.26761,9.34439,8.43911,8.27843,1,2,809,1,3,1,2,2,3,1,1.9226,155.6,0.21,495.6457,505.5823,486.5162,2,3,2
5050206,535.81625,557.11586,1,1,14.083333333333334,12.51743,11.04872,10.80246,8.20673,10.54867,8.70884,1,1,809,1,3,1,2,2,3,1,1.9226,155.6,1.03,513.795,574.3696,497.7993,2,3,2
5050222,585.55062,587.99322,1,2,14.916666666666666,14.01827,11.04872,10.35777,8.92971,11.07454,10.15325,1,1,809,1,3,1,2,2,3,1,1.9226,155.6,0.51,543.1609,577.8646,541.533,2,3,2
5050203,657.55884,654.76501,2,1,14.833333333333334,10.92551,10.19817,9.26151,9.34439,11.07454,11.44903,2,2,809,1,3,1,2,2,3,1,1.9226,155.6,-0.29,586.7814,534.8791,568.8549,2,3,2
5050225,541.66852,579.0871,2,1,15.25,11.64917,10.19817,12.92233,9.81093,10.54867,10.15325,1,2,809,1,3,1,2,2,3,1,1.9226,155.6,0.25,493.3089,492.376,502.0888,2,3,2
5050209,516.95352,601.42234,1,1,15.166666666666666,14.01827,13.03951,8.26761,8.20673,8.43911,10.15325,1,1,809,1,3,1,2,2,3,1,1.9226,155.6,0.46,469.5513,541.088,479.4293,2,3,2
5040105,684.81354,718.60071,1,2,13.666666666666666,11.64917,11.04872,11.33851,9.81093,11.37095,9.6346,1,2,97,3,6,4,4,4,4,1,-3.2968,35,0.16,548.5356,567.3002,590.0224,NA,3,2
5040104,644.26099,733.97921,1,2,14.666666666666666,10.92551,13.03951,10.80246,11.01771,10.30668,10.15325,2,2,97,3,6,4,4,4,4,1,-3.2968,35,-0.2,520.9612,548.2368,558.6908,NA,3,2
5040107,594.73266,693.96169,2,2,13.916666666666666,10.25396,13.03951,10.35777,8.20673,10.54867,9.6346,2,2,97,3,6,4,4,4,4,1,-3.2968,35,-0.07,443.5348,417.5545,544.517,NA,3,2
5040102,568.6906,569.99571,1,1,14.75,12.51743,13.03951,12.07123,11.01771,11.07454,11.44903,2,2,97,3,6,4,4,4,4,1,-3.2968,35,-1.09,470.9534,439.3369,545.3562,NA,3,2
5040101,651.58758,591.38463,2,2,13.75,9.60097,13.03951,10.35777,11.9425,11.07454,10.15325,2,2,97,3,6,4,4,4,4,1,-3.2968,35,0.14,498.6836,458.6141,530.0634,NA,3,2
5040103,682.34133,625.37145,1,1,14.333333333333334,10.25396,9.62932,12.07123,7.88323,11.07454,10.15325,2,2,97,3,6,4,4,4,4,1,-3.2968,35,-0.47,522.1296,482.5473,521.9508,NA,3,2
5030210,596.44877,638.59468,2,1,14.5,12.51743,8.19852,11.33851,11.9425,11.37095,9.6346,1,2,668,1,4,1,1,1,2,2,-0.3225,121.636,0.15,628.7662,546.9083,561.1153,1,3,2
5030202,537.7317,575.88577,2,1,14.666666666666666,9.60097,13.03951,10.80246,10.35139,9.61942,10.15325,2,2,668,1,4,1,1,1,2,2,-0.3225,121.636,-0.1,500.0078,473.8511,423.107,1,3,2
5030201,550.88162,581.37179,2,1,14.333333333333334,14.01827,13.03951,7.51389,8.55351,9.61942,8.27843,1,2,668,1,4,1,1,1,2,2,-0.3225,121.636,1.31,539.9673,412.1815,516.1693,1,3,2
5030208,571.90215,599.98174,2,2,14.75,14.01827,13.03951,10.91082,11.01771,12.54869,11.44903,1,2,668,1,4,1,1,1,2,2,-0.3225,121.636,1.76,533.0347,435.6785,490.2462,1,3,2
5030222,551.30442,572.24428,2,1,14.666666666666666,10.92551,9.62932,9.26151,10.35139,9.61942,9.15641,2,2,668,1,4,1,1,1,2,2,-0.3225,121.636,0.12,570.0343,497.1877,547.5009,1,3,2
5030206,631.31331,535.17626,1,1,14.416666666666666,9.60097,11.04872,13.46507,13.70742,11.70269,12.42205,3,2,668,1,4,1,1,1,2,2,-0.3225,121.636,-0.3,439.4843,482.2296,462.9243,1,3,2
5030207,613.03773,580.62219,1,1,14.833333333333334,12.51743,11.04872,9.965,11.01771,10.80346,9.15641,1,2,668,1,4,1,1,1,2,2,-0.3225,121.636,-0.29,544.1735,435.3653,481.947,1,3,2
5030203,567.5927,560.92789,1,1,14.25,10.92551,13.03951,9.965,9.34439,7.89169,10.15325,2,2,668,1,4,1,1,1,2,2,-0.3225,121.636,-0.66,486.4543,506.3766,421.2421,1,3,2
5030209,546.94502,460.24642,1,2,14.5,10.92551,13.03951,11.33851,11.01771,10.07332,10.15325,2,1,668,1,4,1,1,1,2,2,-0.3225,121.636,-0.52,460.2041,394.9349,350.746,1,3,2
5030214,594.88059,621.58452,1,1,14.25,12.51743,13.03951,10.80246,9.81093,10.07332,10.74331,1,1,668,1,4,1,1,1,2,2,-0.3225,121.636,0.99,543.862,480.7204,570.2536,1,3,2
5030211,651.18746,662.12709,2,1,15.083333333333334,11.64917,10.19817,11.33851,11.9425,14.02271,10.74331,2,2,668,1,4,1,1,1,2,2,-0.3225,121.636,-0.05,582.1078,455.4865,539.3883,1,3,2
5030221,495.10247,562.31109,2,1,14,12.51743,6.83195,10.35777,11.9425,9.39344,10.15325,1,2,668,1,4,1,1,1,2,2,-0.3225,121.636,0.88,404.51,298.5459,469.7314,1,3,2
5030216,583.76277,537.12412,2,2,14.833333333333334,11.17406,9.62932,10.80246,8.55351,13.14698,10.74331,NA,1,668,1,4,1,1,1,2,2,-0.3225,121.636,0.76,654.7048,462.9446,563.9127,1,3,2
5030204,601.61834,612.76056,1,1,14.75,10.25396,13.03951,9.965,11.9425,10.30668,10.74331,2,1,668,1,4,1,1,1,2,2,-0.3225,121.636,0.1,522.9864,451.9664,501.3428,1,3,2
3420424,613.38857,556.60314,1,1,15.166666666666666,11.64917,10.19817,11.33851,13.70742,9.84519,11.44903,1,1,1076,3,4,2,2,1,3,1,-0.0892,177.833,0.44,682.5907,626.0792,663.0362,1,5,2
3420423,586.54248,507.12575,1,1,14.666666666666666,10.92551,13.03951,13.46507,11.9425,9.84519,12.42205,1,1,1076,3,4,2,2,1,3,1,-0.0892,177.833,0.54,498.8394,451.9664,462.1783,1,5,2
3420208,481.75624,465.55011,2,1,14.5,10.92551,9.18945,9.60333,11.01771,8.43911,9.15641,1,2,1076,3,4,2,2,1,3,1,-0.0892,177.833,0.14,466.8251,506.0091,472.8087,1,3,2
3420412,593.04112,641.19459,1,1,15.25,11.64917,13.03951,10.35777,8.55351,10.07332,10.74331,1,1,1076,3,4,2,2,1,3,1,-0.0892,177.833,0.79,652.2901,610.0341,659.8657,1,5,2
3420407,657.65794,611.36077,1,1,15.333333333333334,12.51743,10.19817,12.07123,11.01771,11.07454,14.34298,1,1,1076,3,4,2,2,1,3,1,-0.0892,177.833,0.37,570.268,559.5954,498.6386,1,5,2
3420414,604.82074,501.74088,2,1,14.916666666666666,11.64917,13.03951,13.46507,9.34439,10.80346,12.42205,1,1,1076,3,4,2,2,1,3,1,-0.0892,177.833,0.33,627.9872,489.89,531.9284,1,5,2
3420416,537.35918,498.10823,1,1,14.75,10.04151,13.03951,10.80246,10.35139,8.69047,11.44903,NA,2,1076,3,4,2,2,1,3,1,-0.0892,177.833,-0.18,503.4351,492.8734,493.9761,1,5,2
3420204,555.39464,498.63055,1,1,14.75,12.51743,13.03951,12.07123,11.9425,11.15257,11.44903,1,2,1076,3,4,2,2,1,3,1,-0.0892,177.833,0.03,482.8712,560.072,497.7061,1,3,2
3420202,584.57563,593.55638,1,1,14.25,10.92551,11.04872,10.35777,8.92971,11.37095,9.15641,1,2,1076,3,4,2,2,1,3,1,-0.0892,177.833,0.6,430.0592,518.2913,440.8243,1,3,2
3420422,606.18489,583.31266,1,1,14.25,10.92551,8.81989,9.965,8.55351,8.69047,11.44903,1,2,1076,3,4,2,2,1,3,1,-0.0892,177.833,0.21,542.5378,592.1621,527.5457,1,5,2
3420402,608.40515,569.82386,1,1,14.666666666666666,10.92551,13.03951,11.33851,13.70742,10.54867,10.15325,1,1,1076,3,4,2,2,1,3,1,-0.0892,177.833,0.33,541.2136,527.5847,509.2689,1,5,2
3420205,481.03444,434.67897,1,1,14.333333333333334,11.64917,9.62932,9.965,7.88323,11.37095,9.6346,2,2,1076,3,4,2,2,1,3,1,-0.0892,177.833,0.67,493.4647,549.2694,533.1406,1,3,2
3420419,601.09443,587.18863,2,1,15.083333333333334,10.92551,9.62932,13.46507,11.9425,10.80346,14.34298,1,2,1076,3,4,2,2,1,3,1,-0.0892,177.833,0.74,598.3097,549.5547,492.1112,1,5,2
3420406,555.24749,553.49903,1,1,14.916666666666666,11.17406,13.03951,9.965,11.01771,8.93142,11.44903,NA,1,1076,3,4,2,2,1,3,1,-0.0892,177.833,-0.03,557.2597,591.6856,525.8672,1,5,2
3420425,663.03065,647.52469,2,1,14.666666666666666,11.64917,13.03951,13.46507,11.9425,11.07454,12.42205,1,1,1076,3,4,2,2,1,3,1,-0.0892,177.833,0.59,663.0394,643.0615,633.5696,1,5,2
3420426,709.21167,662.67821,2,1,15.166666666666666,12.51743,10.19817,11.33851,11.01771,11.37095,11.44903,1,1,1076,3,4,2,2,1,3,1,-0.0892,177.833,0.53,649.3301,597.3506,611.5628,1,5,2
3420403,624.06046,582.91986,2,1,15,11.64917,10.19817,10.80246,11.9425,10.54867,10.15325,1,2,1076,3,4,2,2,1,3,1,-0.0892,177.833,1,500.2415,418.5971,463.204,1,5,2
3420401,703.11415,656.43954,2,1,15.25,12.51743,6.19658,10.35777,13.70742,8.69047,10.74331,1,1,1076,3,4,2,2,1,3,1,-0.0892,177.833,-0.01,701.2852,583.2364,627.3219,1,5,2
3420405,637.84793,631.37138,2,1,15.25,11.64917,8.19852,8.93041,11.01771,9.61942,9.15641,1,2,1076,3,4,2,2,1,3,1,-0.0892,177.833,0.12,689.6012,622.2911,621.4472,1,5,2
3420420,602.54048,570.93614,2,1,14.916666666666666,14.01827,12.83637,9.965,8.55351,10.07332,11.44903,1,1,1076,3,4,2,2,1,3,1,-0.0892,177.833,0.33,583.5878,483.5546,524.5617,1,5,2
3420415,622.73899,579.85656,1,1,14.916666666666666,11.64917,9.62932,11.33851,10.35139,10.07332,11.44903,2,1,1076,3,4,2,2,1,3,1,-0.0892,177.833,0.23,551.9629,516.385,479.1496,1,5,2
3420417,683.53207,624.73238,2,1,14.75,11.64917,13.03951,13.46507,11.01771,11.70269,11.44903,1,2,1076,3,4,2,2,1,3,1,-0.0892,177.833,0.19,639.7492,504.4052,518.8736,1,5,2
3420413,643.16868,619.91958,1,1,15.083333333333334,11.17406,7.38476,12.07123,11.9425,11.37095,7.42878,NA,1,1076,3,4,2,2,1,3,1,-0.0892,177.833,0.3,643.6439,533.9392,572.5849,1,5,2
3420410,616.43376,644.34791,2,1,14.25,10.92551,10.19817,9.60333,11.9425,12.54869,11.44903,1,2,1076,3,4,2,2,1,3,1,-0.0892,177.833,0.24,762.5097,657.4965,702.8534,1,5,2
3420421,626.73481,593.68579,1,1,14.833333333333334,14.01827,8.81989,13.46507,13.70742,10.80346,14.34298,1,1,1076,3,4,2,2,1,3,1,-0.0892,177.833,0.42,585.6909,585.4899,580.6975,1,5,2
3420224,562.41654,476.18631,1,1,14.5,11.64917,11.04872,9.965,13.70742,11.07454,11.44903,1,2,1076,3,4,2,2,1,3,1,-0.0892,177.833,0.08,486.5322,486.9955,467.9597,1,3,2
3420217,544.2813,515.83416,1,1,15.083333333333334,10.92551,13.03951,9.965,9.34439,10.07332,11.44903,2,2,1076,3,4,2,2,1,3,1,-0.0892,177.833,0.07,514.2623,545.8539,587.9709,1,3,2
3420411,632.43143,583.10732,2,1,14.833333333333334,14.01827,11.04872,11.33851,11.9425,10.54867,10.15325,1,2,1076,3,4,2,2,1,3,1,-0.0892,177.833,0.72,657.8205,576.8208,648.7691,1,5,2
3440219,377.3233,394.38408,2,2,14.833333333333334,10.25396,9.62932,9.965,8.20673,8.43911,9.15641,2,3,649,2,1,3,4,4,3,2,-0.9168,153.111,-0.13,441.8212,356.8473,380.9586,1,3,2
3440215,383.85781,464.40804,1,1,14.833333333333334,9.60097,9.62932,11.33851,11.01771,9.16491,10.74331,1,2,649,2,1,3,4,4,3,2,-0.9168,153.111,0.11,464.4103,491.8408,499.5711,1,3,2
3440209,530.83383,539.25179,1,1,14.583333333333334,11.64917,13.03951,9.965,7.2741,11.07454,9.15641,2,2,649,2,1,3,4,4,3,2,-0.9168,153.111,0.38,523.7654,529.0145,569.4144,1,3,2
4670104,623.2857,579.10609,2,1,15.416666666666666,9.60097,7.38476,12.07123,11.9425,15.81948,10.74331,3,3,991,2,3,1,3,2,3,1,-1.0989,166.5,0.36,498.4499,445.783,505.166,1,3,2
4670110,589.63906,576.18353,2,1,14.75,10.25396,9.18945,9.60333,11.9425,9.16491,11.44903,2,3,991,2,3,1,3,2,3,1,-1.0989,166.5,0.3,479.2881,453.3213,492.1112,1,3,2
4670123,499.84645,495.61034,1,1,14.5,10.25396,9.18945,10.35777,10.35139,9.84519,9.6346,2,2,991,2,3,1,3,2,3,1,-1.0989,166.5,0.57,504.4477,473.4922,439.0526,1,3,2
4690321,474.52987,470.38114,1,1,15.166666666666666,10.04151,10.19817,10.35777,11.9425,9.16491,9.15641,NA,2,903,1,1,2,3,2,3,1,-0.5803,176.4,-0.58,431.695,478.3375,471.5964,1,4,2
4690312,423.15615,439.62827,1,2,14.583333333333334,8.19314,10.19817,8.26761,9.81093,8.17383,8.70884,4,2,903,1,1,2,3,2,3,1,-0.5803,176.4,-0.47,482.3259,489.4578,440.6378,1,4,2
4690317,562.69967,530.88097,1,1,14.416666666666666,11.64917,10.19817,13.46507,13.70742,15.81948,14.34298,1,2,903,1,1,2,3,2,3,1,-0.5803,176.4,0.61,558.6618,502.8817,548.7132,1,4,2
4690318,510.32984,506.68964,1,1,14.333333333333334,10.25396,9.62932,9.26151,7.88323,10.30668,9.6346,2,2,903,1,1,2,3,2,3,1,-0.5803,176.4,-0.38,534.8263,532.2712,537.8963,1,4,2
4690323,472.60672,522.58697,1,1,15.416666666666666,11.64917,9.18945,8.93041,10.35139,9.84519,7.42878,1,2,903,1,1,2,3,2,3,1,-0.5803,176.4,0.44,410.0405,425.6747,418.6311,1,4,2
4690324,463.3668,416.59602,1,1,15.25,11.64917,13.03951,12.07123,13.70742,12.54869,11.44903,2,2,903,1,1,2,3,2,3,1,-0.5803,176.4,0.19,423.04880000000003,377.6984,426.837,1,4,2
4690319,617.58752,602.66698,2,1,14.916666666666666,10.92551,11.04872,10.35777,11.01771,11.07454,10.15325,1,2,903,1,1,2,3,2,3,1,-0.5803,176.4,0.72,534.5926,462.1427,479.0563,1,4,2
4690327,501.00512,463.55512,1,1,14.833333333333334,11.64917,7.6477,12.07123,8.20673,11.37095,12.42205,1,3,903,1,1,2,3,2,3,1,-0.5803,176.4,1.08,515.275,489.6961,417.5121,1,4,2
4700101,561.3278,580.67631,2,1,14.5,11.64917,9.18945,9.26151,9.34439,8.69047,8.27843,1,2,1590,1,1,1,4,4,3,3,-0.9168,218,0.68,546.2767,497.1877,545.5427,1,3,2
4700103,609.5541,535.93262,2,1,14.083333333333334,9.60097,8.19852,12.07123,9.81093,10.07332,9.15641,2,2,1590,1,1,1,4,4,3,3,-0.9168,218,-0.52,502.8899,481.0686,512.7191,1,3,2
4700110,602.66194,516.67618,1,1,15,11.64917,13.03951,9.965,8.92971,11.07454,12.42205,2,1,1590,1,1,1,4,4,3,3,-0.9168,218,-0.23,512.0813,532.9066,496.0276,1,3,2
4700126,469.1994,430.41773,1,2,14.416666666666666,10.25396,9.62932,9.965,7.88323,9.84519,9.6346,1,1,1590,1,1,1,4,4,3,3,-0.9168,218,0.04,358.2412,475.8751,322.3984,1,3,2
4700113,584.55351,521.38314,1,1,14.416666666666666,10.25396,10.19817,13.46507,10.35139,9.16491,11.44903,2,2,1590,1,1,1,4,4,3,3,-0.9168,218,-0.45,515.5865,584.6956,466.0015,1,3,2
4700128,646.00828,648.84538,1,1,14.25,10.92551,13.03951,10.80246,8.55351,11.07454,10.15325,1,2,1590,1,1,1,4,4,3,3,-0.9168,218,0.06,611.0064,679.1391,590.8616,1,3,2
4700112,437.32753,467.58264,2,2,14.916666666666666,8.91919,8.19852,7.03246,3.41233,6.85613,5.86845,2,1,1590,1,1,1,4,4,3,3,-0.9168,218,-0.36,624.8715,631.1125,594.4983,1,3,2
4660305,572.40752,581.82667,1,1,15,11.64917,8.81989,13.46507,9.81093,9.39344,11.44903,1,1,1028,2,4,3,3,2,4,3,-0.7452,135.467,0.3,633.5956,546.4893,539.5748,3,5,2
4660322,663.0959,625.4499,2,1,15.333333333333334,11.17406,9.62932,11.33851,9.81093,12.08627,14.34298,NA,1,1028,2,4,3,3,2,4,3,-0.7452,135.467,-0.71,607.8127,525.4964,537.8031,3,5,2
4660321,626.4243,642.92913,2,1,15.166666666666666,10.92551,13.03951,11.33851,11.01771,12.54869,12.42205,2,1,1028,2,4,3,3,2,4,3,-0.7452,135.467,-0.09,653.2248,562.867,556.5461,3,5,2
4660309,626.78956,527.98002,1,1,14.416666666666666,14.01827,11.04872,10.35777,8.55351,8.69047,10.74331,1,1,1028,2,4,3,3,2,4,3,-0.7452,135.467,-0.17,539.2662,604.8711,476.2589,3,5,2
4660307,690.34536,631.5895,1,2,15,10.92551,10.19817,12.07123,11.01771,10.80346,12.42205,1,1,1028,2,4,3,3,2,4,3,-0.7452,135.467,-0.28,595.2718,546.5687,583.2152,3,5,2
4660315,641.82553,655.95738,2,1,15.416666666666666,9.60097,11.04872,13.46507,13.70742,10.54867,11.44903,3,1,1028,2,4,3,3,2,4,3,-0.7452,135.467,-0.19,646.6817,668.8039,594.4983,3,5,2
4660306,591.56356,483.22956,1,1,15.083333333333334,12.51743,13.03951,13.46507,11.9425,9.16491,11.44903,1,1,1028,2,4,3,3,2,4,3,-0.7452,135.467,0.6,539.2662,560.9457,521.298,3,5,2
4660308,558.76117,510.16047,1,1,15.166666666666666,10.25396,9.18945,12.07123,11.01771,11.07454,14.34298,1,1,1028,2,4,3,3,2,4,3,-0.7452,135.467,-0.01,523.9212,517.9736,439.0526,3,5,2
4660317,659.31797,563.22348,1,1,14.916666666666666,14.01827,13.03951,10.35777,8.92971,10.30668,10.74331,1,1,1028,2,4,3,3,2,4,3,-0.7452,135.467,0.57,535.5273,562.7727,536.8706,3,5,2
4660301,683.13519,624.42807,2,2,15.166666666666666,11.17406,10.19817,13.46507,13.70742,12.08627,10.74331,NA,2,1028,2,4,3,3,2,4,3,-0.7452,135.467,-0.53,662.1826,612.9084,595.6173,3,5,2
4660324,624.77858,589.09743,2,1,15.083333333333334,11.64917,13.03951,12.07123,11.01771,8.43911,10.74331,1,1,1028,2,4,3,3,2,4,3,-0.7452,135.467,0.57,557.1039,526.0577,509.8284,3,5,2
4660310,648.31904,553.555,1,1,14.666666666666666,11.64917,10.19817,11.33851,10.35139,10.07332,10.15325,1,1,1028,2,4,3,3,2,4,3,-0.7452,135.467,0.32,659.6121,612.5759,569.8806,3,5,2
4660313,657.21235,607.85272,2,1,15,10.04151,9.62932,8.26761,7.57539,8.17383,6.97717,NA,1,1028,2,4,3,3,2,4,3,-0.7452,135.467,0.23,615.68,559.4988,593.0063,3,5,2
4660323,580.31066,556.2362,1,1,15.083333333333334,14.01827,11.04872,10.35777,6.97345,7.89169,12.42205,1,1,1028,2,4,3,3,2,4,3,-0.7452,135.467,0.43,474.225,524.4075,493.4166,3,5,2
4660318,681.23327,663.0733,2,1,14.666666666666666,11.64917,8.48873,9.965,13.70742,15.81948,11.44903,1,2,1028,2,4,3,3,2,4,3,-0.7452,135.467,-0.02,601.6591,610.9035,593.6591,3,5,2
4660312,670.36405,643.50775,2,3,14.666666666666666,11.64917,8.81989,12.07123,11.01771,10.54867,8.70884,2,1,1028,2,4,3,3,2,4,3,-0.7452,135.467,0.17,565.7501,547.7102,497.4263,3,5,2
4660314,586.32728,585.20466,2,1,15.166666666666666,12.51743,7.91394,13.46507,11.01771,10.80346,14.34298,1,1,1028,2,4,3,3,2,4,3,-0.7452,135.467,0.33,571.0469,463.7466,519.1533,3,3,2
4660319,589.27135,550.9444,2,3,14.916666666666666,11.64917,11.04872,13.46507,11.9425,11.70269,12.42205,1,1,1028,2,4,3,3,2,4,3,-0.7452,135.467,0.26,640.5281,586.2036,567.9224,3,5,2
4660311,562.72682,475.58947,1,1,15,10.25396,10.19817,13.46507,13.70742,9.61942,11.44903,2,1,1028,2,4,3,3,2,4,3,-0.7452,135.467,-0.41,463.6314,507.727,456.6766,3,5,2
4660304,618.95279,624.19228,1,2,14.916666666666666,11.64917,7.6477,13.46507,9.34439,10.07332,10.74331,1,1,1028,2,4,3,3,2,4,3,-0.7452,135.467,0.39,570.5795,623.1402,573.2376,3,5,2
4660320,640.63479,605.98964,1,1,14.416666666666666,12.51743,9.18945,9.60333,10.35139,8.43911,12.42205,1,1,1028,2,4,3,3,2,4,3,-0.7452,135.467,0.91,556.325,588.6672,464.7893,3,5,2
4660325,666.43349,662.98961,1,1,15.166666666666666,11.64917,10.19817,10.80246,9.34439,11.70269,10.74331,1,1,1028,2,4,3,3,2,4,3,-0.7452,135.467,0.16,615.6021,563.3287,569.2279,3,5,2
4630213,622.28357,577.09942,1,1,14.916666666666666,10.25396,11.04872,9.60333,9.34439,11.07454,9.6346,2,3,311,3,5,1,1,3,2,2,-1.2965,94,-0.43,565.828,527.3464,524.9347,1,3,2
4630201,576.41082,578.45545,1,2,14.333333333333334,10.25396,9.62932,9.60333,8.20673,10.07332,10.15325,2,2,311,3,5,1,1,3,2,2,-1.2965,94,0.02,551.5735,510.3482,452.9467,1,3,2
4630208,625.38696,568.09139,2,1,14.833333333333334,11.64917,10.19817,13.46507,9.81093,14.02271,14.34298,1,3,311,3,5,1,1,3,2,2,-1.2965,94,0.52,559.7523,560.4612,486.6095,1,3,2
4630217,604.31,608.08796,2,2,14.833333333333334,8.91919,8.48873,9.60333,8.55351,10.30668,9.15641,4,2,311,3,5,1,1,3,2,2,-1.2965,94,-0.53,546.4325,497.4283,513.5584,1,3,2
4630219,610.43524,646.38764,2,1,14.583333333333334,10.25396,11.04872,13.46507,11.9425,14.02271,14.34298,2,1,311,3,5,1,1,3,2,2,-1.2965,94,0.25,593.0129,570.1647,590.3021,1,3,2
4130227,573.63894,551.32793,1,1,14.25,11.64917,9.18945,7.91186,5.49149,10.07332,8.70884,1,1,506,1,1,2,3,3,2,1,-0.5803,186,1.53,482.8712,399.6214,394.1999,2,NA,2
4130207,628.14835,621.02172,1,1,13.916666666666666,10.92551,13.03951,12.07123,8.92971,11.70269,12.42205,1,1,506,1,1,2,3,3,2,1,-0.5803,186,-0.07,466.8251,397.5562,359.6979,2,NA,2
4130224,628.9135,607.73488,2,2,14.916666666666666,12.51743,9.62932,8.93041,6.66537,8.69047,5.86845,1,2,506,1,1,2,3,3,2,1,-0.5803,186,0.5,498.8394,466.4732,495.0951,2,NA,2
4130221,615.73196,599.90427,2,2,15.166666666666666,11.64917,9.18945,13.46507,11.01771,15.81948,14.34298,1,1,506,1,1,2,3,3,2,1,-0.5803,186,0.23,545.1083,426.6165,500.8765,2,NA,2
4130222,596.29693,480.58241,2,3,14.916666666666666,8.91919,7.69668,9.60333,9.81093,8.43911,8.27843,3,2,506,1,1,2,3,3,2,1,-0.5803,186,-0.63,511.9255,380.9057,464.1365,2,NA,2
4130217,577.91866,597.53666,2,3,14.416666666666666,10.92551,13.03951,9.26151,9.34439,10.77449,10.15325,1,2,506,1,1,2,3,3,2,1,-0.5803,186,0.6,487.0774,432.2301,426.1843,2,NA,2
4130225,530.01449,496.1942,2,1,14.75,10.25396,NA,NA,NA,NA,NA,1,NA,506,1,1,2,3,3,2,1,-0.5803,186,0.33,427.7224,349.8704,380.2126,2,NA,2
4130212,606.19093,607.2633,1,1,14.583333333333334,11.64917,11.04872,9.965,13.70742,9.39344,9.15641,1,NA,506,1,1,2,3,3,2,1,-0.5803,186,0.41,502.5004,388.8187,396.0649,2,NA,2
4130205,560.44075,655.60047,1,1,14.416666666666666,12.51743,11.04872,9.26151,8.55351,9.84519,11.44903,1,1,506,1,1,2,3,3,2,1,-0.5803,186,1.12,536.0726,532.2712,509.5487,2,NA,2
4130219,668.52537,656.94658,1,2,14.25,11.64917,9.18945,10.80246,11.9425,13.14698,12.42205,1,2,506,1,1,2,3,3,2,1,-0.5803,186,0.45,544.9525,592.6387,554.6811,2,NA,2
4080306,507.27427,480.2637,2,3,14,10.25396,8.81989,9.26151,9.34439,9.16491,12.42205,3,NA,503,3,5,1,3,2,4,3,-1.2965,NA,-1.27,417.752,434.636,365.5725,1,3,2
4080310,450.38136,431.30819,1,3,14.666666666666666,10.25396,9.62932,9.60333,11.01771,10.80346,14.34298,2,2,503,3,5,1,3,2,4,3,-1.2965,NA,0.26,464.8777,425.1187,442.1298,1,3,2
4080303,491.21571,482.22083,2,3,13.75,9.60097,9.62932,9.965,11.9425,9.61942,12.42205,2,1,503,3,5,1,3,2,4,3,-1.2965,NA,-2.06,535.06,479.4647,503.301,1,3,2
4080309,492.35952,431.44185,2,3,14.333333333333334,8.19314,13.03951,8.26761,6.97345,8.17383,9.73852,3,2,503,3,5,1,3,2,4,3,-1.2965,NA,-1.4,381.9209,397.1851,300.9511,1,3,2
4080313,502.44168,471.11044,2,3,14.583333333333334,9.60097,8.48873,9.60333,10.35139,8.69047,11.44903,2,2,503,3,5,1,3,2,4,3,-1.2965,NA,-1.27,261.2634,276.4122,275.028,1,3,2
4080311,431.99047,436.60795,2,3,13.666666666666666,8.91919,8.81989,9.965,11.01771,9.84519,10.15325,3,2,503,3,5,1,3,2,4,3,-1.2965,NA,-1.59,374.0536,300.7111,313.0735,1,3,2
4080307,503.11879,413.48067,1,3,14,8.19314,10.19817,8.93041,8.20673,8.43911,9.15641,3,2,503,3,5,1,3,2,4,3,-1.2965,NA,-1.56,432.4739,447.28,430.2872,1,3,2
4080308,529.69259,546.22958,1,2,13.583333333333334,10.25396,9.62932,13.46507,11.9425,10.80346,12.42205,2,2,503,3,5,1,3,2,4,3,-1.2965,NA,-0.53,400.849,445.6914,411.078,1,3,2
4080312,456.57151,435.32316,2,4,14,9.60097,8.19852,9.26151,13.70742,9.39344,9.6346,2,2,503,3,5,1,3,2,4,3,-1.2965,NA,-0.62,511.2245,526.0577,457.3294,1,3,2
4080301,546.283,600.21186,1,3,14.916666666666666,8.91919,9.62932,13.46507,11.9425,10.30668,12.42205,3,2,503,3,5,1,3,2,4,3,-1.2965,NA,-1.71,485.3638,466.6611,473.4614,1,3,2
4080304,492.27807,500.77655,1,3,14.25,9.60097,9.62932,13.46507,11.9425,10.07332,14.34298,3,NA,503,3,5,1,3,2,4,3,-1.2965,NA,-1.55,345.4666,478.5758,410.9847,1,3,2
4070202,584.84223,535.59295,1,2,14.25,10.92551,8.19852,11.33851,9.81093,12.54869,12.42205,1,3,883,1,5,2,2,3,2,1,-1.2965,140.308,-0.63,467.5261,461.657,438.0269,2,5,2
4070227,643.21527,535.87926,1,3,14.166666666666666,11.64917,13.03951,11.33851,10.35139,11.70269,10.74331,1,3,883,1,5,2,2,3,2,1,-1.2965,140.308,0.61,482.7933,450.5366,422.5476,2,5,2
4070220,525.29208,493.87754,2,3,13.333333333333334,8.91919,9.62932,9.26151,9.81093,9.16491,11.44903,2,3,883,1,5,2,2,3,2,1,-1.2965,140.308,-0.78,464.1767,441.7733,368.0903,2,5,2
4070201,457.13543,431.99515,2,4,13.583333333333334,9.60097,13.03951,10.35777,13.70742,8.17383,9.6346,1,1,883,1,5,2,2,3,2,1,-1.2965,140.308,-1.13,521.7401,509.2169,424.4125,2,6,2
4180126,512.87994,520.49781,2,1,13.916666666666666,11.64917,11.04872,10.80246,10.35139,10.07332,9.15641,1,1,1133,1,2,3,1,3,2,2,-0.7452,169.857,0.69,516.7549,526.6993,544.2372,1,4,2
4180309,425.22534,408.20142,1,1,14.583333333333334,11.64917,9.62932,8.93041,9.34439,8.43911,12.42205,1,1,1133,1,2,3,1,3,2,2,-0.7452,169.857,0.68,329.031,376.4275,411.1712,1,4,2
4180304,484.28365,517.03592,2,1,14.583333333333334,12.51743,13.03951,9.26151,8.55351,8.43911,7.85736,1,1,1133,1,2,3,1,3,2,2,-0.7452,169.857,0.85,437.4591,426.5363,477.2846,1,4,2
4180108,600.87174,590.72341,2,1,13.833333333333334,10.92551,8.19852,8.60159,13.70742,8.93142,7.42878,1,2,1133,1,2,3,1,3,2,2,-0.7452,169.857,0.73,528.8285,602.1623,577.9,1,4,2
4180324,467.92285,459.78924,2,1,14.083333333333334,11.64917,8.9603,10.80246,10.35139,10.30668,9.6346,2,2,1133,1,2,3,1,3,2,2,-0.7452,169.857,0.69,428.5792,404.964,399.6084,1,4,2
4180114,558.05882,547.5016,2,1,13.916666666666666,10.92551,9.62932,9.965,9.81093,7.89169,8.27843,1,2,1133,1,2,3,1,3,2,2,-0.7452,169.857,0.26,504.4477,447.3869,551.8836,1,4,2
4180121,515.03181,586.15207,2,1,14.166666666666666,11.64917,9.62932,8.93041,8.55351,6.85613,7.85736,1,3,1133,1,2,3,1,3,2,2,-0.7452,169.857,0.94,536.7736,499.8341,521.9508,1,4,2
4180102,482.6396,530.64104,2,1,14,11.64917,9.62932,10.35777,9.34439,8.69047,8.27843,1,2,1133,1,2,3,1,3,2,2,-0.7452,169.857,0.52,528.3611,437.8438,514.2111,1,4,2
4180111,450.98293,521.56263,1,3,13.833333333333334,9.60097,11.04872,12.07123,9.81093,9.39344,10.74331,3,1,1133,1,2,3,1,3,2,2,-0.7452,169.857,0.13,356.9949,422.7358,410.332,1,4,2
4180122,572.97859,597.91724,2,1,14.333333333333334,9.60097,11.04872,7.03246,6.66537,8.43911,6.97717,2,2,1133,1,2,3,1,3,2,2,-0.7452,169.857,0.49,622.5347,541.2947,623.4054,1,4,2
4180318,609.84383,608.03537,2,1,14.083333333333334,14.01827,9.62932,9.965,9.81093,9.84519,9.73852,1,2,1133,1,2,3,1,3,2,2,-0.7452,169.857,0.69,393.6049,389.1657,484.6512,1,4,2
4180109,556.36282,571.62802,1,1,15,10.25396,9.62932,13.46507,13.70742,13.14698,12.42205,2,2,1133,1,2,3,1,3,2,2,-0.7452,169.857,0.37,404.6658,455.5408,440.8243,1,4,2
4150204,541.9645,574.14511,2,3,15,8.74681,8.48873,10.35777,11.01771,10.80346,9.6346,NA,NA,335,2,5,1,1,1,2,2,-0.256,66.4,-0.79,633.4398,454.6044,494.6289,2,4,2
3030313,423.65147,430.61817,1,3,15,11.64917,8.19852,9.50467,9.34439,8.43911,8.27843,1,1,763,NA,4,1,2,1,1,3,-0.0892,127.692,0.39,401.3164,428.2165,444.2745,1,6,2
3030302,488.99835,456.40362,1,3,14.25,11.64917,8.19852,10.35777,9.81093,9.84519,9.6346,1,2,763,NA,4,1,2,1,1,3,-0.0892,127.692,0.24,506.5509,476.9872,453.8791,1,6,2
3030308,512.37323,555.12119,2,1,14.25,12.51743,9.62932,9.965,8.92971,10.54867,9.15641,1,2,763,NA,4,1,2,1,1,3,-0.0892,127.692,-0.09,490.8942,417.7951,479.8023,1,6,2
3030304,508.94223,643.24992,2,3,14.666666666666666,8.91919,2.89672,9.965,8.92971,7.89169,9.6346,2,1,763,NA,4,1,2,1,1,3,-0.0892,127.692,-0.43,472.9787,425.8146,434.2969,1,6,2
3030320,560.43584,549.36872,1,3,13.666666666666666,11.64917,11.04872,9.965,8.92971,11.37095,9.6346,3,2,763,NA,4,1,2,1,1,3,-0.0892,127.692,-0.12,452.6484,513.5254,404.4573,1,6,2
3030311,489.73825,429.11221,1,1,14.5,14.01827,10.19817,10.80246,11.01771,8.93142,10.74331,1,2,763,NA,4,1,2,1,1,3,-0.0892,127.692,0.34,380.4409,355.0606,439.7986,1,6,2
3030319,601.88405,534.12922,2,3,14.583333333333334,11.17406,8.48873,9.26151,10.35139,9.61942,9.15641,NA,1,763,NA,4,1,2,1,1,3,-0.0892,127.692,1.23,487.9343,450.4343,450.3357,1,6,2
3030309,512.19233,591.7088,2,4,14.166666666666666,11.64917,11.04872,8.60159,9.34439,9.16491,8.70884,1,1,763,NA,4,1,2,1,1,3,-0.0892,127.692,0.02,426.0087,458.6141,414.7147,1,6,2
3030316,513.52285,555.88639,1,3,14.083333333333334,11.64917,13.03951,9.965,9.81093,8.43911,9.15641,1,1,763,NA,4,1,2,1,1,3,-0.0892,127.692,-0.3,369.8473,502.9611,480.3618,1,6,2
3030321,478.43898,523.82331,2,3,14,11.17406,13.03951,8.60159,8.55351,7.58514,9.6346,NA,1,763,NA,4,1,2,1,1,3,-0.0892,127.692,1.16,439.4843,455.4865,493.7896,1,6,2
3030307,591.3792,596.76895,1,3,14.166666666666666,12.51743,9.18945,13.46507,11.9425,11.37095,12.42205,1,1,763,NA,4,1,2,1,1,3,-0.0892,127.692,1.12,487.7006,521.4685,512.6259,1,6,2
3030310,607.81475,545.74655,2,3,14.5,10.25396,11.04872,9.965,8.55351,9.84519,9.6346,1,1,763,NA,4,1,2,1,1,3,-0.0892,127.692,-0.44,384.4135,447.7077,431.4994,1,6,2
3030318,562.94649,504.15356,1,3,13.916666666666666,10.92551,11.04872,10.35777,11.9425,9.39344,9.15641,1,2,763,NA,4,1,2,1,1,3,-0.0892,127.692,0.68,490.9721,532.3506,452.6669,1,6,2
3030314,463.69329,490.99318,2,3,14,11.64917,13.03951,7.51389,7.57539,7.58514,7.85736,1,1,763,NA,4,1,2,1,1,3,-0.0892,127.692,-0.03,354.1128,340.7282,371.9135,1,6,2
3030303,530.15762,556.50734,2,2,14.583333333333334,12.51743,11.04872,8.93041,9.34439,8.43911,8.27843,1,1,763,NA,4,1,2,1,1,3,-0.0892,127.692,0.97,337.9109,353.6395,338.6236,1,6,2
3030301,505.17982,460.51243,2,4,14.75,10.04151,11.04872,9.60333,11.01771,8.43911,10.15325,NA,2,763,NA,4,1,2,1,1,3,-0.0892,127.692,0.22,406.3016,351.1535,415.7404,1,6,2
3030315,577.81241,604.8132,2,3,14.083333333333334,11.64917,9.18945,9.965,9.81093,10.80346,9.6346,1,1,763,NA,4,1,2,1,1,3,-0.0892,127.692,0.15,495.6457,486.201,516.3558,1,6,2
3030322,599.94279,585.79222,2,2,14.583333333333334,10.92551,9.18945,10.80246,9.81093,10.07332,10.15325,1,1,763,NA,4,1,2,1,1,3,-0.0892,127.692,0.19,546.744,534.7989,497.7061,1,6,2
3030306,537.84489,596.17746,2,1,14.916666666666666,11.64917,13.03951,11.33851,11.9425,11.70269,14.34298,1,2,763,NA,4,1,2,1,1,3,-0.0892,127.692,0.43,410.0405,395.1001,436.3484,1,6,2
3030115,385.48018,435.68269,1,3,14.083333333333334,9.60097,13.03951,9.965,11.01771,8.17383,11.44903,3,1,763,NA,4,1,2,1,1,3,-0.0892,127.692,0.03,369.5358,413.0452,407.1615,1,6,2
3030107,431.16107,389.27242,1,3,14.666666666666666,10.92551,13.03951,9.60333,8.55351,9.61942,11.44903,3,2,763,NA,4,1,2,1,1,3,-0.0892,127.692,-0.43,417.3625,478.3375,441.1973,1,6,2
3030112,421.57244,387.65234,1,3,14.666666666666666,10.25396,10.19817,9.60333,9.81093,8.69047,10.74331,2,NA,763,NA,4,1,2,1,1,3,-0.0892,127.692,0.16,367.8221,419.5585,381.8911,1,6,2
3030116,410.4392,379.96936,1,3,14.916666666666666,11.64917,10.19817,8.60159,6.97345,8.17383,9.15641,1,1,763,NA,4,1,2,1,1,3,-0.0892,127.692,-0.17,426.3203,473.5716,359.9776,1,6,2
3030102,450.4465,513.28346,2,2,14.416666666666666,9.60097,9.18945,8.26761,7.57539,7.58514,9.6346,2,1,763,NA,4,1,2,1,1,3,-0.0892,127.692,-0.76,469.2398,463.3456,446.326,1,6,2
3030113,430.12586,392.99433,1,2,14.25,10.25396,8.81989,10.35777,8.55351,7.58514,11.44903,2,1,763,NA,4,1,2,1,1,3,-0.0892,127.692,0.4,366.0305,401.21,342.9131,1,6,2
3030106,296.75283,369.07883,2,4,13.916666666666666,9.60097,9.62932,13.46507,13.70742,9.29921,14.06707,3,1,763,NA,4,1,2,1,1,3,-0.0892,127.692,-0.13,360.1106,291.3284,300.9511,1,6,2
3030103,376.29222,366.55922,1,3,14.5,10.25396,9.62932,7.51389,6.97345,6.85613,10.15325,3,1,763,NA,4,1,2,1,1,3,-0.0892,127.692,0.09,343.7529,326.6243,225.6994,1,6,2
3030114,411.19553,415.12215,1,3,14.166666666666666,10.92551,9.62932,8.60159,9.34439,7.24499,9.6346,1,2,763,NA,4,1,2,1,1,3,-0.0892,127.692,0.68,452.181,482.5473,374.6177,1,6,2
3030105,380.82391,277.16502,1,2,14.166666666666666,8.19314,NA,NA,7.91301,8.39898,NA,2,1,763,NA,4,1,2,1,1,3,-0.0892,127.692,-1.53,375.1441,388.501,232.9728,1,6,2
3030120,450.26773,436.35667,1,3,14.833333333333334,10.92551,13.03951,7.91186,6.66537,9.16491,8.70884,1,2,763,NA,4,1,2,1,1,3,-0.0892,127.692,0.9,433.7202,418.7642,356.3409,1,6,2
3030101,473.3465,498.89045,1,2,14.083333333333334,10.25396,13.03951,8.26761,6.97345,8.43911,9.15641,1,2,763,NA,4,1,2,1,1,3,-0.0892,127.692,0.51,449.0653,490.4904,408.1872,1,6,2
3030117,395.43887,395.13488,1,2,13.666666666666666,10.25396,11.04872,10.35777,8.20673,9.0442,10.74331,3,1,763,NA,4,1,2,1,1,3,-0.0892,127.692,0.38,402.0953,432.9824,350.0932,1,6,2
3030122,459.17054,469.47202,1,3,14.916666666666666,10.92551,7.6477,7.03246,7.88323,5.80254,10.15325,1,1,763,NA,4,1,2,1,1,3,-0.0892,127.692,0.38,427.0992,458.4797,401.3801,1,6,2
3030312,514.84231,442.42654,1,2,14.75,12.51743,13.03951,13.46507,10.35139,12.08627,12.42205,1,1,763,NA,4,1,2,1,1,3,-0.0892,127.692,-0.62,489.4142,536.3221,469.0787,1,6,2
3020102,508.78502,518.34777,1,3,14.25,8.91919,7.91394,10.35777,11.9425,10.07332,11.44903,3,2,76,3,6,1,NA,3,3,3,-1.2965,37.5,-0.61,453.5831,472.7773,507.3107,1,3,2
3020104,519.095,580.57713,2,4,14,10.25396,7.91394,9.26151,10.35139,9.16491,8.70884,1,2,76,3,6,1,NA,3,3,3,-1.2965,37.5,-0.27,437.4591,463.4258,493.1369,1,3,2
3020115,545.00119,564.30991,1,3,14.333333333333334,9.60097,9.18945,10.35777,11.01771,7.89169,9.6346,2,1,76,3,6,1,NA,3,3,3,-1.2965,37.5,-0.46,476.9512,568.0945,566.9899,1,3,2
3020113,359.46694,467.88837,2,3,13.833333333333334,9.60097,5.81451,10.31202,11.01771,5.80254,10.15325,3,NA,76,3,6,1,NA,3,3,3,-1.2965,37.5,-0.51,419.4656,422.0454,433.3644,1,3,2
3020112,465.83812,487.22381,1,3,14.916666666666666,8.19314,10.19817,13.46507,9.34439,11.07454,11.44903,3,1,76,3,6,1,NA,3,3,3,-1.2965,37.5,-1.15,447.819,510.8248,442.6893,1,3,2
3020105,489.32819,493.83924,1,3,15.083333333333334,9.60097,9.62932,10.35777,11.01771,8.43911,9.15641,3,2,76,3,6,1,NA,3,3,3,-1.2965,37.5,-0.22,416.973,490.4904,496.7736,1,3,2
3020106,463.88569,509.42026,1,2,14.666666666666666,9.60097,13.03951,8.26761,9.34439,8.43911,7.85736,3,1,76,3,6,1,NA,3,3,3,-1.2965,37.5,-1.21,572.3711,537.9108,574.5431,1,3,2
3020107,552.55036,500.28424,2,3,14.666666666666666,9.60097,13.03951,9.965,9.81093,9.39344,10.15325,2,1,76,3,6,1,NA,3,3,3,-1.2965,37.5,-0.27,412.2215,433.834,516.3558,1,3,2
3020108,528.54184,539.36865,2,3,14.666666666666666,10.25396,9.62932,12.07123,10.35139,11.07454,12.42205,3,1,76,3,6,1,NA,3,3,3,-1.2965,37.5,-0.29,472.2776,503.6033,542.1858,1,3,2
3020109,554.79542,581.44642,1,3,14.916666666666666,8.91919,8.19852,9.965,9.34439,10.07332,8.70884,3,2,76,3,6,1,NA,3,3,3,-1.2965,37.5,-0.53,398.3564,491.6025,478.3103,1,3,2
4220406,656.20876,621.72647,1,1,14.583333333333334,11.64917,9.62932,12.07123,10.35139,10.07332,11.44903,1,1,1371,1,2,2,4,2,3,3,-1.0989,11.25,0.64,548.0682,622.0282,541.6263,3,8,2
4240107,662.56662,635.88042,1,1,15.166666666666666,11.64917,11.04872,13.46507,13.70742,13.14698,14.34298,2,1,858,2,1,1,2,3,3,1,-0.9168,166.909,-0.53,593.2466,598.1989,561.2085,2,6,2
4240106,614.75418,644.79516,2,1,14.583333333333334,11.64917,8.48873,9.60333,10.35139,9.16491,11.44903,1,1,858,2,1,1,2,3,3,1,-0.9168,166.909,0.61,672.3867,635.0421,669.0041,2,6,2
4240112,718.51795,687.366,1,1,14.75,11.64917,11.04872,13.46507,13.70742,15.81948,14.34298,1,2,858,2,1,1,2,3,3,1,-0.9168,166.909,0.65,582.1857,562.2961,582.749,2,6,2
4240109,649.50754,651.40121,2,1,14.833333333333334,10.92551,13.03951,8.60159,7.57539,10.80346,11.44903,1,1,858,2,1,1,2,3,3,1,-0.9168,166.909,0.7,620.6652,484.3566,561.4883,2,6,2
4240110,666.40858,626.5672,1,1,15.25,11.64917,13.03951,8.26761,6.97345,6.39359,9.15641,1,1,858,2,1,1,2,3,3,1,-0.9168,166.909,0.46,538.4094,569.6832,525.6807,2,6,2
4240128,612.76007,653.30629,2,1,15,12.51743,10.19817,13.46507,10.35139,15.81948,14.34298,1,2,858,2,1,1,2,3,3,1,-0.9168,166.909,1.15,582.8088,516.4344,534.8191,2,6,2
4240122,647.3217,612.95674,2,1,14.333333333333334,11.64917,8.48873,10.35777,9.81093,10.54867,10.15325,1,1,858,2,1,1,2,3,3,1,-0.9168,166.909,0.16,612.8758,531.6713,546.5684,2,6,2
4240124,613.54109,590.08369,2,1,14.5,8.19314,8.81989,13.46507,13.70742,11.07454,9.6346,4,2,858,2,1,1,2,3,3,1,-0.9168,166.909,0.39,691.1591,607.8561,600,2,6,2
4240104,497.30943,573.67386,2,1,15,12.51743,13.03951,13.46507,11.9425,10.54867,9.6346,1,1,858,2,1,1,2,3,3,1,-0.9168,166.909,0.72,642.1639,509.0565,564.752,2,6,2
4240125,590.09371,588.04079,2,1,15.416666666666666,11.64917,11.04872,8.26761,7.2741,9.61942,8.27843,1,2,858,2,1,1,2,3,3,1,-0.9168,166.909,0.89,596.9855,521.8074,595.8038,2,6,2
4190313,576.47317,598.66084,2,3,13.833333333333334,10.92551,8.81989,9.965,11.01771,11.07454,10.15325,1,2,516,1,5,1,2,3,3,3,0.2803,118.889,0.22,606.878,499.0322,526.6132,1,5,2
4190311,467.36854,528.84386,1,3,14.666666666666666,10.25396,13.03951,8.26761,7.88323,9.39344,9.6346,2,1,516,1,5,1,2,3,3,3,0.2803,118.889,-0.35,384.2577,412.4098,461.9918,1,5,NA
4190314,598.14176,622.51164000000006,2,3,14.75,12.51743,10.19817,9.965,9.81093,11.84842,9.6346,1,2,516,1,5,1,2,3,3,3,0.2803,118.889,0.19,600.7244,519.6422,613.1481,1,5,2
4190301,636.5621,604.6551,2,3,14.083333333333334,8.91919,8.81989,10.80246,8.92971,11.37095,9.15641,2,2,516,1,5,1,2,3,3,3,0.2803,118.889,-0.45,562.5565,456.2885,537.6166,1,5,2
4190312,495.84538,536.7264,1,3,14,10.25396,13.03951,13.46507,11.9425,10.30668,11.44903,2,1,516,1,5,1,2,3,3,3,0.2803,118.889,-0.24,444.3138,455.0642,421.4286,1,5,2
4190305,550.19222,531.55201,1,3,14.583333333333334,11.17406,13.03951,9.965,8.92971,9.84519,9.6346,NA,1,516,1,5,1,2,3,3,3,0.2803,118.889,-0.5,444.2359,483.1034,523.163,1,5,2
4190316,464.37754,402.9106,1,2,14.5,10.25396,11.04872,9.26151,7.88323,8.43911,10.74331,2,1,516,1,5,1,2,3,3,3,0.2803,118.889,-0.4,376.6241,420.5912,463.204,1,5,2
4190308,458.1227,440.44562,1,3,14.833333333333334,10.25396,9.18945,11.33851,9.34439,9.39344,12.42205,1,2,516,1,5,1,2,3,3,3,0.2803,118.889,0.11,335.9635,272.8495,379.2801,1,5,2
3290220,585.28682,535.3253,2,1,14.916666666666666,10.04151,11.04872,13.46507,11.9425,13.14698,10.74331,NA,2,469,4,3,3,3,3,2,2,-0.7452,186,-0.06,548.5356,556.5316,578.646,1,4,2
3290221,560.49249,615.85518,2,1,14.5,10.92551,9.18945,8.93041,9.81093,10.48067,7.85736,2,3,469,4,3,3,3,3,2,2,-0.7452,186,-0.43,501.5657,462.6239,499.5711,1,4,2
3290205,503.19622,475.55608,1,1,15.166666666666666,12.21628,10.19817,8.60159,8.92971,9.16491,8.27843,NA,2,469,4,3,3,3,3,2,2,-0.7452,186,0.02,304.105,373.2503,306.7326,1,4,2
3290222,475.11078,522.45003,2,1,14.083333333333334,10.25396,2.89672,8.93041,11.01771,10.80346,14.34298,1,2,469,4,3,3,3,3,2,2,-0.7452,186,0.66,364.1611,331.4256,366.2253,1,4,2
3290206,574.20084,682.76161,1,1,14.166666666666666,10.92551,9.18945,8.93041,6.97345,11.37095,11.44903,1,3,469,4,3,3,3,3,2,2,-0.7452,186,-0.64,545.342,583.4247,548.0604,1,4,2
3290223,577.20245,617.26872,1,1,14.583333333333334,12.51743,8.48873,8.26761,5.96004,9.16491,7.42878,2,2,469,4,3,3,3,3,2,2,-0.7452,186,-0.18,445.8716,548.0779,430.4737,1,4,2
3300212,591.86245,574.84659,2,1,15,10.92551,11.04872,12.07123,8.92971,11.37095,10.74331,1,2,837,3,2,1,3,1,3,3,0.0872,136.333,0.65,274.5054,305.2822,343.0996,1,4,2
3300208,510.57588,509.71628,2,2,14.416666666666666,11.64917,7.38476,11.33851,9.34439,10.07332,9.6346,1,3,837,3,2,1,3,1,3,3,0.0872,136.333,1.41,501.8772,430.0649,485.5837,1,4,2
3300213,399.47658,478.85419,1,1,15,14.01827,13.03951,7.91186,9.81093,7.89169,8.70884,1,2,837,3,2,1,3,1,3,3,0.0872,136.333,1.11,306.9871,369.7553,312.141,1,4,2
3300204,477.14298,453.57392,1,1,15.166666666666666,8.91919,11.04872,10.35777,9.81093,9.16491,10.15325,4,2,837,3,2,1,3,1,3,3,0.0872,136.333,0.05,332.9257,298.6645,305.5203,1,4,2
3300202,486.35552,534.23659,1,1,15.5,12.51743,13.03951,10.35777,9.81093,10.54867,9.25415,1,1,837,3,2,1,3,1,3,3,0.0872,136.333,-0.09,475.8607,502.0874,452.9467,1,4,2
3300225,495.36772,610.23746,2,1,14.75,10.25396,11.04872,10.35777,13.70742,10.30668,9.6346,2,2,837,3,2,1,3,1,3,3,0.0872,136.333,0.72,435.7454,443.2168,404.6438,1,4,2
3300216,577.01038,555.84362,1,1,14.666666666666666,11.64917,9.18945,10.80246,8.20673,10.54867,10.15325,2,3,837,3,2,1,3,1,3,3,0.0872,136.333,-0.4,477.886,556.4182,475.3264,1,4,2
3300214,529.7403,534.40757,2,2,14.583333333333334,14.01827,10.19817,11.33851,11.01771,9.61942,8.70884,1,NA,837,3,2,1,3,1,3,3,0.0872,136.333,0.72,336.6646,356.0454,408.9332,1,4,2
3300211,500.41081,517.95453,1,1,14.416666666666666,10.25396,11.04872,9.26151,9.34439,10.30668,10.15325,2,3,837,3,2,1,3,1,3,3,0.0872,136.333,0.38,512.7824,487.8692,456.3969,1,4,2
3300217,585.67621,511.06403,1,1,15.083333333333334,10.25396,9.62932,13.46507,11.9425,11.07454,10.74331,2,2,837,3,2,1,3,1,3,3,0.0872,136.333,0.21,496.5026,494.0648,433.2712,1,4,2
3300201,569.28558,539.67503,1,1,14.666666666666666,12.51743,13.03951,10.80246,11.01771,10.30668,9.6346,1,2,837,3,2,1,3,1,3,3,0.0872,136.333,0.55,445.7158,431.4732,515.2369,1,4,2
3300206,490.94084,538.52871,2,1,14.916666666666666,8.74681,13.03951,11.33851,9.34439,9.39344,10.74331,NA,1,837,3,2,1,3,1,3,3,0.0872,136.333,1.02,413.7794,374.4099,442.4095,1,4,2
3300220,504.0997,522.37911,2,1,15.166666666666666,12.51743,9.62932,9.965,8.20673,9.39344,9.6346,1,1,837,3,2,1,3,1,3,3,0.0872,136.333,0.26,460.8272,424.1305,447.445,1,4,2
3300207,548.9122,547.77635,1,1,14.666666666666666,11.64917,11.04872,9.965,8.55351,11.07454,10.15325,1,2,837,3,2,1,3,1,3,3,0.0872,136.333,0.69,467.8377,556.8948,475.4196,1,4,2
3270115,557.02137,533.72856,1,2,14.666666666666666,8.19314,11.04872,10.35777,10.35139,11.07454,11.44903,4,1,364,4,5,1,3,1,1,1,0.2803,109.333,-1.2,420.9456,455.938,438.8661,1,4,2
3270112,529.6327,602.43872,2,3,13.833333333333334,8.91919,11.04872,10.80246,13.70742,11.70269,12.42205,4,1,364,4,5,1,3,1,1,1,0.2803,109.333,-0.1,474.5365,421.0029,474.2074,1,4,2
3270110,594.12762,546.99729,1,1,14.666666666666666,8.91919,8.75107,9.965,10.35139,8.93142,10.74331,2,2,364,4,5,1,3,1,1,1,0.2803,109.333,-0.59,501.1762,447.9154,487.6352,1,4,2
3270108,644.29719,673.39558,2,1,14.5,12.51743,8.48873,12.07123,11.01771,13.14698,10.15325,1,2,364,4,5,1,3,1,1,1,0.2803,109.333,0.31,490.1153,444.2593,452.0142,1,4,2
3270107,602.23936,619.11969,1,1,14.583333333333334,9.60097,10.19817,12.07123,10.35139,11.70269,12.42205,2,3,364,4,5,1,3,1,1,1,0.2803,109.333,-0.47,398.668,415.587,388.978,1,4,2
3970416,619.07503,613.57748,1,1,14.583333333333334,10.25396,10.19817,10.35777,9.81093,12.54869,10.74331,2,1,898,1,1,3,4,3,2,2,1.9226,131,0.09,594.6487,614.0057,624.4312,1,4,2
3970423,569.83631,566.70272,2,1,15.333333333333334,NA,13.03951,10.35777,9.81093,9.61942,9.6346,NA,2,898,1,1,3,4,3,2,2,1.9226,131,-0.06,458.2567,408.9737,428.4222,1,4,2
3970414,512.3282,513.57119,2,1,15.333333333333334,10.92551,9.62932,9.965,6.66537,9.61942,10.15325,1,2,898,1,1,3,4,3,2,2,1.9226,131,-1.84,436.1349,416.913,391.4025,1,4,2
3970417,551.40822,588.64069,2,1,14.5,11.64917,10.19817,13.46507,10.35139,8.43911,10.15325,1,1,898,1,1,3,4,3,2,2,1.9226,131,0.09,498.7615,494.7819,459.7538,1,4,2
3460123,555.58783,456.92103,2,1,14.583333333333334,12.51743,10.19817,13.46507,10.35139,9.84519,9.6346,1,3,665,2,4,1,3,4,3,1,0.5021,130.4,0.52,522.8307,535.6811,574.9161,1,4,2
3460101,583.62255,520.26922,1,1,13.833333333333334,11.64917,9.62932,9.965,8.92971,10.30668,9.6346,1,2,665,2,4,1,3,4,3,1,0.5021,130.4,-0.06,559.5186,537.9108,504.5132,1,4,2
3460119,624.09186,561.66101,1,1,14.916666666666666,12.51743,11.04872,10.80246,9.81093,10.30668,11.44903,1,2,665,2,4,1,3,4,3,1,0.5021,130.4,0.16,556.325,564.9173,563.9127,1,4,2
3460113,609.81053,649.50463,2,2,15.083333333333334,12.51743,13.03951,10.35777,8.92971,12.54869,10.74331,1,3,665,2,4,1,3,4,3,1,0.5021,130.4,0.41,563.4912,543.5401,548.8997,1,4,2
3460109,493.05998,582.65679,2,1,14.583333333333334,10.92551,11.04872,9.965,9.81093,8.93142,10.15325,1,2,665,2,4,1,3,4,3,1,0.5021,130.4,0.5,440.1854,470.9641,497.7061,1,4,2
3460105,615.18145,460.47534,1,2,14.666666666666666,10.92551,9.62932,13.46507,10.35139,11.70269,10.74331,2,2,665,2,4,1,3,4,3,1,0.5021,130.4,-0.34,519.4033,549.8254,560.5558,1,4,2
3460118,571.90718,559.09951,1,1,14.916666666666666,10.92551,11.04872,13.46507,11.9425,10.80346,11.44903,2,2,665,2,4,1,3,4,3,1,0.5021,130.4,0.08,524.8559,551.414,519.5263,1,4,2
3460112,591.59674,560.38047,1,1,14.5,10.92551,13.03951,13.46507,9.34439,11.70269,12.42205,2,2,665,2,4,1,3,4,3,1,0.5021,130.4,-0.15,568.2427,698.5997,617.0645,1,4,2
3460104,534.32316,486.85076,1,2,14.416666666666666,12.51743,13.03951,12.07123,9.34439,10.07332,12.42205,1,3,665,2,4,1,3,4,3,1,0.5021,130.4,0.35,480.067,496.8449,504.2335,1,4,2
3460117,531.9172,575.07823,2,2,14.5,11.64917,11.04872,9.965,10.35139,12.08627,11.44903,1,3,665,2,4,1,3,4,3,1,0.5021,130.4,0.52,664.6752,546.3469,589.0899,1,4,2
3460102,648.70642,639.85055,2,1,14.583333333333334,10.92551,10.19817,12.07123,9.34439,11.70269,11.44903,1,2,665,2,4,1,3,4,3,1,0.5021,130.4,-0.03,515.0413,494.7017,499.2913,1,4,2
3460107,663.64932,629.77334,1,1,14.833333333333334,10.25396,10.19817,11.33851,11.01771,11.07454,10.74331,2,3,665,2,4,1,3,4,3,1,0.5021,130.4,-0.37,617.9389,554.5913,610.2574,1,4,2
3460122,529.56365,523.32511,1,1,14.416666666666666,11.64917,13.03951,12.07123,11.01771,11.07454,14.34298,1,1,665,2,4,1,3,4,3,1,0.5021,130.4,0.66,476.7955,490.4904,501.436,1,4,2
3460120,496.81009,455.84824,2,1,15.083333333333334,11.64917,11.04872,9.60333,11.01771,8.69047,10.15325,1,1,665,2,4,1,3,4,3,1,0.5021,130.4,0.22,440.3412,423.4087,461.9918,1,4,2
3460116,514.80231,522.30666,2,1,15.083333333333334,10.92551,11.04872,9.26151,8.20673,8.93142,7.85736,2,1,665,2,4,1,3,4,3,1,0.5021,130.4,-0.36,502.1109,529.9872,536.0313,1,4,2
3500305,670.48864,607.78322,2,1,14.916666666666666,10.25396,11.04872,10.80246,8.20673,9.84519,10.15325,1,2,1151,1,1,2,1,2,3,1,-0.9168,NA,0.32,513.4834,560.4612,543.1182,1,3,2
3500306,564.41835,550.94582,2,1,14.666666666666666,11.64917,13.03951,13.46507,8.55351,9.61942,12.42205,1,2,1151,1,1,2,1,2,3,1,-0.9168,NA,0.47,526.258,540.4125,581.7232,1,3,2
3500302,636.48702,605.61364,1,1,15.333333333333334,11.64917,10.19817,10.35777,9.81093,14.02271,10.15325,2,3,1151,1,1,2,1,2,3,1,-0.9168,NA,-0.05,624.3262,621.5516,605.8747,1,3,2
3500308,686.37222,700.0979,2,1,14.75,12.51743,11.04872,13.46507,11.9425,14.02271,14.34298,1,2,1151,1,1,2,1,2,3,1,-0.9168,NA,0.38,679.0855,611.0639,658.467,1,3,2
3500318,607.15753,556.92862,1,1,15.25,13.71571,13.03951,9.965,10.35139,9.84519,10.15325,NA,2,1151,1,1,2,1,2,3,1,-0.9168,NA,0.41,610.1496,560.9457,559.53,1,3,2
3500307,537.38186,533.27499,1,1,15.333333333333334,10.92551,11.04872,8.93041,8.20673,9.84519,8.70884,1,2,1151,1,1,2,1,2,3,1,-0.9168,NA,0.51,542.382,543.7092,540.6005,1,3,2
3500317,632.94127,650.28172,2,2,14.416666666666666,10.92551,10.19817,9.965,9.34439,10.82517,7.85736,1,2,1151,1,1,2,1,2,3,1,-0.9168,NA,1.13,571.2806,589.251,629.0936,1,3,2
3500320,531.4706,561.48654,2,1,14.833333333333334,14.01827,13.03951,8.93041,11.01771,9.84519,10.74331,1,2,1151,1,1,2,1,2,3,1,-0.9168,NA,0.89,518.4686,488.2861,519.2465,1,3,2
3500315,603.44418,657.57899,2,1,15.333333333333334,8.91919,9.18945,9.26151,11.9425,10.80346,8.70884,4,2,1151,1,1,2,1,2,3,1,-0.9168,NA,0.14,633.985,652.6848,679.5412,1,3,2
3500316,540.8113,603.35482,2,2,14.666666666666666,14.01827,13.03951,8.93041,8.20673,8.69047,8.27843,1,2,1151,1,1,2,1,2,3,1,-0.9168,NA,0.52,504.3698,506.2497,544.3305,1,3,2
3500324,573.03122,596.47544,2,2,15.333333333333334,11.64917,8.48873,9.965,9.34439,9.61942,8.27843,1,3,1151,1,1,2,1,2,3,1,-0.9168,NA,0.12,588.3393,550.1161,557.1056,1,3,2
3500312,594.53042,597.11756,2,1,15,10.92551,11.04872,9.965,11.9425,10.80346,9.6346,2,3,1151,1,1,2,1,2,3,1,-0.9168,NA,0.02,575.9542,500.9568,553.8419,1,3,2
3500321,528.96666,588.4229,1,1,14.583333333333334,11.64917,13.03951,8.26761,7.57539,8.69047,11.44903,1,2,1151,1,1,2,1,2,3,1,-0.9168,NA,0.22,513.5613,550.0637,557.3853,1,3,2
3500303,567.85997,581.60649,2,1,14.833333333333334,12.51743,13.03951,12.07123,13.70742,11.37095,10.74331,1,2,1151,1,1,2,1,2,3,1,-0.9168,NA,0.37,565.0491,557.9751,614.1738,1,3,2
3490305,538.41395,522.76187,1,1,14.416666666666666,10.25396,9.62932,12.07123,11.01771,11.07454,12.42205,2,2,820,3,1,1,2,3,3,2,-0.5803,116.143,0.12,384.4135,412.648,450.1492,1,3,2
3490307,553.11092,529.39345,2,1,14.5,12.51743,11.04872,9.965,8.92971,9.61942,8.70884,1,2,820,3,1,1,2,3,3,2,-0.5803,116.143,0.37,556.4029,481.1488,506.3782,1,3,2
3490322,559.33593,579.59698,1,1,14.916666666666666,11.64917,10.19817,13.46507,9.34439,12.54869,12.42205,1,1,820,3,1,1,2,3,3,2,-0.5803,116.143,1.1,530.1527,626.7941,602.238,1,3,2
3490316,575.02097,625.07194,1,1,14.666666666666666,11.64917,11.04872,13.46507,9.81093,14.02271,14.34298,1,2,820,3,1,1,2,3,3,2,-0.5803,116.143,0.39,510.3677,522.8189,508.7094,1,3,2
3490311,585.19643,651.06733,2,1,14.25,11.64917,9.18945,12.07123,10.35139,10.30668,10.15325,1,1,820,3,1,1,2,3,3,2,-0.5803,116.143,0.4,520.9612,443.4574,550.2984,1,3,2
3490302,442.0428,477.1155,2,1,15.5,10.92551,8.48873,9.26151,11.01771,9.39344,9.15641,1,3,820,3,1,1,2,3,3,2,-0.5803,116.143,0.92,433.1749,418.0357,417.5121,1,3,2
3490324,567.406,579.54657,1,1,15.25,10.25396,10.19817,8.93041,7.57539,9.16491,10.74331,1,1,820,3,1,1,2,3,3,2,-0.5803,116.143,0.35,520.9612,529.1733,564.2857,1,3,2
3490314,559.64476,569.15053,1,1,14,11.64917,11.04872,13.46507,11.01771,11.70269,14.34298,1,1,820,3,1,1,2,3,3,2,-0.5803,116.143,0.49,447.4295,464.5959,445.6733,1,3,2
3490323,568.87373,570.87744,1,1,15.166666666666666,11.17406,9.18945,13.46507,9.81093,11.37095,10.15325,NA,3,820,3,1,1,2,3,3,2,-0.5803,116.143,0.51,557.1818,579.4532,565.7777,1,3,2
3490310,573.10127,560.29766,2,1,14.5,10.92551,8.48873,12.07123,10.35139,10.80346,11.44903,1,3,820,3,1,1,2,3,3,2,-0.5803,116.143,0.3,505.7719,511.8633,533.1406,1,3,2
3490317,569.09406,584.48147,1,1,14.75,11.17406,13.03951,9.26151,7.2741,9.84519,8.70884,NA,1,820,3,1,1,2,3,3,2,-0.5803,116.143,0.38,503.9025,510.0305,480.9213,1,3,2
3490318,442.199,456.90041,1,1,14.5,10.25396,8.48873,11.33851,8.92971,10.80346,8.70884,2,3,820,3,1,1,2,3,3,2,-0.5803,116.143,0.23,511.3803,495.2563,508.8959,1,3,2
3450208,553.39361,516.71884,2,1,13.916666666666666,12.21628,11.04872,9.60333,10.35139,9.39344,9.6346,NA,2,380,4,5,1,3,2,3,2,0.5021,102,-0.15,540.5125,533.997,600.2797,1,3,2
3450203,568.08008,574.34544,2,1,14.5,11.17406,13.03951,13.46507,9.34439,8.69047,9.15641,NA,2,380,4,5,1,3,2,3,2,0.5021,102,-0.27,466.8251,471.5254,558.038,1,3,2
3450210,517.14715,494.9117,2,1,13.916666666666666,10.04151,9.18945,8.81772,9.34439,7.24499,9.6346,NA,2,380,4,5,1,3,2,3,2,0.5021,102,-0.68,509.6666,489.9702,532.4879,1,3,2
3450211,482.07065,532.8811,1,1,13.833333333333334,11.64917,10.19817,9.965,9.81093,10.30668,9.15641,2,1,380,4,5,1,3,2,3,2,0.5021,102,-0.02,452.7263,523.5337,526.3335,1,3,2
3450209,563.60505,599.4855,1,1,15,8.19314,13.03951,13.46507,11.9425,13.14698,12.42205,4,2,380,4,5,1,3,2,3,2,0.5021,102,-0.59,470.0187,516.3055,516.2626,1,3,2
3450213,611.61559,591.1676,1,1,14.75,10.92551,10.19817,9.965,8.20673,11.07454,8.27843,1,2,380,4,5,1,3,2,3,2,0.5021,102,0.24,547.0556,588.1906,566.7102,1,3,2
4000416,539.83698,571.86948,2,1,14.916666666666666,10.92551,10.19817,8.93041,11.9425,9.84519,8.70884,2,1,681,2,5,1,3,3,1,1,1.9226,148.889,0.37,592.3898,517.4769,535.0056,1,6,2
4000402,447.56903,490.54669,1,1,14.416666666666666,12.51743,9.62932,10.35777,9.34439,10.80346,10.15325,1,2,681,2,5,1,3,3,1,1,1.9226,148.889,0.28,426.0087,516.385,508.8959,1,6,2
4000415,560.56534,536.05177,1,1,14.166666666666666,11.64917,11.04872,10.80246,8.20673,10.07332,8.27843,2,2,681,2,5,1,3,3,1,1,1.9226,148.889,-0.26,542.8494,527.5053,519.1533,1,6,2
4000401,397.86606,384.11854,1,1,15.166666666666666,11.17406,13.03951,8.26761,5.96004,6.85613,8.70884,NA,1,681,2,5,1,3,3,1,1,1.9226,148.889,0.07,416.8952,459.2741,427.583,1,6,2
4460301,575.05952,559.46732,1,1,14.166666666666666,10.25396,11.04872,12.07123,8.92971,12.54869,11.44903,2,1,881,1,2,1,2,3,3,2,0.5021,174,-0.21,496.6584,533.8598,508.9892,1,4,2
4460304,422.39312,417.80302,1,1,15.333333333333334,10.04151,10.20209,7.7531,9.34439,5.80254,8.70884,NA,1,881,1,2,1,2,3,3,2,0.5021,174,0.47,389.6323,412.4098,411.9172,1,4,2
4460318,516.16133,506.2844,1,1,14.25,8.19314,13.03951,8.60159,7.2741,8.93142,10.15325,4,1,881,1,2,1,2,3,3,2,0.5021,174,-0.39,426.3203,518.053,516.0761,1,4,2
4460312,526.46025,603.08051,2,1,15.25,11.64917,9.62932,9.965,9.34439,9.39344,7.42878,1,3,881,1,2,1,2,3,3,2,0.5021,174,0.69,545.4977,417.7951,463.4838,1,4,2
3730403,590.63863,643.40824,2,1,14.25,10.92551,10.19817,12.07123,13.70742,10.80346,14.34298,2,2,1043,2,3,1,2,2,3,2,-0.256,244.75,-0.58,604.6191,596.6289,652.3126,1,3,2
3730426,560.70657,505.93098,2,2,14.833333333333334,9.60097,10.19817,10.35777,11.01771,10.30668,12.42205,3,2,1043,2,3,1,2,2,3,2,-0.256,244.75,0.38,575.0195,500.3955,580.6975,1,3,2
3730404,557.46886,633.60173,1,1,14.5,12.51743,10.19817,10.80246,10.35139,9.16491,9.6346,1,2,1043,2,3,1,2,2,3,2,-0.256,244.75,-0.02,563.1017,536.2427,526.6132,1,3,2
3730406,698.58134,661.3656,1,1,15.416666666666666,10.25396,13.03951,13.46507,10.35139,13.14698,12.42205,2,2,1043,2,3,1,2,2,3,2,-0.256,244.75,-0.28,696.6895,683.905,703.6927,1,3,2
3730410,559.81773,633.55918,1,1,14.583333333333334,9.60097,11.04872,10.80246,9.81093,10.54867,14.34298,3,2,1043,2,3,1,2,2,3,2,-0.256,244.75,0.18,563.4133,522.2628,547.1279,1,3,2
3730420,566.12631,637.60689,1,1,14.333333333333334,9.60097,11.04872,11.33851,9.81093,11.07454,11.44903,4,2,1043,2,3,1,2,2,3,2,-0.256,244.75,-1.01,596.9076,560.1514,637.859,1,3,2
3730402,652.27384,627.95499,1,2,13.75,10.25396,10.19817,13.46507,13.70742,15.81948,14.34298,2,1,1043,2,3,1,2,2,3,2,-0.256,244.75,-0.17,616.3811,507.727,621.0742,1,3,2
3730418,486.06356,583.83935,1,1,15.083333333333334,12.51743,13.03951,9.26151,8.92971,9.16491,8.27843,1,2,1043,2,3,1,2,2,3,2,-0.256,244.75,0.29,463.8651,495.2563,530.3432,1,3,2
3730429,553.43082,546.11458,1,1,15.166666666666666,9.60097,10.19817,9.965,7.57539,9.16491,10.15325,2,1,1043,2,3,1,2,2,3,2,-0.256,244.75,-0.1,634.9198,563.567,666.4864,1,3,2
3730416,558.60564,657.7108,1,1,15.166666666666666,10.25396,13.03951,8.60159,7.2741,7.89169,10.15325,2,2,1043,2,3,1,2,2,3,2,-0.256,244.75,-0.59,585.1457,560.9457,569.3211,1,3,2
3730417,644.49205,610.37298,2,1,14.5,12.51743,10.19817,9.60333,9.81093,11.37095,9.6346,1,1,1043,2,3,1,2,2,3,2,-0.256,244.75,1.22,548.3019,529.9872,663.6889,1,3,2
3730422,610.58697,612.14004,2,1,15.083333333333334,14.01827,13.03951,10.80246,13.70742,11.37095,12.42205,1,2,1043,2,3,1,2,2,3,2,-0.256,244.75,0.33,567.2301,501.9192,625.1772,1,3,2
3730412,565.84497,701.01433,2,1,14.416666666666666,12.51743,13.03951,11.33851,11.9425,12.08627,12.42205,1,3,1043,2,3,1,2,2,3,2,-0.256,244.75,0.79,652.1343,574.9764,654.364,1,3,2
3730411,635.3794,592.3028,2,1,15.25,10.92551,13.03951,10.80246,11.9425,11.37095,9.15641,1,1,1043,2,3,1,2,2,3,2,-0.256,244.75,0.41,558.3502,514.0285,599.7203,1,3,2
3730408,644.85273,620.194,2,2,14.5,9.60097,11.04872,13.46507,13.70742,11.07454,11.44903,2,2,1043,2,3,1,2,2,3,2,-0.256,244.75,0.36,530.62,485.8803,594.4051,1,3,2
3730425,557.0664,598.7406,1,1,14.75,12.51743,13.03951,10.80246,8.92971,10.54867,11.44903,1,2,1043,2,3,1,2,2,3,2,-0.256,244.75,0.01,606.6443,527.5847,553.0959,1,3,2
3730401,656.43446,694.18078,1,2,15,10.25396,13.03951,12.07123,9.34439,13.14698,11.44903,2,2,1043,2,3,1,2,2,3,2,-0.256,244.75,-0.17,540.902,483.7388,569.4144,1,3,2
3730421,652.99955,590.24441,1,1,14.75,14.01827,11.04872,11.33851,9.34439,12.08627,10.74331,1,2,1043,2,3,1,2,2,3,2,-0.256,244.75,0.84,611.6295,595.0217,628.9071,1,3,2
3730415,612.18275,607.16946,2,1,15.166666666666666,12.51743,13.03951,13.46507,11.01771,11.07454,14.34298,1,2,1043,2,3,1,2,2,3,2,-0.256,244.75,0.78,591.2993,491.0127,599.3473,1,3,2
3730414,626.16899,615.62855,1,1,14.333333333333334,14.01827,13.03951,12.07123,11.9425,10.80346,12.42205,1,1,1043,2,3,1,2,2,3,2,-0.256,244.75,0.76,568.9438,528.1407,618.1835,1,3,2
3740111,658.326,626.3324,2,1,14,9.60097,10.19817,9.60333,11.01771,11.37095,10.74331,3,1,993,1,2,1,1,2,3,2,0.5021,253.5,0.11,604.7749,528.223,574.3566,1,5,2
3740110,575.13617,533.31503,1,1,14.416666666666666,10.25396,13.03951,10.80246,8.20673,10.80346,12.42205,2,1,993,1,2,1,1,2,3,2,0.5021,253.5,0.3,539.2662,537.9108,475.0466,1,5,2
3740122,653.69643,618.47386,2,1,13.583333333333334,12.51743,10.19817,11.33851,13.70742,10.07332,9.6346,1,1,993,1,2,1,1,2,3,2,0.5021,253.5,0.72,621.4442,575.7783,596.9228,1,5,2
3740116,549.39657,530.59925,2,2,15.166666666666666,10.92551,13.03951,10.80246,11.01771,9.61942,9.6346,1,1,993,1,2,1,1,2,3,2,0.5021,253.5,-0.18,515.976,463.3456,447.2585,1,5,2
3740119,625.16741,575.9963,2,NA,14.416666666666666,11.64917,11.04872,12.07123,11.9425,10.54867,10.74331,1,1,993,1,2,1,1,2,3,2,0.5021,253.5,-0.25,604.6191,538.8086,588.8101,1,5,2
3740106,667.05406,562.08065,2,1,14,11.64917,11.04872,13.46507,11.9425,10.30668,10.74331,1,1,993,1,2,1,1,2,3,2,0.5021,253.5,0.59,571.4364,501.1172,487.542,1,5,2
3740102,665.4946,645.75305,2,2,14.75,11.64917,13.03951,13.46507,13.70742,13.14698,12.42205,1,1,993,1,2,1,1,2,3,2,0.5021,253.5,0.07,607.8906,522.6895,530.2499,1,5,2
3740109,653.87778,604.54981,2,2,13.583333333333334,11.64917,11.04872,13.46507,11.9425,11.70269,12.42205,1,1,993,1,2,1,1,2,3,2,0.5021,253.5,0.15,557.1039,431.4282,483.7188,1,5,2
3740115,648.33669,612.3659,2,1,14.416666666666666,10.25396,8.19852,13.46507,13.70742,12.54869,12.42205,1,2,993,1,2,1,1,2,3,2,0.5021,253.5,-0.87,472.4334,362.7015,433.3644,1,5,2
3740123,634.3862,606.68403,2,1,14.166666666666666,11.64917,13.03951,13.46507,13.70742,15.81948,14.34298,1,1,993,1,2,1,1,2,3,2,0.5021,253.5,0.68,495.5678,433.834,434.2969,1,5,2
3740105,698.32793,669.22905,2,1,14.916666666666666,10.92551,13.03951,13.46507,13.70742,12.08627,11.44903,2,1,993,1,2,1,1,2,3,2,0.5021,253.5,-0.14,649.0185,572.4903,593.47260000000006,1,5,2
3740118,747.39771,633.17729,2,1,14,10.25396,9.18945,11.33851,11.01771,11.70269,11.44903,1,1,993,1,2,1,1,2,3,2,0.5021,253.5,-0.19,638.1913,570.1647,630.3991,1,5,2
3740121,586.42359,586.54477,2,1,14.916666666666666,14.01827,13.03951,13.46507,11.01771,13.14698,12.42205,1,2,993,1,2,1,1,2,3,2,0.5021,253.5,0.61,607.0338,507.8536,514.4909,1,5,2
3740104,540.29587,585.9955,2,2,13.666666666666666,10.92551,13.03951,13.46507,8.55351,12.54869,14.34298,1,1,993,1,2,1,1,2,3,2,0.5021,253.5,0.72,492.53,454.6846,481.201,1,5,2
3740128,622.3915,591.40798,2,1,13.833333333333334,14.01827,13.03951,13.46507,13.70742,13.14698,14.34298,1,1,993,1,2,1,1,2,3,2,0.5021,253.5,0.46,620.7431,538.8086,604.9422,1,5,2
3740108,675.75073,626.39099,1,1,14.5,10.25396,11.04872,11.33851,11.01771,10.80346,12.42205,2,1,993,1,2,1,1,2,3,2,0.5021,253.5,-0.27,541.2136,438.622,453.3197,1,5,2
3740114,694.64955,683.39642,1,1,14.75,10.92551,11.04872,13.46507,11.9425,11.70269,11.44903,2,1,993,1,2,1,1,2,3,2,0.5021,253.5,0.16,601.2697,584.6956,592.8198,1,5,2
3740113,644.54412,595.40539,1,1,14.333333333333334,10.92551,13.03951,12.07123,11.9425,10.30668,9.6346,1,1,993,1,2,1,1,2,3,2,0.5021,253.5,-0.18,520.4938,482.309,501.2495,1,5,2
3740125,633.13915,729.23701,2,1,13.833333333333334,10.25396,10.19817,10.35777,10.35139,11.07454,10.15325,2,2,993,1,2,1,1,2,3,2,0.5021,253.5,0.11,643.7218,536.2424,600.4662,1,5,2
3740107,642.10084,625.32791,2,1,14.5,11.64917,9.18945,9.965,11.01771,10.30668,10.74331,1,1,993,1,2,1,1,2,3,2,0.5021,253.5,0.4,547.0556,477.3796,519.1533,1,5,2
3740120,626.63346,580.81008,2,1,14,14.01827,9.62932,10.80246,10.35139,10.30668,9.6346,1,1,993,1,2,1,1,2,3,2,0.5021,253.5,1.11,562.0891,524.3736,555.6136,1,5,2
3740101,706.00402,639.6536,1,2,14.166666666666666,8.91919,10.19817,11.33851,11.01771,10.80346,11.44903,3,NA,993,1,2,1,1,2,3,2,0.5021,253.5,-0.09,467.7598,490.4904,505.166,1,5,2
3710325,540.1628,594.60233,1,1,14.833333333333334,10.25396,9.18945,8.26761,11.9425,8.43911,9.15641,2,2,738,2,5,2,3,1,2,2,0.7756,111.333,-0.2,428.3455,448.0743,396.9974,1,3,2
3710302,411.70783,423.21135,1,1,14.25,10.25396,8.81989,10.80246,9.81093,10.07332,10.15325,1,2,738,2,5,2,3,1,2,2,0.7756,111.333,-0.25,400.2259,480.7204,424.4125,1,3,2
4520112,574.6613,523.22603,1,1,14.666666666666666,10.92551,11.04872,9.60333,11.9425,9.39344,10.74331,1,1,1287,1,1,1,2,1,1,2,0.7756,145.778,-0.11,489.3363,529.9677,463.95,2,3,2
4520125,573.12306,525.10559,1,1,13.333333333333334,12.51743,9.62932,10.80246,11.01771,10.30668,12.42205,1,2,1287,1,1,1,2,1,1,2,0.7756,145.778,-0.9,533.7358,556.1799,530.1567,2,3,2
4520114,578.16537,589.70082,1,1,14.75,10.92551,8.48873,8.26761,6.97345,9.39344,9.15641,2,1,1287,1,1,1,2,1,1,2,0.7756,145.778,0.1,524.6222,560.3897,508.8959,2,3,2
4520111,655.97032,624.85088,1,1,14.5,11.64917,10.19817,9.965,7.2741,10.07332,11.44903,1,1,1287,1,1,1,2,1,1,2,0.7756,145.778,0.57,607.657,619.1687,562.9802,2,3,2
4880104,437.6072,472.98868,1,1,14.416666666666666,10.92551,13.03951,9.60333,9.81093,9.16491,10.15325,2,2,520,1,3,2,3,1,1,2,-0.9168,131.25,-0.03,421.5688,521.2302,493.0436,1,3,2
4880110,588.51513,621.80667,1,1,13.75,10.25396,11.04872,13.46507,13.70742,15.81948,14.34298,2,3,520,1,3,2,3,1,1,2,-0.9168,131.25,-0.4,572.9163,578.6589,547.1279,1,3,2
4880102,581.40017,598.12423,1,1,14.166666666666666,11.64917,9.18945,10.80246,9.81093,11.70269,10.74331,1,2,520,1,3,2,3,1,1,2,-0.9168,131.25,-0.08,612.4864,616.7858,605.8747,1,3,2
4880108,614.16523,625.4212,1,1,15.25,10.25396,10.19817,13.46507,9.34439,10.80346,10.74331,2,2,520,1,3,2,3,1,1,2,-0.9168,131.25,0.01,573.4616,641.1711,589.8359,1,3,2
4880111,528.61682,530.42281,2,1,15.083333333333334,11.64917,8.81989,9.965,11.01771,9.39344,8.27843,1,2,520,1,3,2,3,1,1,2,-0.9168,131.25,0.79,503.513,399.9919,426.7438,1,3,2
4880107,582.51851,604.13191,1,1,14.5,11.64917,11.04872,10.80246,11.01771,11.37095,10.15325,1,3,520,1,3,2,3,1,1,2,-0.9168,131.25,-0.05,666.0773,596.1337,643.1742,1,3,2
4880112,502.92102,514.57338,1,1,14.5,10.25396,9.18945,9.60333,9.81093,7.58514,8.27843,2,2,520,1,3,2,3,1,1,2,-0.9168,131.25,0.32,497.9826,458.4797,460.6863,1,3,2
4880117,531.52926,541.37412,1,1,14.083333333333334,9.60097,10.19817,9.26151,8.20673,7.58514,9.6346,2,3,520,1,3,2,3,1,1,2,-0.9168,131.25,-0.78,442.6001,439.4163,506.0985,1,3,2
4880105,614.16836,621.14807,2,1,14.666666666666666,14.01827,11.04872,10.35777,11.01771,12.54869,10.15325,1,3,520,1,3,2,3,1,1,2,-0.9168,131.25,0.23,487.8564,457.0904,552.4431,1,3,2
4900104,678.19032,678.3511,2,1,14.583333333333334,11.64917,9.18945,11.33851,11.9425,14.02271,10.15325,1,2,1106,1,1,1,2,2,2,2,1.9226,103.455,0.76,650.5764,487.5644,627.1354,3,NA,2
4900102,657.01168,688.34724,2,1,14.166666666666666,11.64917,7.91394,10.35777,10.35139,12.54869,10.74331,2,2,1106,1,1,1,2,2,2,2,1.9226,103.455,0.34,550.2493,498.551,534.2596,3,NA,2
4900101,635.19381,624.51602,2,1,15.083333333333334,12.51743,11.04872,13.46507,8.20673,12.08627,14.34298,1,1,1106,1,1,1,2,2,2,2,1.9226,103.455,0.49,496.4247,400.1523,439.6121,3,NA,2
4900128,760.05253,687.28079,1,2,13.916666666666666,12.51743,11.04872,10.35777,9.34439,10.54867,8.70884,1,3,1106,1,1,1,2,2,2,2,1.9226,103.455,0.6,626.5072,575.4816,604.9422,3,NA,2
4900116,669.91131,622.9842,2,2,14.583333333333334,10.92551,13.03951,13.46507,13.70742,15.81948,12.42205,1,3,1106,1,1,1,2,2,2,2,1.9226,103.455,0.97,701.9863,485.1585,555.5203,3,NA,2
4900107,668.13084,685.90598,2,1,14.75,12.51743,13.03951,13.46507,11.9425,12.08627,11.44903,1,1,1106,1,1,1,2,2,2,2,1.9226,103.455,1.01,625.8062,579.6276,612.3088,3,NA,2
4900119,698.7438,683.57722,2,1,14.25,14.01827,10.19817,11.33851,11.9425,10.07332,10.74331,1,3,1106,1,1,1,2,2,2,2,1.9226,103.455,0.82,541.4473,441.2921,462.2715,3,NA,2
4900112,615.34525,627.92542,1,1,15,11.64917,9.09566,11.33851,13.70742,12.12171,11.44903,1,NA,1106,1,1,1,2,2,2,2,1.9226,103.455,0.3,653.6922,594.2273,629.8396,3,NA,2
4900108,655.86473,635.6335,2,2,14.333333333333334,10.25396,10.19817,12.07123,10.35139,12.54869,10.74331,1,3,1106,1,1,1,2,2,2,2,1.9226,103.455,-0.22,544.7188,453.8827,489.5934,3,NA,2
4900109,740.60353,670.69627,1,1,14.166666666666666,12.51743,13.03951,12.07123,11.9425,11.70269,9.6346,1,1,1106,1,1,1,2,2,2,2,1.9226,103.455,0.44,666.1552,575.1639,616.7848,3,NA,2
4900130,702.46509,738.55579,2,1,14.916666666666666,14.01827,9.62932,12.07123,11.01771,11.70269,14.34298,1,1,1106,1,1,1,2,2,2,2,1.9226,103.455,1.08,645.9028,503.6033,606.8072,3,NA,2
4900125,670.02729,636.61976,2,1,14.5,14.01827,13.03951,9.965,9.34439,11.07454,10.15325,1,2,1106,1,1,1,2,2,2,2,1.9226,103.455,0.4,538.4094,501.1172,557.1056,3,NA,2
4900126,723.49624,646.92523,2,1,14.25,12.51743,10.19817,11.33851,11.9425,12.08627,9.6346,1,2,1106,1,1,1,2,2,2,2,1.9226,103.455,-0.04,610.3832,564.4709,575.1958,3,NA,2
4900121,633.40485,662.98241,2,1,14.083333333333334,14.01827,11.04872,12.07123,13.70742,12.08627,14.34298,1,1,1106,1,1,1,2,2,2,2,1.9226,103.455,0.79,555.3124,404.8838,532.2081,3,NA,2
4900103,648.96597,580.99459,2,1,14.166666666666666,14.01827,8.19852,13.46507,10.35139,11.87242,10.74331,1,2,1106,1,1,1,2,2,2,2,1.9226,103.455,0.99,444.859,343.4548,435.2294,3,NA,2
4900111,647.30114,683.03722,1,1,14.666666666666666,11.64917,10.19817,8.26761,9.81093,10.54867,8.70884,1,3,1106,1,1,1,2,2,2,2,1.9226,103.455,0.82,539.2662,453.9522,428.702,3,NA,2
4900110,781.46726,745.92191,2,1,15,14.01827,13.03951,13.46507,13.70742,15.81948,11.44903,1,3,1106,1,1,1,2,2,2,2,1.9226,103.455,0.91,567.5417,418.5169,547.2212,3,NA,2
4900114,651.82557,644.17846,2,1,14.666666666666666,14.01827,10.19817,11.33851,11.9425,11.37095,10.74331,1,2,1106,1,1,1,2,2,2,2,1.9226,103.455,0.78,621.8336,465.3505,524.7482,3,NA,2
4890210,568.57193,552.00977,1,1,15.25,11.64917,13.03951,8.93041,7.2741,9.39344,9.6346,1,1,731,1,1,3,2,1,1,3,0.5021,152.4,-0.17,465.1114,431.7115,379.2801,1,3,2
4890219,594.10896,608.07367,2,1,14.916666666666666,10.92551,13.03951,13.46507,9.81093,10.54867,10.15325,2,2,731,1,1,3,2,1,1,3,0.5021,152.4,0.19,535.3716,512.6652,541.533,1,3,2
4890206,575.94668,538.52914,2,3,13.333333333333334,10.92551,7.91394,10.80246,9.81093,8.43911,10.09283,1,1,731,1,1,3,2,1,1,3,0.5021,152.4,0.52,401.0048,391.3309,402.0328,1,3,2
4890207,604.66118,586.64111,1,1,15.166666666666666,10.25396,11.04872,13.46507,9.34439,10.80346,9.6346,4,2,731,1,1,3,2,1,1,3,0.5021,152.4,-0.26,501.0204,576.0376,457.6091,1,3,2
4890211,585.36012,509.35719,1,1,14.166666666666666,12.51743,13.03951,12.07123,8.55351,11.07454,11.44903,1,1,731,1,1,3,2,1,1,3,0.5021,152.4,-0.89,472.9787,570.4775,457.4226,1,3,2
4890208,600.31754,616.30985,2,1,15.333333333333334,11.64917,10.19817,10.80246,11.9425,9.39344,9.6346,1,2,731,1,1,3,2,1,1,3,0.5021,152.4,0.53,507.3298,489.1682,500.2238,1,3,2
4890209,607.32435,607.28807,2,2,14.083333333333334,12.51743,9.19169,13.46507,11.9425,15.81948,9.6346,1,3,731,1,1,3,2,1,1,3,0.5021,152.4,1.21,571.2806,519.4016,481.1078,1,3,2
4890215,534.07466,629.36253,2,1,15.25,10.92551,13.03951,9.965,11.9425,8.43911,10.74331,1,1,731,1,1,3,2,1,1,3,0.5021,152.4,0.55,446.6506,476.1767,487.3555,1,3,2
4890205,642.00755,619.63098,1,1,14.5,11.64917,8.48873,9.26151,9.81093,9.39344,10.15325,1,2,731,1,1,3,2,1,1,3,0.5021,152.4,0.8,595.3497,623.1402,548.0604,1,3,2
4890203,592.49989,540.79659,2,1,14.25,11.64917,9.62932,10.80246,11.01771,10.54867,7.85736,1,2,731,1,1,3,2,1,1,3,0.5021,152.4,0.17,518.157,486.6822,488.1015,1,3,2
4890220,615.22938,595.50064,2,1,14.916666666666666,11.64917,13.03951,9.965,10.35139,8.69047,8.27843,1,2,731,1,1,3,2,1,1,3,0.5021,152.4,0.87,469.5513,434.636,430.9399,1,3,2
4890212,646.47007,622.14371,2,1,14.083333333333334,11.64917,7.6477,9.965,13.70742,9.16491,8.70884,1,2,731,1,1,3,2,1,1,3,0.5021,152.4,0.5,581.7962,566.8767,554.5878,1,3,2
3520213,559.71314,541.55132,2,2,15.166666666666666,11.64917,11.04872,10.80246,11.01771,10.54867,9.15641,1,1,637,1,4,1,1,3,2,2,0.7756,150.5,0.39,473.5239,455.4064,443.6218,1,3,2
3520212,507.86366,517.08284,2,1,14.833333333333334,9.60097,8.81989,10.80246,11.9425,9.84519,9.15641,2,3,637,1,4,1,1,3,2,2,0.7756,150.5,-0.74,525.1675,434.636,559.0638,1,3,2
3520217,526.18796,530.59172,1,1,14.166666666666666,10.25396,11.04872,8.26761,8.92971,11.07454,9.6346,2,3,637,1,4,1,1,3,2,2,0.7756,150.5,-0.27,506.473,525.1224,550.5781,1,3,2
3520203,543.88788,543.70649,1,1,14,12.21628,8.48873,9.60333,6.97345,8.69047,10.15325,NA,3,637,1,4,1,1,3,2,2,0.7756,150.5,0.69,446.5727,453.7139,431.7792,1,3,2
3520204,528.25435,557.91335,1,1,14.5,12.51743,9.62932,10.35777,9.34439,11.07454,11.44903,1,3,637,1,4,1,1,3,2,2,0.7756,150.5,0.31,526.7253,467.932,544.0507,1,3,2
3520208,558.6814,625.69442,1,1,14.416666666666666,10.25396,10.19817,10.80246,9.34439,12.08627,10.15325,2,2,637,1,4,1,1,3,2,2,0.7756,150.5,0.02,499.4625,540.2937,551.7904,1,3,2
3520227,508.75921,479.80597,2,1,14.75,10.04151,13.03951,9.60333,8.92971,7.89169,7.85736,NA,2,637,1,4,1,1,3,2,2,0.7756,150.5,-0.02,397.967,441.7733,424.972,1,3,2
3520221,374.37241,408.66449,2,1,15.25,10.25396,9.62932,10.35777,7.88323,9.16491,10.15325,3,2,637,1,4,1,1,3,2,2,0.7756,150.5,0.53,450.0779,361.659,423.48,1,3,2
3520223,440.91373,378.5796,2,1,14.25,10.92551,8.81989,10.35777,8.55351,9.39344,9.15641,1,1,637,1,4,1,1,3,2,2,0.7756,150.5,0.12,439.5622,400.1523,386.4603,1,3,2
3520219,360.84808,460.03365,1,1,14.833333333333334,9.60097,8.81989,9.26151,8.55351,9.16491,9.6346,2,2,637,1,4,1,1,3,2,2,0.7756,150.5,-0.24,390.7229,377.3807,377.5084,1,3,2
3520201,558.03301,558.73856,1,1,14.5,10.92551,11.04872,9.965,9.34439,10.54867,9.15641,1,2,637,1,4,1,1,3,2,2,0.7756,150.5,0.18,514.496,582.6304,586.2924,1,3,2
3520214,481.92607,503.25196999999997,1,1,14.666666666666666,11.17406,10.19817,12.07123,11.01771,11.70269,9.6346,NA,1,637,1,4,1,1,3,2,2,0.7756,150.5,0.46,417.1288,440.4489,434.2969,1,3,2
3520222,500.38053,483.90027,1,1,14.666666666666666,11.17406,11.04872,9.60333,9.81093,8.43911,9.6346,NA,2,637,1,4,1,1,3,2,2,0.7756,150.5,-0.2,477.6523,507.727,453.8791,1,3,2
3520216,493.46066,475.41325,1,1,14.916666666666666,12.51743,8.81989,9.26151,8.55351,9.61942,11.44903,1,2,637,1,4,1,1,3,2,2,0.7756,150.5,0.72,515.1192,497.4009,563.26,1,3,2
3520206,593.96013,650.62455,2,2,14.5,9.60097,6.83195,13.46507,11.01771,12.54869,9.15641,2,3,637,1,4,1,1,3,2,2,0.7756,150.5,-1.03,545.4977,477.3796,530.3432,1,3,2
3520209,568.3745,661.65922,2,1,15.166666666666666,11.17406,7.38476,9.965,7.88323,9.39344,9.6346,NA,1,637,1,4,1,1,3,2,2,0.7756,150.5,0.12,474.6144,454.6846,457.3294,1,3,2
3520225,621.5259,550.51068,2,1,14.75,10.92551,9.62932,13.46507,13.70742,13.14698,10.74331,2,3,637,1,4,1,1,3,2,2,0.7756,150.5,0.73,562.4786,442.896,541.533,1,3,2
3520210,470.98904,522.72761,2,1,14.916666666666666,11.64917,10.19817,10.35777,10.35139,8.93142,9.6346,1,2,637,1,4,1,1,3,2,2,0.7756,150.5,0.5,524.5443,548.2716,526.7997,1,3,2
3530301,552.1432,506.21904,1,1,14.666666666666666,10.92551,10.19817,9.26151,6.33324,9.39344,9.6346,2,1,898,NA,1,4,4,3,3,1,-0.9168,NA,-0.29,353.256,415.8253,381.1451,2,4,2
3530311,480.45253,580.45176,2,1,15.5,11.64917,11.04872,7.91186,6.66537,3.17837,9.15641,1,1,898,NA,1,4,4,3,3,1,-0.9168,NA,0.03,396.7207,414.8279,419.3771,2,4,2
3530313,490.2577,528.65313,1,1,15,10.92551,11.04872,9.965,11.9425,8.69047,10.15325,2,1,898,NA,1,4,4,3,3,1,-0.9168,NA,-0.72,476.5618,501.3725,449.5897,2,4,2
3530310,575.0089,543.45618,1,1,14.416666666666666,11.64917,13.03951,12.07123,6.97345,12.54869,10.74331,2,2,898,NA,1,4,4,3,3,1,-0.9168,NA,-0.09,438.7833,518.2913,438.0269,2,4,2
3530320,583.57294,555.9692,1,1,14.5,9.60097,13.03951,10.35777,9.34439,11.07454,10.74331,3,2,898,NA,1,4,4,3,3,1,-0.9168,NA,0.03,478.3533,526.2344,473.4614,2,4,2
3540217,554.66435,500.73727,1,1,14.083333333333334,10.92551,7.11034,10.80246,8.20673,8.93142,11.44903,1,2,369,2,1,1,3,2,1,2,-0.0892,197.5,-0.4,459.0357,487.8692,473.7411,1,3,2
3540220,560.74925,590.41048,2,1,15.333333333333334,10.25396,10.19817,10.80246,11.9425,13.14698,12.42205,1,2,369,2,1,1,3,2,1,2,-0.0892,197.5,0.38,529.1401,461.3407,474.3939,1,3,2
3540205,621.42087,622.00732,2,1,15.333333333333334,14.01827,11.04872,10.80246,11.9425,11.70269,11.44903,1,2,369,2,1,1,3,2,1,2,-0.0892,197.5,0.66,480.3007,479.4647,481.0145,1,3,2
3540219,497.94497,494.67187,1,1,14.583333333333334,10.92551,8.81989,10.80246,9.34439,10.07332,9.6346,2,2,369,2,1,1,3,2,1,2,-0.0892,197.5,-0.66,439.7959,491.7613,426.9302,1,3,2
3540206,575.58299,613.48408,2,1,14.5,10.92551,13.03951,11.33851,9.34439,10.30668,8.70884,1,2,369,2,1,1,3,2,1,2,-0.0892,197.5,0.55,483.9617,446.1038,479.9888,1,3,2
3540213,644.35339,578.61236,1,1,14.833333333333334,10.92551,9.62932,12.07123,9.81093,11.37095,11.44903,2,2,369,2,1,1,3,2,1,2,-0.0892,197.5,-0.36,521.2728,564.9173,474.2074,1,3,2
3540208,554.17396,548.31754,1,1,14.833333333333334,10.92551,11.04872,8.60159,8.92971,8.17383,11.44903,2,1,369,2,1,1,3,2,1,2,-0.0892,197.5,0.19,518.157,553.0026,527.5457,1,3,2
3540212,420.91277,422.07004,1,1,14.25,10.25396,11.04872,9.965,10.35139,8.69047,9.6346,2,2,369,2,1,1,3,2,1,2,-0.0892,197.5,-0.49,361.5127,397.5562,352.238,1,3,2
3540215,555.41666,562.67411,2,1,14.083333333333334,10.92551,11.04872,10.35777,9.34439,11.37095,12.42205,2,1,369,2,1,1,3,2,1,2,-0.0892,197.5,0.49,520.7275,443.698,491.1787,1,3,2
3540211,583.68512,570.5093,1,1,15.083333333333334,10.92551,9.18945,10.35777,8.92971,10.54867,10.74331,2,1,369,2,1,1,3,2,1,2,-0.0892,197.5,0.23,523.7654,539.2611,503.4875,1,3,2
3540214,472.94449,520.06802,2,1,14.833333333333334,11.64917,7.91394,10.35777,11.01771,8.93142,8.27843,1,2,369,2,1,1,3,2,1,2,-0.0892,197.5,0.62,426.0087,417.7149,440.8243,1,3,2
3540218,541.3036,581.30927,2,1,14.75,11.64917,10.19817,10.35777,9.34439,11.07454,10.15325,2,1,369,2,1,1,3,2,1,2,-0.0892,197.5,-0.19,508.8098,476.2569,489.0339,1,3,2
3540210,526.30461,557.16114,1,1,14.5,10.92551,11.04872,10.35777,10.35139,10.07332,11.44903,1,1,369,2,1,1,3,2,1,2,-0.0892,197.5,0.72,511.2245,530.762,486.2365,1,3,2
4040512,558.94978,519.37472,1,1,14.75,12.51743,13.03951,10.80246,11.9425,9.84519,11.44903,1,1,1240,1,3,1,2,3,2,3,0.7756,14.143,0.63,409.1837,404.4667,448.937,1,6,2
4040501,616.39443000000006,514.11882,2,1,15.25,11.64917,9.62932,13.46507,13.70742,12.54869,12.42205,1,2,1240,1,3,1,2,3,2,3,0.7756,14.143,-0.65,539.8894,542.3372,544.3305,1,6,2
4040502,638.05732,606.87792,1,1,14.916666666666666,12.51743,9.18945,11.33851,11.01771,11.07454,9.6346,1,1,1240,1,3,1,2,3,2,3,0.7756,14.143,0.6,571.1248,629.2564,602.8907,1,6,2
4040507,543.14675,577.40286,2,1,14.833333333333334,10.25396,11.04872,13.46507,11.01771,9.39344,10.74331,1,2,1240,1,3,1,2,3,2,3,0.7756,14.143,0.31,523.6096,528.3834,565.4979,1,6,2
4040522,490.47022,526.23762,2,1,15.166666666666666,11.64917,9.62932,10.35777,10.35139,8.93142,8.27843,1,3,1240,1,3,1,2,3,2,3,0.7756,14.143,0.72,437.2254,346.6626,444.5543,1,6,2
4040515,670.93233,607.8537,1,1,14.833333333333334,12.51743,8.81989,13.46507,13.70742,15.81948,14.34298,1,3,1240,1,3,1,2,3,2,3,0.7756,14.143,0.93,664.5973,641.1711,641.1227,1,6,2
4040514,555.2285,572.96845,1,1,15.083333333333334,12.51743,11.04872,11.33851,10.35139,11.70269,12.42205,1,1,1240,1,3,1,2,3,2,3,0.7756,14.143,0.66,604.5412,594.5451,606.8072,1,6,2
4040521,542.21445,516.69353,2,1,15,9.60097,13.03951,13.46507,13.70742,14.02271,12.42205,3,1,1240,1,3,1,2,3,2,3,0.7756,14.143,0.06,498.2162,510.7406,543.4912,1,6,2
4040523,665.31705,648.00369,2,1,14.75,10.92551,11.04872,13.46507,13.70742,14.02271,12.42205,2,1,1240,1,3,1,2,3,2,3,0.7756,14.143,-0.55,619.1073,644.7456,643.5472,1,6,2
4040520,597.93963,552.50993,2,1,14.333333333333334,10.25396,9.18945,12.07123,13.70742,9.39344,9.6346,1,1,1240,1,3,1,2,3,2,3,0.7756,14.143,0.33,497.9047,454.6044,511.4137,1,6,2
4040505,592.0315,629.85408,2,1,15.25,11.64917,7.91394,10.80246,11.01771,11.07454,9.6346,1,2,1240,1,3,1,2,3,2,3,0.7756,14.143,0.84,572.8384,574.816,588.9966,1,6,2
4050312,587.76216,644.34551,2,1,15,11.64917,9.62932,10.35777,11.9425,12.08627,10.74331,1,2,1092,1,2,1,3,1,1,3,-0.256,178.5,0.69,634.764,517.9581,605.8747,1,3,2
4050319,658.48824,588.99105,2,1,15.083333333333334,12.51743,10.19817,7.03246,7.57539,8.17383,8.70884,1,2,1092,1,2,1,3,1,1,3,-0.256,178.5,0.16,544.3293,482.7527,518.5938,1,3,2
4050304,708.70831,647.96823,1,1,14.5,11.64917,11.04872,10.80246,10.35139,10.30668,9.6346,1,2,1092,1,2,1,3,1,1,3,-0.256,178.5,0.91,573.7732,610.9079,605.9679,1,3,2
4050314,643.91796,700.26048,2,1,14.5,10.25396,13.03951,9.965,11.01771,12.08627,10.74331,2,2,1092,1,2,1,3,1,1,3,-0.256,178.5,-0.34,724.7313,670.2474,713.0175,1,3,2
4050318,670.03835,582.16285,2,1,13.833333333333334,10.25396,13.03951,10.35777,11.01771,11.70269,10.15325,2,2,1092,1,2,1,3,1,1,3,-0.256,178.5,-0.22,579.771,495.0224,586.2924,1,3,2
4050302,692.66237,716.07401,2,1,14.5,10.92551,9.18945,8.26761,8.92971,11.70269,5.86845,1,3,1092,1,2,1,3,1,1,3,-0.256,178.5,1.02,645.2017,530.8694,593.0996,1,3,2
4050309,642.48912,562.95452,2,1,15.5,10.04151,9.62932,13.46507,11.9425,9.39344,12.42205,NA,3,1092,1,2,1,3,1,1,3,-0.256,178.5,-0.27,561.9333,479.3043,569.6941,1,3,4
4050317,714.14303,780.12914,2,1,15,11.17406,8.19852,11.33851,9.81093,11.37095,9.15641,NA,3,1092,1,2,1,3,1,1,3,-0.256,178.5,-0.32,645.4354,547.63,581.7232,1,3,2
4050315,614.94346,624.82731,1,1,15,10.92551,8.19852,9.965,7.88323,8.17383,10.15325,2,2,1092,1,2,1,3,1,1,3,-0.256,178.5,-0.01,473.0566,512.4928,496.1209,1,3,2
4030307,526.54651,520.01652,2,1,15.25,12.51743,10.19817,9.60333,9.34439,10.07332,10.15325,1,2,1029,1,4,2,1,2,2,1,0.7756,202.6,0.14,429.436,420.201,447.6315,NA,4,2
4030303,501.58726,481.30211,2,2,14.916666666666666,10.92551,13.03951,13.46507,11.01771,10.30668,9.6346,1,3,1029,1,4,2,1,2,2,1,0.7756,202.6,0.34,466.7472,414.5873,458.3551,NA,4,2
4030323,540.08794,580.92912,2,1,14.25,11.64917,13.03951,12.07123,11.01771,11.70269,10.74331,1,2,1029,1,4,2,1,2,2,1,0.7756,202.6,0.72,495.2563,488.3663,480.3618,NA,4,2
4030321,594.68439,632.69589,2,1,13.916666666666666,10.92551,11.04872,9.965,11.01771,11.70269,10.15325,1,2,1029,1,4,2,1,2,2,1,0.7756,202.6,0.39,446.8064,433.7538,418.5379,NA,4,2
4030315,598.39003,632.12185,2,1,15.083333333333334,11.64917,13.03951,13.46507,13.70742,15.81948,12.42205,1,1,1029,1,4,2,1,2,2,1,0.7756,202.6,-0.14,496.1131,412.9033,452.9467,NA,4,2
4030308,564.86272,517.83898,2,1,15,9.60097,8.48873,10.35777,9.81093,11.07454,8.70884,4,2,1029,1,4,2,1,2,2,1,0.7756,202.6,-0.23,522.0517,457.8122,489.0339,NA,4,2
4030314,650.52588,585.89795,1,1,15.333333333333334,10.92551,8.81989,10.35777,10.35139,10.54867,10.15325,2,2,1029,1,4,2,1,2,2,1,0.7756,202.6,-0.19,561.7775,577.6263,611.2831,NA,4,2
4030311,644.7458,605.09864,2,1,15.166666666666666,11.64917,11.04872,9.965,10.35139,10.80346,9.15641,1,3,1029,1,4,2,1,2,2,1,0.7756,202.6,0.01,558.7397,560.5414,572.0254,NA,4,2
4030324,536.81515,570.62037,1,1,15.083333333333334,12.51743,9.62932,9.60333,8.92971,8.93142,10.74331,2,1,1029,1,4,2,1,2,2,1,0.7756,202.6,0.27,429.3582,494.2237,514.4909,NA,4,2
4030318,567.97651,634.67157,2,1,15.083333333333334,11.64917,11.04872,10.35777,11.9425,11.37095,9.15641,1,1,1029,1,4,2,1,2,2,1,0.7756,202.6,0.99,489.4142,450.6749,507.3107,NA,4,2
4030309,625.54306,599.7393,1,1,14.5,11.64917,10.19817,7.91186,6.97345,10.54867,9.6346,1,2,1029,1,4,2,1,2,2,1,0.7756,202.6,0.28,589.3519,560.072,563.0735,NA,4,2
4030301,606.00668,547.34252,1,2,14.75,12.51743,11.04872,12.07123,9.81093,12.54869,14.34298,1,2,1029,1,4,2,1,2,2,1,0.7756,202.6,0.69,487.1553,533.7009,540.787,NA,4,2
4030305,412.17934,431.50131,1,1,14.666666666666666,10.92551,8.19852,9.26151,7.57539,7.24499,8.70884,2,2,1029,1,4,2,1,2,2,1,0.7756,202.6,-0.42,361.8243,427.7399,424.972,NA,4,2
4030302,462.97417,483.57403,1,1,15,10.92551,11.04872,8.60159,13.70742,8.17383,9.15641,2,2,1029,1,4,2,1,2,2,1,0.7756,202.6,-0.15,361.5127,474.6042,419.3771,NA,4,2
4040510,598.63182,537.53885,2,1,14.166666666666666,11.64917,8.81989,11.33851,13.70742,11.70269,9.6346,1,1,1240,1,3,1,2,3,2,3,0.7756,14.143,0.14,556.7923,578.9861,602.5177,1,6,2
4040513,647.62238,633.01559,2,1,15,14.01827,13.03951,13.46507,13.70742,12.54869,10.74331,1,1,1240,1,3,1,2,3,2,3,0.7756,14.143,0.99,612.5643,619.6447,588.3439,1,6,2
4040503,745.44528,626.04205,2,1,14.75,10.25396,13.03951,11.33851,11.9425,14.02271,12.42205,1,1,1240,1,3,1,2,3,2,3,0.7756,14.143,0.54,576.3437,541.2145,591.8874,1,6,2
4540120,643.69282,640.56272,1,1,15.25,10.92551,8.48873,9.965,8.20673,11.37095,10.74331,2,2,407,3,4,1,3,3,3,2,-1.0989,173.6,0.25,652.9911,651.4971,640.6565,1,3,2
4540127,550.84486,574.15253,2,1,14.666666666666666,11.64917,10.19817,8.26761,6.97345,4.94405,6.47491,2,2,407,3,4,1,3,3,3,2,-1.0989,173.6,-0.09,496.5026,471.2849,527.7322,1,3,2
4540109,486.79251,481.7307,2,1,14.25,12.51743,13.03951,7.51389,9.34439,7.89169,7.85736,1,2,407,3,4,1,3,3,3,2,-1.0989,173.6,0.56,525.2454,466.1524,509.8284,1,3,2
4540107,608.25442,581.92313,2,1,14.25,10.92551,7.38476,11.33851,11.9425,9.84519,12.42205,1,1,407,3,4,1,3,3,3,2,-1.0989,173.6,-0.29,567.2301,541.2145,534.7258,1,3,2
4540106,692.69478,654.80472,1,1,14.083333333333334,11.64917,11.04872,11.33851,7.2741,11.37095,10.15325,1,3,407,3,4,1,3,3,3,2,-1.0989,173.6,0.06,577.4342,574.449,586.5722,1,3,2
4540113,634.62867,644.70689,2,1,14.333333333333334,10.92551,13.03951,9.60333,9.34439,9.39344,9.6346,1,1,407,3,4,1,3,3,3,2,-1.0989,173.6,0.56,634.2966,618.2814,650.3543,1,3,2
4540115,670.12159,647.93899,1,1,14.166666666666666,10.92551,13.03951,9.60333,9.34439,12.08627,10.15325,2,3,407,3,4,1,3,3,3,2,-1.0989,173.6,-0.23,588.1835,579.4532,521.9508,1,3,2
4540126,634.49,576.44878,1,1,14,11.64917,11.04872,8.26761,6.33324,7.24499,7.42878,1,2,407,3,4,1,3,3,3,2,-1.0989,173.6,-0.25,500.3194,539.4994,538.4558,1,3,2
4540118,689.05539,638.33826,1,1,15,9.60097,13.03951,12.07123,7.88323,13.14698,11.44903,2,2,407,3,4,1,3,3,3,2,-1.0989,173.6,-0.16,498.9173,554.8296,562.0477,1,3,2
4540117,675.68547,683.06603,1,1,15.166666666666666,11.64917,10.19817,10.35777,6.66537,12.54869,10.15325,1,3,407,3,4,1,3,3,3,2,-1.0989,173.6,-0.13,607.5012,614.8794,633.8493,1,3,2
4540121,582.84723,570.66566,2,1,13.916666666666666,10.92551,11.04872,9.26151,11.9425,9.61942,12.42205,2,2,407,3,4,1,3,3,3,2,-1.0989,173.6,0.23,532.9568,460.218,549.6457,1,3,2
4540111,521.04296,537.46138,1,1,14.25,12.51743,7.91394,10.80246,11.01771,10.07332,12.42205,1,2,407,3,4,1,3,3,3,2,-1.0989,173.6,0.64,545.1083,545.8539,582.9355,1,3,2
4540104,664.80386,766.05451,1,1,14.083333333333334,10.92551,8.81989,10.35777,9.81093,10.80346,9.15641,2,3,407,3,4,1,3,3,3,2,-1.0989,173.6,-0.34,563.5691,466.6611,531.2756,1,3,2
4540108,679.79358,688.8832,2,1,15.083333333333334,12.51743,10.19817,11.33851,9.34439,11.07454,10.15325,2,2,407,3,4,1,3,3,3,2,-1.0989,173.6,0.29,621.2884,568.4806,624.6177,1,3,2
4540124,478.164,555.41164,2,1,13.75,12.51743,9.18945,9.26151,6.97345,10.80346,8.70884,1,3,407,3,4,1,3,3,3,2,-1.0989,173.6,0.99,469.5513,434.636,466.3745,1,3,2
4540112,662.99914,577.42304,2,1,14,9.60097,7.91394,7.51389,7.88323,8.43911,10.74331,2,2,407,3,4,1,3,3,3,2,-1.0989,173.6,-0.36,553.2092,566.9569,522.8833,1,3,2
3350122,578.59063,604.25073,2,1,15,14.01827,7.91394,8.93041,11.01771,8.43911,7.42878,1,1,516,1,2,3,3,3,2,2,1.9226,180.667,0.59,512.7824,441.0515,542.1858,1,3,2
3350102,536.12084,530.60328,1,1,14.25,9.60097,13.03951,12.07123,11.9425,11.70269,12.42205,3,3,516,1,2,3,3,3,2,2,1.9226,180.667,0.16,456.7768,486.1217,473.3681,1,3,NA
3350105,683.44369,637.30225,2,1,15.166666666666666,8.19314,9.18945,11.33851,11.01771,15.81948,10.15325,3,2,516,1,2,3,3,3,2,2,1.9226,180.667,-0.48,526.258,542.0164,601.3055,1,3,2
3350101,586.38706,513.5845,1,2,14.416666666666666,8.91919,7.6477,10.35777,11.9425,10.80346,8.27843,3,3,516,1,2,3,3,3,2,2,1.9226,180.667,-0.6,495.8015,476.9872,532.2081,1,3,2
3350108,646.90538,636.19313,1,1,15.166666666666666,10.92551,8.81989,9.60333,10.35139,9.39344,7.42878,2,3,516,1,2,3,3,3,2,2,1.9226,180.667,-0.2,538.4094,540.2937,600.2797,1,3,2
3350103,599.14613,655.30478,2,1,14.666666666666666,9.60097,9.62932,11.33851,7.57539,15.81948,11.44903,3,2,516,1,2,3,3,3,2,2,1.9226,180.667,0.28,557.9607,492.376,607.0869,1,3,2
3350120,599.17529,558.59192,1,1,14.916666666666666,10.92551,8.48873,9.965,10.35139,8.93142,7.42878,2,2,516,1,2,3,3,3,2,2,1.9226,180.667,-0.6,461.762,494.2237,492.4841,1,3,2
3360107,662.77389,621.36629,2,1,14.5,10.92551,8.19852,13.46507,8.20673,13.14698,10.74331,2,2,802,3,2,1,2,1,1,3,0.5021,207.25,-0.66,560.9986,484.2764,563.633,1,3,2
3360121,613.7202,473.11787,1,1,14.416666666666666,10.92551,7.11034,9.60333,10.35139,9.39344,10.15325,2,3,802,3,2,1,2,1,1,3,0.5021,207.25,-0.2,432.4739,411.6154,422.1746,1,3,2
3360113,550.01915,528.84222,1,1,15,10.25396,11.04872,13.46507,7.88323,10.07332,10.74331,1,2,802,3,2,1,2,1,1,3,0.5021,207.25,-0.38,473.9134,458.2415,421.4286,1,3,2
3360106,514.52387,573.7438,1,1,15.333333333333334,10.25396,13.03951,10.80246,11.01771,8.69047,10.15325,2,1,802,3,2,1,2,1,1,3,0.5021,207.25,-0.82,483.1827,540.2937,540.8803,1,3,2
3330101,499.36443,500.50007,2,3,12.916666666666666,8.74681,11.04872,12.07123,11.01771,12.08627,10.74331,NA,3,219,4,6,1,1,2,2,3,0.0872,51.5,-0.54,424.6845,352.0356,341.7941,1,NA,2
3330110,550.04976,499.08565,2,3,14.416666666666666,9.60097,10.19817,12.07123,10.35139,12.54869,10.15325,3,2,219,4,6,1,1,2,2,3,0.0872,51.5,-0.36,528.2832,444.2593,505.166,1,NA,2
3330103,597.75739,565.2199,2,4,14,10.92551,13.03951,10.35777,10.35139,12.54869,10.15325,1,2,219,4,6,1,1,2,2,3,0.0872,51.5,0.06,446.7285,399.591,414.7147,1,NA,2
3330115,534.01623,485.96488,2,2,15.083333333333334,10.04151,9.18945,9.965,10.35139,8.43911,10.15325,NA,1,219,4,6,1,1,2,2,3,0.0872,51.5,-0.8,369.1463,346.3418,339.1831,1,NA,2
3330109,482.47312,496.44199,1,4,14.666666666666666,10.25396,11.04872,10.80246,9.81093,10.80346,10.15325,2,3,219,4,6,1,1,2,2,3,0.0872,51.5,-0.3,465.6566,475.1603,450.5222,1,NA,2
3330111,590.84489,493.8088,2,3,14.25,8.91919,9.62932,10.80246,7.2741,12.08627,12.42205,3,3,219,4,6,1,1,2,2,3,0.0872,51.5,0.21,491.7511,464.3079,488.1015,1,NA,2
3330113,477.59573,587.30429,1,3,14.333333333333334,9.60097,11.04872,9.965,9.34439,10.30668,10.74331,2,2,219,4,6,1,1,2,2,3,0.0872,51.5,-0.52,517.3002,455.5408,524.7482,1,NA,2
3330108,492.85875,528.71653,2,2,14.083333333333334,12.51743,11.04872,13.46507,13.70742,15.81948,14.34298,1,3,219,4,6,1,1,2,2,3,0.0872,51.5,0.82,502.6562,432.4707,413.7822,1,NA,2
3330114,509.39855,581.17615,1,3,14.75,10.25396,13.03951,11.33851,11.01771,11.07454,11.44903,2,2,219,4,6,1,1,2,2,3,0.0872,51.5,-0.65,434.0318,502.9611,445.3003,1,NA,2
3330116,552.68846,558.73442,2,3,14.416666666666666,9.60097,13.03951,12.07123,11.9425,9.84519,10.74331,1,2,219,4,6,1,1,2,2,3,0.0872,51.5,-0.64,457.6336,437.2824,411.9172,1,NA,2
3630509,495.27845,475.68472,1,1,15.25,11.64917,13.03951,8.93041,11.01771,9.84519,9.15641,1,1,1209,1,2,4,4,3,4,3,-0.4184,132.526,0.39,452.0252,403.6723,384.2223,1,2,2
3630520,572.65959,582.45232,1,2,15,12.51743,9.18945,10.35777,10.35139,11.70269,10.15325,1,2,1209,1,2,4,4,3,4,3,-0.4184,132.526,1.1,447.4295,478.1786,463.1108,1,2,2
3620108,582.42197,616.63958,2,1,14.416666666666666,10.92551,9.18945,9.26151,9.81093,8.17383,10.15325,1,2,569,1,4,1,3,2,3,1,-0.0892,197.667,0.91,568.0869,497.1877,580.4178,2,3,2
3620113,561.68904,549.34941,1,1,15.166666666666666,10.92551,9.18945,8.93041,6.66537,4.94405,7.85736,1,2,569,1,4,1,3,2,3,1,-0.0892,197.667,0.39,472.4334,473.0156,478.1238,2,3,2
3620130,558.61335,537.83825,1,1,14.166666666666666,10.92551,13.03951,8.93041,8.55351,8.17383,9.6346,1,2,569,1,4,1,3,2,3,1,-0.0892,197.667,0.61,562.0891,542.5972,541.6263,2,3,2
3620106,629.33462,525.98492,1,1,14.333333333333334,10.92551,6.83195,9.26151,7.2741,8.17383,5.86845,1,2,569,1,4,1,3,2,3,1,-0.0892,197.667,0.98,545.8872,556.9742,540.041,2,3,2
3620112,640.07914,659.99483,2,1,15.083333333333334,14.01827,10.19817,10.80246,11.01771,10.30668,12.42205,1,1,569,1,4,1,3,2,3,1,-0.0892,197.667,0.72,605.1644,562.867,588.1574,2,3,2
3620129,675.57039,638.07487,1,1,14.916666666666666,11.64917,13.03951,11.33851,10.35139,11.37095,8.27843,1,2,569,1,4,1,3,2,3,1,-0.0892,197.667,-0.76,627.2083,602.9648,632.6371,2,3,2
3620120,596.8547,585.9368,1,1,15.166666666666666,11.64917,8.81989,11.33851,7.57539,9.39344,8.27843,1,2,569,1,4,1,3,2,3,1,-0.0892,197.667,0.72,565.6722,579.2149,598.4148,2,3,2
3620121,671.46329,568.23574,2,1,14.416666666666666,11.17406,9.62932,9.60333,9.34439,8.69047,8.70884,NA,1,569,1,4,1,3,2,3,1,-0.0892,197.667,0.72,608.5917,507.613,567.3629,2,3,2
3620110,600.48637,613.95358,1,1,14.916666666666666,11.64917,10.19817,11.33851,7.88323,8.93142,12.42205,1,2,569,1,4,1,3,2,3,1,-0.0892,197.667,1.24,581.952,527.823,565.7777,2,3,2
3620118,606.57551,565.31974,1,1,14.333333333333334,14.01827,8.48873,9.60333,9.34439,7.24499,8.27843,1,1,569,1,4,1,3,2,3,1,-0.0892,197.667,0.78,517.456,559.5954,528.4782,2,3,2
3620122,676.92102,651.41375,1,1,14.666666666666666,11.64917,13.03951,10.80246,10.35139,11.07454,11.44903,1,1,569,1,4,1,3,2,3,1,-0.0892,197.667,1.03,527.66010000000006,529.7294,505.3525,2,3,2
3620109,563.74438,614.54388,2,1,14.833333333333334,10.25396,13.03951,8.60159,11.01771,7.89169,11.44903,1,2,569,1,4,1,3,2,3,1,-0.0892,197.667,0.72,504.2919,478.5024,541.7195,2,3,2
3620128,622.46245,597.14386,1,1,14.5,11.45698,13.03951,9.26151,6.66537,10.07332,9.6346,1,2,569,1,4,1,3,2,3,1,-0.0892,197.667,0.71,553.2871,572.8604,535.2853,2,3,2
3620126,585.99901,599.98229,2,1,14.833333333333334,11.17406,13.03951,10.80246,9.81093,9.16491,10.74331,NA,1,569,1,4,1,3,2,3,1,-0.0892,197.667,0.51,560.4533,563.9897,568.5752,2,3,2
3620119,726.85975,640.82917,2,1,14.5,12.51743,10.19817,11.33851,11.9425,12.08627,9.6346,1,2,569,1,4,1,3,2,3,1,-0.0892,197.667,0.73,669.7383,585.4017,653.8046,2,3,2
3620115,629.13462,530.49199,1,1,14.75,10.92551,11.04872,13.46507,8.92971,11.37095,9.6346,2,3,569,1,4,1,3,2,3,1,-0.0892,197.667,0.38,712.1904,706.3045,632.2641,2,3,2
3620105,691.31319,676.33494,2,1,15,11.64917,13.03951,9.60333,8.92971,11.07454,12.42205,1,2,569,1,4,1,3,2,3,1,-0.0892,197.667,0.21,624.1704,595.2656,624.5244,2,3,2
3620116,748.86477,652.86788,2,1,14.916666666666666,12.51743,9.62932,10.80246,11.01771,12.54869,9.6346,1,2,569,1,4,1,3,2,3,1,-0.0892,197.667,-0.38,736.2595,650.279,684.8564,2,3,2
3620104,612.47839,631.04307,1,1,15.083333333333334,10.92551,13.03951,13.46507,10.35139,11.07454,9.15641,1,2,569,1,4,1,3,2,3,1,-0.0892,197.667,0.72,606.4885,569.6037,526.7065,2,3,2
3620127,610.22473,587.47505,2,1,14.666666666666666,14.01827,10.19817,10.35777,13.70742,9.84519,10.74331,1,2,569,1,4,1,3,2,3,1,-0.0892,197.667,0.41,603.217,539.5304,601.119,2,3,2
3620103,589.05894,549.07608,2,1,15,11.17406,7.38476,13.46507,11.9425,9.61942,10.15325,NA,3,569,1,4,1,3,2,3,1,-0.0892,197.667,0.19,494.01,454.6044,548.7132,2,3,2
3620111,628.14734,625.16359,2,1,14.166666666666666,11.64917,10.19817,7.91186,8.55351,9.16491,9.15641,1,2,569,1,4,1,3,2,3,1,-0.0892,197.667,1,657.5869,674.4176,650.4476,2,3,2
3620123,671.29357,683.30051,2,3,14.583333333333334,10.04151,13.03951,9.26151,11.9425,15.81948,8.27843,NA,2,569,1,4,1,3,2,3,1,-0.0892,197.667,0.61,679.3192,595.2656,652.4991,2,3,2
3620124,697.14255,633.26785,2,1,14.75,11.64917,11.04872,8.93041,8.55351,11.37095,9.15641,1,2,569,1,4,1,3,2,3,1,-0.0892,197.667,0.13,703.5442,610.262,652.3126,2,3,2
3620101,656.83827,662.71324,2,1,14.916666666666666,14.01827,8.48873,8.93041,9.34439,11.70269,9.15641,1,2,569,1,4,1,3,2,3,1,-0.0892,197.667,NA,767.5728,699.1175,744.7221,2,3,2
3620125,691.52705,608.76544,2,1,14.666666666666666,11.17406,13.03951,10.35777,10.35139,11.07454,8.70884,NA,3,569,1,4,1,3,2,3,1,-0.0892,197.667,0.73,642.5534,614.1915,625.4569,2,3,2
3620114,703.41639,602.28159,1,2,15,11.64917,13.03951,12.07123,9.34439,10.54867,10.74331,1,2,569,1,4,1,3,2,3,1,-0.0892,197.667,0.82,642.1639,629.8919,608.5789,2,3,2
3620107,556.64941,527.15863,1,1,14.166666666666666,14.01827,13.03951,12.07123,9.34439,10.54867,12.42205,1,1,569,1,4,1,3,2,3,1,-0.0892,197.667,1.1,627.2083,571.2718,595.6173,2,3,2
3090123,490.05256,479.29118,1,1,14.666666666666666,10.92551,13.03951,13.46507,10.35139,13.14698,14.34298,1,2,194,3,5,1,3,3,3,2,-1.7689,96,0.44,448.8316,419.5585,452.7602,1,6,2
3090102,539.48446,529.39673,1,1,14,10.25396,8.81989,8.60159,8.55351,8.93142,8.27843,1,1,194,3,5,1,3,3,3,2,-1.7689,96,0.49,485.909,495.8123,482.2268,1,6,2
3090104,664.72498,565.9193,2,1,14.75,11.64917,11.04872,13.46507,11.9425,11.37095,11.44903,1,2,194,3,5,1,3,3,3,2,-1.7689,96,-0.17,536.9294,487.5644,472.2492,1,6,2
3090107,552.32991,502.87859,1,1,14.833333333333334,8.74681,11.04872,11.33851,8.92971,10.80346,10.15325,NA,2,194,3,5,1,3,3,3,2,-1.7689,96,-0.43,477.6523,468.0115,409.8657,1,6,2
3090111,564.12248,596.05755,1,1,14.416666666666666,10.92551,13.03951,12.07123,9.81093,10.80346,14.34298,1,1,194,3,5,1,3,3,3,2,-1.7689,96,0.49,526.0243,473.5716,442.969,1,6,2
3090109,522.86668,436.33506,1,1,15.166666666666666,10.04151,13.03951,13.46507,9.34439,11.07454,11.44903,NA,2,194,3,5,1,3,3,3,2,-1.7689,96,-0.66,492.6858,520.6742,476.2589,1,6,2
3090110,494.58335,449.88835,1,1,14.5,11.64917,9.62932,9.965,8.20673,9.84519,10.74331,2,1,194,3,5,1,3,3,3,2,-1.7689,96,1.08,474.6923,467.8526,387.5793,1,6,2
3090115,592.41586,629.94006,1,1,14.583333333333334,10.25396,11.04872,13.46507,11.9425,10.54867,14.34298,2,1,194,3,5,1,3,3,3,2,-1.7689,96,0.65,574.3184,569.9215,520.0858,1,6,2
3090108,584.80223,583.21468,2,1,14.916666666666666,8.91919,8.19852,10.35777,8.92971,9.61942,10.15325,3,2,194,3,5,1,3,3,3,2,-1.7689,96,-0.61,531.1653,456.2083,486.5162,1,6,2
3800228,589.58297,598.24141,1,1,14.5,10.92551,6.53455,8.26761,6.66537,7.58514,8.27843,1,2,407,1,4,3,3,2,3,3,-2.4968,172.4,-0.34,500.2415,502.1668,535.0056,1,5,2
3800223,647.54394,617.8421,1,1,15.083333333333334,10.92551,11.04872,11.33851,8.20673,14.02271,10.74331,1,3,407,1,4,3,3,2,3,3,-2.4968,172.4,0.34,610.8506,551.3346,586.9452,1,5,2
3800213,532.78414,490.17866,2,2,14.916666666666666,8.74681,10.19817,10.80246,11.9425,10.54867,11.44903,NA,2,407,1,4,3,3,2,3,3,-2.4968,172.4,0.05,458.6462,430.6262,424.4125,1,5,2
3800205,543.95068,532.85,2,1,14.666666666666666,14.01827,13.03951,13.46507,13.70742,10.07332,12.42205,1,1,407,1,4,3,3,2,3,3,-2.4968,172.4,0.2,465.1893,428.2204,499.3846,1,5,2
3800212,565.96005,575.86231,1,1,15.333333333333334,10.92551,8.19852,7.03246,8.20673,10.54867,8.27843,2,2,407,1,4,3,3,2,3,3,-2.4968,172.4,0.14,445.7937,389.6131,474.3939,1,5,2
3800201,597.85605,500.03427,1,1,14.916666666666666,12.51743,8.81989,11.33851,10.35139,10.30668,10.74331,1,1,407,1,4,3,3,2,3,3,-2.4968,172.4,0.65,448.0527,473.5716,460.4066,1,5,2
3800209,489.15322,579.24346,1,1,14.75,10.25396,9.62932,7.51389,7.57539,4.94405,7.42878,2,1,407,1,4,3,3,2,3,3,-2.4968,172.4,-0.15,572.7606,583.1864,568.8549,1,5,2
3800225,628.82266,558.82422,1,1,14.75,10.92551,10.19817,10.35777,11.01771,12.08627,9.6346,1,1,407,1,4,3,3,2,3,3,-2.4968,172.4,0.11,499.5404,497.6392,507.9634,1,5,2
3800215,553.48478,515.57339,1,1,14.666666666666666,10.25396,11.04872,8.93041,8.92971,10.30668,9.15641,1,1,407,1,4,3,3,2,3,3,-2.4968,172.4,0.35,475.3934,402.0837,448.0045,1,5,2
3800210,570.90661,537.90874,2,1,14.666666666666666,10.92551,9.62932,13.46507,11.9425,13.14698,10.15325,1,2,407,1,4,3,3,2,3,3,-2.4968,172.4,0,476.8733,435.3577,429.3547,1,5,2
3800214,474.85837,479.77902,1,1,14.5,10.92551,11.04872,10.80246,11.9425,8.43911,10.74331,2,2,407,1,4,3,3,2,3,3,-2.4968,172.4,0.23,410.6637,444.1822,397.9299,1,5,2
3800224,562.17385,529.867,1,1,14.583333333333334,10.92551,13.03951,9.26151,7.88323,10.07332,9.15641,2,2,407,1,4,3,3,2,3,3,-2.4968,172.4,0.09,517.6897,512.4134,514.5841,1,5,2
3800211,615.75867,624.38323,1,2,15.333333333333334,10.25396,11.04872,8.26761,8.92971,10.30668,8.70884,2,2,407,1,4,3,3,2,3,3,-2.4968,172.4,-0.77,575.331,580.7241,601.3055,1,5,2
3800203,501.74525,526.37499,1,1,14.75,10.25396,9.62932,12.07123,10.35139,10.30668,9.6346,1,1,407,1,4,3,3,2,3,3,-2.4968,172.4,-0.34,507.4077,491.6025,514.6774,1,5,2
3800218,405.00493,426.32452,1,1,14,10.92551,10.19817,8.60159,8.20673,8.93142,8.27843,2,1,407,1,4,3,3,2,3,3,-2.4968,172.4,0.3,346.0118,425.1187,462.085,1,5,2
3800208,600.64492,536.77845,1,1,14.916666666666666,10.92551,9.18945,11.33851,13.70742,15.81948,10.74331,1,1,407,1,4,3,3,2,3,3,-2.4968,172.4,0.35,509.7445,540.9291,515.3301,1,5,2
3800222,424.47293,510.64831,1,1,14.833333333333334,9.60097,11.04872,9.60333,9.34439,8.17383,8.27843,2,1,407,1,4,3,3,2,3,3,-2.4968,172.4,0.76,488.6353,489.4578,495.1884,1,5,2
4710107,378.34543,458.0427,1,1,14.666666666666666,8.91919,13.03951,8.93041,9.34439,6.39359,8.27843,3,1,999,4,6,1,2,3,3,2,-0.4184,47.2,-0.49,422.3477,385.4032,433.1779,1,5,2
4710104,508.84234,516.21038,1,1,14,8.74681,13.03951,7.51389,10.35139,7.24499,7.42878,NA,1,999,4,6,1,2,3,3,2,-0.4184,47.2,-0.78,596.9076,567.3002,533.7934,1,5,2
4710110,588.15256,554.24208,1,1,14.75,8.91919,11.04872,9.965,10.35139,8.93142,9.6346,4,2,999,4,6,1,2,3,3,2,-0.4184,47.2,-0.37,587.6383,559.1983,599.254,1,5,2
4710102,484.45047,610.61422,2,1,13.75,10.92551,10.19817,9.60333,8.92971,8.43911,9.6346,1,2,999,4,6,1,2,3,3,2,-0.4184,47.2,-0.25,566.1396,493.9799,512.9989,1,5,2
4710106,519.63881,677.52218,1,1,14.166666666666666,8.91919,9.62932,8.93041,9.34439,9.84519,8.27843,2,2,999,4,6,1,2,3,3,2,-0.4184,47.2,-0.61,563.2575,623.9345,558.3178,1,5,2
3550325,559.49951,509.04372,1,1,15.083333333333334,12.51743,9.18945,9.965,11.01771,10.80346,9.6346,1,2,1000,NA,1,NA,2,NA,NA,1,NA,93.619,0.9,452.8821,449.504,484.8377,2,3,2
3550327,586.03219,518.77985,1,1,14.75,14.01827,13.03951,13.46507,7.57539,10.54867,10.74331,1,1,1000,NA,1,NA,2,NA,NA,1,NA,93.619,0.75,564.8933,578.4206,587.0384,2,3,2
3550314,563.01498,582.84567,2,1,14,14.01827,10.19817,9.965,7.88323,11.07454,9.15641,1,2,1000,NA,1,NA,2,NA,NA,1,NA,93.619,0.67,543.6283,569.2826,548.9929,2,3,2
3550304,530.18924,564.92432,1,1,14.583333333333334,10.25396,8.81989,10.35777,8.20673,10.07332,11.44903,3,1,1000,NA,1,NA,2,NA,NA,1,NA,93.619,0.01,537.6305,502.0874,511.4137,2,3,2
3550312,685.36651,702.81871,1,1,14.333333333333334,11.64917,7.91394,9.26151,10.35139,9.84519,9.6346,2,1,1000,NA,1,NA,2,NA,NA,1,NA,93.619,0.63,678.5403,648.5582,598.4148,2,3,2
3550306,594.38036,568.51441,1,1,14.25,11.64917,10.19817,10.35777,8.20673,12.08627,9.6346,2,3,1000,NA,1,NA,2,NA,NA,1,NA,93.619,0.01,556.4029,553.2409,507.031,2,3,2
3550324,655.4064,640.08994,1,1,14.333333333333334,14.01827,9.18945,8.60159,8.20673,11.07454,11.44903,1,3,1000,NA,1,NA,2,NA,NA,1,NA,93.619,1.12,546.2767,547.4425,560.8355,2,3,2
3550326,564.39645,529.48282,1,1,14.916666666666666,14.01827,10.19817,9.965,7.88323,9.84519,9.6346,1,2,1000,NA,1,NA,2,NA,NA,1,NA,93.619,0.87,557.805,530.2059,499.5711,2,3,2
3550320,663.95413,653.82883,2,1,14.333333333333334,14.01827,9.18945,8.93041,11.9425,12.54869,8.27843,1,3,1000,NA,1,NA,2,NA,NA,1,NA,93.619,0.91,671.9193,648.6751,603.1705,2,3,2
3550305,604.77772,528.95646,1,1,14.583333333333334,11.17406,11.04872,11.33851,10.35139,10.30668,9.6346,NA,3,1000,NA,1,NA,2,NA,NA,1,NA,93.619,0.25,599.4781,581.5184,573.3308,2,3,2
3590102,436.04595,495.16713,2,1,13.916666666666666,10.92551,13.03951,6.36452,11.9425,9.61942,9.6346,1,1,620,1,1,1,2,2,2,2,-0.9168,215.333,0.3,405.6785,445.0613,416.9526,1,3,2
3590128,568.14042,560.56149,2,1,14.416666666666666,14.01827,11.04872,10.80246,11.9425,8.43911,11.44903,1,1,620,1,1,1,2,2,2,2,-0.9168,215.333,0.65,466.7472,424.9324,461.9918,1,3,2
3590113,545.06656,489.51133,2,1,15.416666666666666,11.64917,8.48873,9.60333,9.34439,7.24499,9.15641,1,2,620,1,1,1,2,2,2,2,-0.9168,215.333,-0.43,507.4077,528.3032,584.3342,1,3,2
3590117,587.13869,557.05345,1,1,14.833333333333334,10.25396,9.62932,9.26151,6.66537,8.93142,9.15641,1,1,620,1,1,1,2,2,2,2,-0.9168,215.333,0.51,430.9939,507.9653,514.4909,1,3,2
3590104,552.19907,589.38516,1,1,14.166666666666666,14.01827,9.62932,10.80246,NA,9.16491,9.6346,1,1,620,1,1,1,2,2,2,2,-0.9168,215.333,0.85,520.5717,611.7816,608.3924,1,3,2
3590106,464.53151,474.84674,1,1,15,11.64917,8.81989,10.35777,10.35139,7.24499,10.74331,2,1,620,1,1,1,2,2,2,2,-0.9168,215.333,0.22,457.322,492.8734,538.7355,1,3,2
3590124,496.76562,467.73267,2,1,14.833333333333334,12.21628,10.19817,9.965,8.55351,10.30668,9.6346,NA,2,620,1,1,1,2,2,2,2,-0.9168,215.333,-0.18,533.5021,526.7795,573.2376,1,3,2
3590129,490.24061,490.15727,1,1,14.25,12.21628,6.83195,7.51389,10.35139,8.78043,6.97717,NA,3,620,1,1,1,2,2,2,2,-0.9168,215.333,0.93,436.6802,513.2077,507.1242,1,3,2
3590111,522.74522,490.29999,2,1,15.5,11.64917,10.19817,7.51389,7.57539,7.89169,8.27843,2,1,620,1,1,1,2,2,2,2,-0.9168,215.333,0.55,519.4812,522.7697,621.727,1,3,2
3590120,564.37578,562.09145,2,1,15.25,10.04151,8.48873,10.35777,10.35139,10.80346,9.15641,NA,2,620,1,1,1,2,2,2,2,-0.9168,215.333,0.41,466.0461,476.3371,526.3335,1,3,2
3590110,600.81029,550.55553,2,1,14.666666666666666,12.51743,11.04872,13.46507,10.35139,13.14698,11.44903,1,1,620,1,1,1,2,2,2,2,-0.9168,215.333,0.82,515.0413,464.3079,490.0597,1,3,2
3590109,538.66065,539.17443,1,1,15.5,10.92551,9.18945,13.46507,10.35139,10.54867,10.74331,1,1,620,1,1,1,2,2,2,2,-0.9168,215.333,0.32,424.6066,400.7334,448.2842,1,3,2
3590116,493.80412,470.72855,2,1,14.666666666666666,9.60097,6.53455,9.60333,11.01771,7.58514,9.6346,3,2,620,1,1,1,2,2,2,2,-0.9168,215.333,0.24,376.702,392.0527,348.6013,1,3,2
3590114,583.01427,623.91186,2,1,14.083333333333334,11.64917,8.81989,10.35777,11.01771,9.39344,10.74331,2,2,620,1,1,1,2,2,2,2,-0.9168,215.333,0.19,547.0556,506.0091,553.0026,1,3,2
3590127,479.09843,477.76515,1,1,13.833333333333334,12.51743,10.19817,8.26761,7.57539,7.89169,9.15641,1,1,620,1,1,1,2,2,2,2,-0.9168,215.333,0.22,421.6467,538.7051,549.2727,1,3,2
3590121,584.96894,554.09652,2,2,15.333333333333334,14.01827,11.04872,10.35777,8.20673,10.30668,9.6346,1,2,620,1,1,1,2,2,2,2,-0.9168,215.333,0.57,518.3128,525.8171,565.0317,1,3,2
3590107,592.76313,664.99127,2,1,15,11.64917,8.81989,7.51389,8.20673,10.80346,8.27843,1,1,620,1,1,1,2,2,2,2,-0.9168,215.333,0.51,571.9037,594.223,632.7303,1,3,2
3590103,494.64659,561.8896,1,1,14.916666666666666,12.51743,7.91394,8.26761,7.2741,6.85613,8.27843,1,1,620,1,1,1,2,2,2,2,-0.9168,215.333,0.35,436.3686,502.9611,610.5371,1,3,2
3590101,504.59423,511.678,2,3,15,11.64917,9.18945,13.46507,10.35139,12.54869,10.74331,1,2,620,1,1,1,2,2,2,2,-0.9168,215.333,0.24,442.678,480.5874,487.4487,1,3,2
4750313,404.30336,416.64982,1,1,14.666666666666666,11.64917,11.04872,12.07123,8.92971,9.84519,12.42205,2,2,588,4,6,1,4,2,3,2,-1.5162,NA,-0.17,413.9352,420.194,500.4103,1,3,2
4750301,602.48439,554.36068,1,1,14.416666666666666,12.51743,9.62932,12.07123,10.35139,12.08627,9.15641,1,2,588,4,6,1,4,2,3,2,-1.5162,NA,-0.07,463.7093,507.9653,552.7229,1,3,2
3860519,573.48363,572.87375,1,1,14.833333333333334,10.04151,13.03951,9.60333,8.92971,9.61942,8.70884,NA,1,1340,3,2,1,4,2,3,2,-0.256,140.9,-1.17,513.4055,473.0156,496.7736,1,6,2
3860510,526.72271,464.10068,1,1,14.75,10.04151,13.03951,9.965,8.43098,10.54867,9.25415,NA,2,1340,3,2,1,4,2,3,2,-0.256,140.9,NA,506.6288,484.5331,506.0052,1,6,2
3860504,605.28354,521.10098,1,1,15.083333333333334,10.92551,10.19817,9.60333,10.35139,10.30668,14.34298,3,1,1340,3,2,1,4,2,3,2,-0.256,140.9,-0.12,451.2463,422.7358,398.5826,1,6,2
3860523,536.53437,539.31377,2,2,14.75,12.51743,7.95985,12.07123,11.9425,11.70269,11.44903,1,2,1340,3,2,1,4,2,3,2,-0.256,140.9,NA,537.0073,482.5923,458.4483,1,6,2
3860514,500.11506,542.56485,1,1,15.25,11.64917,13.03951,10.35777,7.2741,10.30668,10.74331,3,1,1340,3,2,1,4,2,3,2,-0.256,140.9,0.49,478.5091,410.2651,438.0269,1,6,2
4790214,545.69472,550.04216,2,1,14.666666666666666,11.64917,8.48873,8.60159,11.01771,8.17383,8.27843,2,2,980,1,4,2,4,1,1,1,0.5021,84.167,-0.47,466.2019,439.6882,469.7314,1,3,2
4790224,457.84963,451.49175,2,1,14.666666666666666,11.64917,13.03951,13.46507,11.01771,8.43911,10.15325,3,1,980,1,4,2,4,1,1,1,0.5021,84.167,0.67,385.6598,484.5972,437.0944,1,3,2
4790203,568.77026,529.69908,2,1,14.666666666666666,9.60097,13.03951,8.60159,8.20673,8.93142,7.85736,3,3,980,1,4,2,4,1,1,1,0.5021,84.167,0.03,444.2359,412.1815,458.8213,1,3,2
4810201,548.18001,548.11601,1,2,14.25,10.25396,9.62932,12.07123,8.92971,11.70269,10.74331,2,2,317,3,5,1,3,2,2,1,0.0872,121.6,-0.55,536.2284,568.6506,588.3439,1,3,2
4810214,516.70837,521.88756,1,1,14.833333333333334,11.64917,10.19817,10.80246,11.9425,11.07454,10.74331,2,2,317,3,5,1,3,2,2,1,0.0872,121.6,-0.14,502.5783,536.3221,587.2249,1,3,2
4810213,515.75138,496.04482,2,1,14.083333333333334,10.92551,13.03951,12.07123,13.70742,11.07454,12.42205,2,2,317,3,5,1,3,2,2,1,0.0872,121.6,-0.14,465.6566,563.7491,571.7456,1,3,2
4810206,481.474,426.96064,2,1,14.75,10.92551,13.03951,11.33851,13.70742,11.07454,12.42205,2,2,317,3,5,1,3,2,2,1,0.0872,121.6,-0.09,459.503,489.088,500.5035,1,3,2
4810205,558.86028,625.05612,2,1,15.333333333333334,10.25396,7.91394,13.46507,13.70742,15.81948,10.74331,1,2,317,3,5,1,3,2,2,1,0.0872,121.6,0.06,587.4825,562.1452,563.7262,1,3,2
4810216,616.28627,560.42848,2,1,14.583333333333334,14.01827,11.04872,11.33851,11.9425,13.14698,10.15325,1,2,317,3,5,1,3,2,2,1,0.0872,121.6,0.1,477.8081,433.5934,519.3398,1,3,2
4810208,441.12904,599.79723,2,1,14.5,10.92551,8.81989,9.26151,9.81093,7.89169,6.97717,2,1,317,3,5,1,3,2,2,1,0.0872,121.6,0.83,538.5652,519.4818,518.1276,1,3,2
3670113,642.55325,584.10121,2,1,15.5,10.92551,10.19817,9.60333,7.88323,10.07332,8.27843,1,2,558,3,4,2,4,4,3,1,-0.4184,149.714,0.61,598.076,569.3628,618.37,1,4,2
3670118,465.20515,530.35298,2,1,15.083333333333334,11.64917,8.81989,13.46507,10.35139,10.80346,10.74331,1,1,558,3,4,2,4,4,3,1,-0.4184,149.714,0.72,491.6732,450.6749,484.4648,1,4,2
3670106,629.06613,676.1537,1,1,15,14.01827,9.62932,13.46507,11.9425,15.81948,14.34298,1,3,558,3,4,2,4,4,3,1,-0.4184,149.714,0.47,648.0059,640.2973,560.1828,1,4,2
3670105,607.70156,625.61335,2,1,15,10.92551,13.03951,13.46507,13.70742,15.81948,11.44903,1,3,558,3,4,2,4,4,3,1,-0.4184,149.714,0.73,611.6295,623.895,649.5151,1,4,2
3670124,611.3776,617.06719,1,1,14.166666666666666,12.51743,8.81989,10.80246,11.01771,10.80346,9.6346,1,1,558,3,4,2,4,4,3,1,-0.4184,149.714,0.65,618.9516,626.7941,580.7907,1,4,2
3670112,560.6688,580.21499,1,1,15.333333333333334,11.64917,11.04872,10.80246,11.9425,11.07454,10.15325,1,2,558,3,4,2,4,4,3,1,-0.4184,149.714,0.68,525.2454,541.3263,540.6005,1,4,2
3670122,643.82232,596.40136,2,2,15.5,11.64917,8.17461,10.80246,8.92971,10.54867,10.15325,1,3,558,3,4,2,4,4,3,1,-0.4184,149.714,0.67,663.1173,666.3981,653.7113,1,4,2
3670115,579.16561,579.00603,2,1,15.333333333333334,9.60097,8.81989,13.46507,13.70742,14.02271,14.34298,2,2,558,3,4,2,4,4,3,1,-0.4184,149.714,0.24,593.7919,502.8013,571.0929,1,4,2
3650211,535.13524,609.54493,2,1,15.333333333333334,10.25396,9.18945,8.60159,7.57539,8.17383,8.70884,1,3,500,2,5,4,4,3,3,1,-3.2968,139.25,0.61,589.0403,501.9192,539.3883,1,5,2
3650203,506.34386,564.8463,2,1,14.5,11.64917,11.04872,9.60333,9.34439,8.93142,10.74331,2,2,500,2,5,4,4,3,3,1,-3.2968,139.25,-0.83,505.9277,510.2594,479.9888,1,5,2
3650216,462.55517,465.21547,2,1,14.833333333333334,8.91919,9.18945,8.93041,9.81093,7.89169,8.70884,3,1,500,2,5,4,4,3,3,1,-3.2968,139.25,0.33,425.5414,420.201,360.3506,1,5,2
3650217,435.58259,439.21332,1,1,15.333333333333334,8.91919,13.03951,10.35777,11.9425,9.16491,10.74331,4,3,500,2,5,4,4,3,3,1,-3.2968,139.25,-1.17,301.7682,251.7208,295.5427,1,5,2
3650208,538.70434,549.68798,1,1,14.833333333333334,10.92551,10.19817,10.80246,10.35139,13.14698,10.15325,1,2,500,2,5,4,4,3,3,1,-3.2968,139.25,0.27,516.6771,521.4685,496.7736,1,5,2
3650202,558.95783,593.46113,1,1,13.833333333333334,11.64917,10.19817,9.60333,9.81093,9.84519,8.70884,1,2,500,2,5,4,4,3,3,1,-3.2968,139.25,0.33,492.2184,492.5556,514.4909,1,5,2
3650219,438.2585,421.37675,1,1,14.583333333333334,11.17406,10.19817,9.965,9.81093,9.16491,9.6346,NA,1,500,2,5,4,4,3,3,1,-3.2968,139.25,-0.88,385.7377,384.6089,395.8784,1,5,2
3650209,366.82459,415.01456,1,1,14.333333333333334,10.92551,11.04872,9.965,9.81093,8.69047,9.15641,2,2,500,2,5,4,4,3,3,1,-3.2968,139.25,-0.27,378.4156,392.552,368.4633,1,5,2
3650210,378.6594,355.99493,1,1,15,7.37134,9.62932,8.93041,8.55351,4.94405,8.27843,4,1,500,2,5,4,4,3,3,1,-3.2968,139.25,-2.06,374.9104,317.0925,327.3405,1,5,2
3650205,570.39777,546.24562,1,1,15,10.92551,13.03951,12.07123,13.70742,15.81948,11.44903,2,3,500,2,5,4,4,3,3,1,-3.2968,139.25,-0.53,540.8241,495.018,445.7665,1,5,2
3650218,469.43449,490.52072,1,1,15.166666666666666,10.92551,13.03951,13.46507,11.9425,10.85756,11.44903,2,2,500,2,5,4,4,3,3,1,-3.2968,139.25,0.02,438.6275,483.3417,432.4319,1,5,2
3650206,413.81378,470.09636,1,1,13.583333333333334,8.74681,7.11034,8.60159,8.55351,7.58514,7.42878,NA,1,500,2,5,4,4,3,3,1,-3.2968,139.25,-0.79,346.0118,405.9758,409.7725,1,5,2
3190121,544.85337,567.88691,1,1,14.833333333333334,11.64917,11.04872,9.965,8.20673,11.37095,11.44903,1,2,1079,3,2,1,3,3,3,1,-0.9812,148.857,-0.02,494.5552,533.8598,555.5203,1,3,2
3190303,565.83949,628.18664,1,1,12.916666666666666,10.92551,10.19817,9.965,7.57539,10.07332,9.6346,1,2,1079,3,2,1,3,3,3,1,-0.9812,148.857,0.09,484.0396,531.3974,547.9672,1,3,2
3190302,607.49698,651.70585,2,1,15.25,10.92551,13.03951,10.35777,10.35139,9.61942,11.44903,2,2,1079,3,2,1,3,3,3,1,-0.9812,148.857,0.56,516.0539,582.4345,548.0604,1,3,2
3190326,554.83654,527.60839,2,1,14.333333333333334,7.30445,10.19817,10.80246,9.81093,10.54867,11.44903,NA,2,1079,3,2,1,3,3,3,1,-0.9812,148.857,-0.3,468.305,416.9932,382.8236,1,3,2
3190313,554.19384,544.63524,2,1,15.666666666666666,10.92551,10.19817,9.965,9.81093,8.93142,10.15325,2,1,1079,3,2,1,3,3,3,1,-0.9812,148.857,-0.49,460.5157,417.7951,406.1358,1,3,2
3190306,634.61548,612.87949,1,1,14.75,12.51743,9.18945,13.46507,8.55351,15.81948,12.42205,1,2,1079,3,2,1,3,3,3,1,-0.9812,148.857,0.28,628.2988,584.6956,538.8288,1,3,2
3190312,547.71185,583.03934,2,1,14.25,11.64917,10.19817,13.46507,10.35139,12.08627,12.42205,1,1,1079,3,2,1,3,3,3,1,-0.9812,148.857,0.67,491.5953,385.9579,465.069,1,3,2
3190319,555.51431,578.18835,1,1,14.166666666666666,12.51743,13.03951,8.60159,6.66537,10.30668,7.85736,1,1,1079,3,2,1,3,3,3,1,-0.9812,148.857,0.51,584.6783,502.8817,515.5166,1,3,2
3190317,612.59203,552.97824,1,1,14.833333333333334,10.92551,9.62932,9.965,8.92971,9.84519,9.6346,2,1,1079,3,2,1,3,3,3,1,-0.9812,148.857,0.39,564.9712,492.6351,464.4163,1,3,2
3190307,564.29221,593.70215,1,1,15.166666666666666,12.51743,11.04872,10.35777,8.55351,10.80346,10.15325,1,1,1079,3,2,1,3,3,3,1,-0.9812,148.857,0.96,540.8241,511.1425,500.5035,1,3,2
3190304,582.40577,581.52542,1,1,14.916666666666666,10.92551,9.18945,10.80246,8.92971,12.54869,8.70884,1,2,1079,3,2,1,3,3,3,1,-0.9812,148.857,0.38,606.2549,499.7839,545.5427,1,3,2
3190320,540.66147,520.09824,1,1,14.583333333333334,10.25396,11.04872,8.93041,8.92971,7.89169,7.42878,2,1,1079,3,2,1,3,3,3,1,-0.9812,148.857,0.4,495.6457,455.5408,541.533,1,3,2
3190309,544.02152,602.60598,1,1,14.833333333333334,12.51743,9.18945,10.80246,11.9425,10.80346,9.6346,1,1,1079,3,2,1,3,3,3,1,-0.9812,148.857,0.35,635.7766,554.5913,572.3051,1,3,2
4340111,592.31407,531.68381,2,1,14.833333333333334,11.64917,11.04872,11.33851,11.01771,8.93142,10.15325,1,2,107,3,6,1,4,1,3,3,-0.256,68.667,-0.01,530.6979,489.9702,545.5427,1,4,2
4340109,621.22344,554.94312,2,1,14.333333333333334,8.91919,10.19817,13.46507,9.81093,12.54869,11.44903,3,1,107,3,6,1,4,1,3,3,-0.256,68.667,-1.33,585.3793,502.2399,519.1533,1,4,2
4340103,553.68021,588.72951,1,1,15,10.25396,9.62932,13.46507,11.9425,11.07454,12.42205,2,1,107,3,6,1,4,1,3,3,-0.256,68.667,-0.13,571.1248,462.4513,506.0985,1,4,2
4340105,487.33744,471.8848,2,1,14.25,8.19314,9.62932,10.35777,10.35139,8.17383,11.44903,4,NA,107,3,6,1,4,1,3,3,-0.256,68.667,-0.4,486.3764,395.902,375.7367,1,4,2
4340112,608.68873,541.35939,1,1,14.916666666666666,12.51743,11.04872,13.46507,13.70742,12.54869,14.34298,1,3,107,3,6,1,4,1,3,3,-0.256,68.667,0.63,501.0204,448.0743,464.7893,1,4,2
4340107,559.39135,565.43212,1,1,14.25,9.60097,13.03951,13.46507,11.9425,11.70269,12.42205,2,2,107,3,6,1,4,1,3,3,-0.256,68.667,0.35,523.6096,505.344,494.7221,1,4,2
4340110,551.98465,534.12377,1,1,14.083333333333334,10.92551,8.19852,9.965,7.88323,8.69047,9.15641,2,2,107,3,6,1,4,1,3,3,-0.256,68.667,-0.01,488.7132,486.1217,450.9884,1,4,2
4340106,543.99738,531.0897,2,1,14.083333333333334,8.19314,8.81989,9.87812,11.01771,11.37095,10.15325,4,2,107,3,6,1,4,1,3,3,-0.256,68.667,-0.64,530.5421,442.896,493.9761,1,4,2
3410114,524.60827,529.25095,1,2,15,10.92551,9.18945,10.80246,10.35139,9.39344,10.74331,1,1,598,3,5,1,3,3,3,2,-0.0892,106.727,0.01,427.8003,423.5301,483.7188,1,3,2
3410121,561.19652,578.2752,1,1,14.75,12.51743,11.04872,9.26151,8.92971,8.69047,9.15641,2,2,598,3,5,1,3,3,3,2,-0.0892,106.727,0.46,539.3441,583.8219,583.4017,1,3,2
3410115,573.04999,527.06523,2,1,15.416666666666666,10.25396,10.19817,9.60333,11.9425,8.17383,9.6346,3,2,598,3,5,1,3,3,3,2,-0.0892,106.727,0.41,393.6049,337.6006,433.0847,1,3,2
3410101,589.66711,598.84022,2,1,14.75,10.25396,9.62932,11.33851,11.9425,11.07454,11.44903,2,2,598,3,5,1,3,3,3,2,-0.0892,106.727,-0.7,533.6579,522.2886,469.7314,1,3,2
3410106,534.66316,543.16093,1,1,14.333333333333334,8.91919,8.81989,11.33851,8.92971,10.07332,10.15325,3,1,598,3,5,1,3,3,3,2,-0.0892,106.727,0.01,446.5727,534.7335,470.9437,1,3,2
3410108,506.62331,557.37936,1,1,15.583333333333334,9.60097,11.04872,11.33851,7.88323,12.54869,14.34298,3,2,598,3,5,1,3,3,3,2,-0.0892,106.727,-0.73,453.8168,521.9451,478.2171,1,3,2
3410125,575.16466,567.3682,2,1,14.666666666666666,10.25396,13.03951,9.26151,7.88323,9.84519,7.85736,2,2,598,3,5,1,3,3,3,2,-0.0892,106.727,-0.07,534.8263,477.8608,515.5166,1,3,2
3410119,547.06916,566.66835,1,1,14.75,8.91919,10.19817,9.965,8.20673,11.70269,10.15325,3,1,598,3,5,1,3,3,3,2,-0.0892,106.727,-1.17,497.671,548.9517,516.3558,1,3,2
3410112,573.97403,522.98904,1,1,14.75,10.25396,13.03951,12.07123,9.34439,12.08627,10.74331,2,1,598,3,5,1,3,3,3,2,-0.0892,106.727,0.2,513.9508,490.2521,465.442,1,3,2
3410105,540.43118,486.92168,1,2,15.083333333333334,10.25396,13.03951,10.80246,11.9425,10.54867,11.44903,2,2,598,3,5,1,3,3,3,2,-0.0892,106.727,-0.23,508.9656,567.1414,535.8448,1,3,2
3410103,515.72612,554.52042,2,1,15,12.51743,13.03951,13.46507,9.34439,8.93142,10.74331,2,1,598,3,5,1,3,3,3,2,-0.0892,106.727,0.33,493.7763,483.4744,435.2294,1,3,2
3410104,586.28225,570.7428,1,2,15.166666666666666,12.51743,9.62932,11.33851,11.01771,11.37095,10.74331,1,3,598,3,5,1,3,3,3,2,-0.0892,106.727,0.52,460.7493,510.3482,448.2842,1,3,2
3410122,474.69893,543.59116,2,1,14.916666666666666,10.04151,10.19817,9.60333,8.55351,8.17383,9.6346,NA,2,598,3,5,1,3,3,3,2,-0.0892,106.727,-0.85,523.6875,443.4574,532.4879,1,3,2
3410109,513.96409,629.30656,1,1,14.833333333333334,10.92551,13.03951,11.33851,8.55351,11.70269,10.15325,2,1,598,3,5,1,3,3,3,2,-0.0892,106.727,-0.46,501.0983,535.7661,570.4401,1,3,2
4670109,539.32402,607.14731,1,1,14.416666666666666,10.25396,10.19817,13.46507,13.70742,12.08627,12.42205,3,1,991,2,3,1,3,2,3,1,-1.0989,166.5,0.2,517.6897,524.3281,494.0694,1,3,2
4670108,537.6079,493.45212,1,1,14.416666666666666,10.25396,11.04872,12.07123,11.9425,10.54867,10.15325,3,1,991,2,3,1,3,2,3,1,-1.0989,166.5,0.2,528.2832,461.5776,509.5487,1,3,2
4670121,580.36909,516.09363,1,1,14.833333333333334,10.25396,13.03951,13.46507,13.70742,10.80346,14.34298,3,1,991,2,3,1,3,2,3,1,-1.0989,166.5,0.19,448.1305,462.4513,411.2645,1,3,2
4670116,546.44904,527.74947,1,1,15.083333333333334,10.25396,8.48873,10.80246,11.9425,9.61942,10.15325,2,2,991,2,3,1,3,2,3,1,-1.0989,166.5,-1.19,377.0914,391.996,332.6557,1,3,2
4070209,585.20145,496.04308,2,3,13.25,9.60097,11.04872,10.35777,9.34439,12.08627,10.74331,3,3,883,1,5,2,2,3,2,1,-1.2965,140.308,0.11,490.2711,424.8522,409.0265,2,6,2
4070210,632.70473,536.94234,1,3,14.083333333333334,11.64917,8.81989,12.07123,11.01771,11.70269,12.42205,2,3,883,1,5,2,2,3,2,1,-1.2965,140.308,-1.43,497.2036,396.5236,428.9817,2,6,2
4070224,584.5353,485.11283,2,3,13.333333333333334,11.64917,9.62932,12.07123,10.35139,11.37095,14.34298,1,1,883,1,5,2,2,3,2,1,-1.2965,140.308,0.82,528.2832,412.1013,442.4095,2,6,2
4070215,462.37003,380.83908,2,4,14.333333333333334,8.91919,10.19817,13.46507,8.92971,11.70269,9.6346,2,2,883,1,5,2,2,3,2,1,-1.2965,140.308,-0.99,420.7898,303.117,362.4953,2,6,2
4070221,583.39729,466.48378,2,3,14.333333333333334,12.21628,8.81989,13.46507,11.01771,11.70269,11.44903,NA,1,883,1,5,2,2,3,2,1,-1.2965,140.308,0.23,511.3803,391.5715,435.2294,2,6,2
4100108,546.06568,494.04295,2,3,14.916666666666666,8.91919,9.62932,13.46507,9.34439,11.37095,12.42205,2,2,156,4,6,2,3,3,2,1,-1.5162,39.25,-0.1,582.1078,367.5132,427.7695,1,3,2
4100112,456.60905,532.17056,2,3,14.5,8.91919,13.03951,10.35777,8.55351,6.39359,11.44903,2,3,156,4,6,2,3,3,2,1,-1.5162,39.25,-1.27,519.7928,258.2081,353.8232,1,3,2
4100102,551.92476,548.99316,1,3,13.833333333333334,8.90787,11.04872,10.04285,8.92971,10.4934,11.44903,3,2,156,4,6,2,3,3,2,1,-1.5162,39.25,-0.18,598.6213,439.6546,479.0563,1,3,2
4100115,582.4165,569.80749,1,3,14.666666666666666,10.25396,13.03951,10.35777,8.55351,11.07454,12.42205,2,NA,156,4,6,2,3,3,2,1,-1.5162,39.25,0.65,489.3363,354.4251,419.1906,1,3,2
4100103,590.12901,534.22742,2,1,13.75,14.01827,10.19817,11.33851,9.81093,10.80346,10.74331,1,2,156,4,6,2,3,3,2,1,-1.5162,39.25,0.33,575.9542,343.0538,446.326,1,3,2
4100107,561.84167,465.54149,1,3,13.833333333333334,9.60097,13.03951,9.26151,11.9425,7.61756,11.44903,2,1,156,4,6,2,3,3,2,1,-1.5162,39.25,-0.8,482.6375,351.9628,383.1033,1,3,2
4100106,526.1998,448.69085,2,3,13.75,8.19314,9.18945,13.46507,9.34439,11.37095,12.42205,3,2,156,4,6,2,3,3,2,1,-1.5162,39.25,-0.85,611.6295,350.3515,434.0172,1,3,2
4100110,513.13458,538.95599,2,3,13.75,10.92551,11.04872,9.26151,10.35139,10.80346,11.44903,1,2,156,4,6,2,3,3,2,1,-1.5162,39.25,0.52,563.3354,262.2178,422.1746,1,3,2
4100109,467.89279,494.25943,1,3,14.166666666666666,10.92551,13.03951,8.26761,7.57539,7.15008,9.6346,1,1,156,4,6,2,3,3,2,1,-1.5162,39.25,0.98,591.0656,379.843,422.5476,1,3,2
3010119,561.63809,574.25161,2,3,14.166666666666666,7.37134,9.18945,9.26151,8.20673,11.37095,10.15325,4,2,702,3,5,2,2,2,3,1,-1.7689,173.25,-1.27,487.5448,417.7149,573.2376,1,3,2
3010106,645.4029,609.62338,1,3,15.333333333333334,9.60097,10.19817,9.965,8.55351,10.54867,8.70884,2,2,702,3,5,2,2,2,3,1,-1.7689,173.25,-0.98,485.208,429.8051,575.1026,1,3,2
3010118,572.42037,653.35899,1,3,15.25,8.91919,13.03951,13.46507,9.34439,10.54867,11.44903,3,2,702,3,5,2,2,2,3,1,-1.7689,173.25,-1.4,450.3895,375.0772,541.3465,1,3,2
3010103,659.32948,649.52591,1,3,14.75,9.60097,10.19817,10.80246,10.35139,10.80346,10.15325,2,2,702,3,5,2,2,2,3,1,-1.7689,173.25,-0.59,445.8716,409.7885,570.6266,1,3,2
3010120,610.51121,590.23437,1,3,15.583333333333334,10.25396,8.81989,12.07123,11.9425,10.80346,11.44903,2,2,702,3,5,2,2,2,3,1,-1.7689,173.25,-0.71,456.0757,452.3636,560.1828,1,3,2
4220419,667.62424,600.67656,2,2,14.5,11.64917,9.18945,9.965,9.34439,10.80346,9.6346,1,3,1371,1,2,2,4,2,3,3,-1.0989,11.25,0.8,604.1517,563.6689,574.2633,3,8,2
4220411,609.10661,593.90521,1,2,14.75,12.51743,11.04872,11.33851,10.35139,9.39344,10.74331,1,2,1371,1,2,2,4,2,3,3,-1.0989,11.25,0.64,544.0178,576.5937,588.3439,3,8,2
4220421,603.37334,525.36287,1,1,15.416666666666666,10.92551,10.19817,13.46507,11.01771,9.39344,11.44903,1,1,1371,1,2,2,4,2,3,3,-1.0989,11.25,0.51,487.4669,516.4644,485.0242,3,8,2
4220405,437.36597,461.60606,1,1,15.083333333333334,12.21628,10.19817,12.07123,11.9425,9.16491,10.15325,NA,2,1371,1,2,2,4,2,3,3,-1.0989,11.25,0.45,413.0005,457.606,363.1481,3,8,2
3970415,612.59493,568.82778,1,1,14.416666666666666,10.04151,11.04872,9.60333,9.81093,10.80346,9.15641,NA,2,898,1,1,3,4,3,2,2,1.9226,131,-0.36,523.0643,579.4532,573.2376,1,4,2
3970403,632.4769,580.80244,1,1,15,14.01827,10.19817,11.33851,13.70742,12.54869,10.74331,1,1,898,1,1,3,4,3,2,2,1.9226,131,1.14,604.697,481.5147,498.9183,1,4,2
3980218,517.32928,537.11026,2,1,15.083333333333334,8.91919,7.91394,10.35777,7.57539,10.80346,9.6346,3,3,798,2,1,2,3,3,4,2,-1.0989,168.6,-0.09,445.8716,427.2581,502.2753,1,3,2
3980227,532.80973,563.30936,2,1,15.416666666666666,10.92551,13.03951,12.07123,10.35139,14.02271,12.42205,2,3,798,2,1,2,3,3,4,2,-1.0989,168.6,0.33,525.0896,490.2108,491.1787,1,3,2
3980211,562.67285,495.13942,1,1,14.5,10.92551,8.81989,10.80246,9.34439,11.07454,10.74331,1,3,798,2,1,2,3,3,4,2,-1.0989,168.6,-0.32,549.3145,477.5432,570.4401,1,3,2
3980207,504.40518,535.58368,2,3,14.666666666666666,8.91919,13.03951,12.07123,9.81093,12.08627,9.6346,3,2,798,2,1,2,3,3,4,2,-1.0989,168.6,0.41,401.628,365.5885,424.1328,1,3,2
3980206,596.70364,672.91495,1,1,14.916666666666666,10.92551,9.62932,13.46507,11.01771,11.70269,10.74331,1,2,798,2,1,2,3,3,4,2,-1.0989,168.6,0.71,549.3145,535.4484,558.9705,1,3,2
3980225,679.53648,699.2488,2,1,14.75,10.92551,10.19817,13.46507,7.2741,14.02271,9.15641,1,2,798,2,1,2,3,3,4,2,-1.0989,168.6,0.3,637.4124,515.6324,643.8269,1,3,2
3450202,559.24867,654.68579,1,1,14.25,10.92551,10.19817,9.60333,11.01771,11.07454,9.15641,1,3,380,4,5,1,3,2,3,2,0.5021,102,0.86,446.4948,477.5432,575.1026,1,3,2
3450204,610.56596,560.51796,1,2,13.833333333333334,10.92551,11.04872,8.26761,9.81093,12.54869,9.15641,1,1,380,4,5,1,3,2,3,2,0.5021,102,-0.02,464.5661,511.4602,580.884,1,3,2
3450206,481.52595,480.26053,2,1,15.25,8.74681,13.03951,9.26151,8.92971,9.39344,7.85736,NA,2,380,4,5,1,3,2,3,2,0.5021,102,-0.93,444.859,458.133,473.4614,1,3,2
4480204,564.29087,524.96855,1,1,14.416666666666666,11.64917,9.62932,9.60333,8.20673,11.37095,11.44903,1,1,819,1,1,1,3,2,3,1,0.5021,146,0.33,537.0073,586.2048,462.1783,2,5,2
4430103,546.9905,563.39992,1,1,14.583333333333334,10.92551,13.03951,9.965,8.92971,11.37095,10.74331,2,2,251,4,6,3,3,4,2,2,-0.7452,125.5,-0.55,520.2602,556.1005,496.7736,1,3,2
4430105,572.18316,575.91665,2,1,14.5,7.30445,10.19817,9.26151,11.01771,8.17383,9.15641,NA,2,251,4,6,3,3,4,2,2,-0.7452,125.5,-0.78,554.1439,530.709,594.5916,1,3,2
4430108,548.25253,696.72046,2,1,14.416666666666666,10.25396,10.19817,10.35777,10.35139,11.07454,8.70884,1,2,251,4,6,3,3,4,2,2,-0.7452,125.5,0.11,492.7637,565.2728,542.5587,1,3,2
4430104,523.62401,507.74551,1,1,13.916666666666666,9.60097,13.03951,9.965,9.81093,10.30668,9.6346,2,2,251,4,6,3,3,4,2,2,-0.7452,125.5,-0.59,454.5178,477.7815,422.1746,1,3,2
4430111,537.94411,436.30844,1,1,14.583333333333334,10.92551,9.62932,12.07123,11.01771,10.54867,12.42205,3,2,251,4,6,3,3,4,2,2,-0.7452,125.5,0.45,495.7236,584.5368,486.7027,1,3,2
4430107,557.73758,561.18092,2,2,14,10.04151,10.19817,9.965,11.01771,9.39344,10.15325,NA,2,251,4,6,3,3,4,2,2,-0.7452,125.5,-0.25,559.4407,458.6141,527.2659,1,3,2
4430209,587.36584,570.10417,2,1,14.166666666666666,8.91919,9.18945,9.965,13.70742,10.54867,9.6346,4,2,251,4,6,3,3,4,2,2,-0.7452,125.5,-0.41,501.1762,469.7612,440.7311,1,3,2
4430201,561.11853,510.03456,1,1,14.833333333333334,11.17406,8.48873,9.965,8.55351,9.16491,8.27843,NA,2,251,4,6,3,3,4,2,2,-0.7452,125.5,-0.66,471.1092,508.5213,435.6024,1,3,2
4430102,517.73755,480.80216,1,1,14.333333333333334,8.74681,10.19817,8.93041,10.35139,8.69047,8.27843,NA,3,251,4,6,3,3,4,2,2,-0.7452,125.5,-0.41,501.7993,501.3725,532.0216,1,3,2
3710310,584.98894,609.18203,2,1,15.166666666666666,10.92551,9.62932,13.46507,11.9425,13.14698,10.74331,2,2,738,2,5,2,3,1,2,2,0.7756,111.333,0.22,573.6953,481.3894,568.5752,1,3,2
3710318,450.24873,584.95752,2,1,14.5,10.25396,10.19817,10.80246,9.34439,9.16491,8.70884,2,1,738,2,5,2,3,1,2,2,0.7756,111.333,0.27,446.9621,412.1815,446.7922,1,3,2
3710323,511.25891,544.84758,1,1,14.25,10.25396,10.19817,9.965,10.35139,11.07454,9.15641,2,2,738,2,5,2,3,1,2,2,0.7756,111.333,-0.72,617.7831,523.0572,590.0224,1,3,2
3710307,492.74757,471.19533,2,1,14.75,11.64917,10.19817,10.80246,11.01771,9.84519,10.74331,1,2,738,2,5,2,3,1,2,2,0.7756,111.333,-0.39,401.2385,345.8607,369.9552,1,3,2
3710320,426.83811,420.10429,2,1,14.416666666666666,10.04151,7.11034,9.965,9.34439,9.39344,9.6346,NA,2,738,2,5,2,3,1,2,2,0.7756,111.333,-0.27,378.0262,291.8897,347.2958,1,3,2
4900123,605.75517,627.34506,1,1,14.5,14.01827,9.62932,12.07123,11.01771,11.37095,12.42205,1,1,1106,1,1,1,2,2,2,2,1.9226,103.455,0.69,403.0301,401.9249,408.094,3,NA,2
4900115,688.3146,669.7685,2,1,14,12.51743,13.03951,9.965,8.20673,8.93142,8.27843,1,2,1106,1,1,1,2,2,2,2,1.9226,103.455,0.13,563.8028,453.0807,495.2816,3,NA,2
4900118,659.22344,680.07266,2,1,14.833333333333334,10.25396,9.18945,9.26151,7.57539,8.43911,9.15641,2,2,1106,1,1,1,2,2,2,2,1.9226,103.455,0.07,557.2597,431.1876,568.7617,3,NA,2
4050301,661.98549,661.48813,1,1,14.583333333333334,8.19314,11.04872,12.07123,11.9425,8.93142,10.74331,3,3,1092,1,2,1,3,1,1,3,-0.256,178.5,-1.36,563.4912,449.5835,463.1108,1,3,2
4050305,634.95135,640.46998,1,2,14.666666666666666,11.64917,13.03951,10.52098,7.2741,6.39359,10.15325,1,2,1092,1,2,1,3,1,1,3,-0.256,178.5,0.4,396.7207,433.3001,393.2674,1,3,2
4050320,690.43787,625.06594,1,1,14.666666666666666,10.25396,9.62932,9.60333,9.81093,8.43911,8.70884,1,2,1092,1,2,1,3,1,1,3,-0.256,178.5,0.25,425.4635,358.3967,422.1746,1,3,2
4050316,623.30023,611.28657,1,2,14.666666666666666,8.91919,13.03951,10.80246,9.81093,9.16491,10.15325,3,NA,1092,1,2,1,3,1,1,3,-0.256,178.5,-0.51,461.2946,489.3784,446.1395,1,3,2
4580320,565.78005,425.77012,1,1,15,10.92551,8.81989,6.36452,7.2741,8.17383,7.42878,2,2,603,1,1,4,4,4,3,1,-2.4968,81,0.92,429.5139,463.0867,426.7438,3,4,2
4580308,575.60265,571.71727,1,1,14.333333333333334,10.92551,11.04872,8.60159,11.01771,9.84519,7.85736,2,2,603,1,1,4,4,4,3,1,-2.4968,81,-0.1,557.9607,599.0726,575.3823,3,4,2
4580301,514.308,518.80342,1,1,14.75,10.92551,11.04872,12.07123,11.01771,11.37095,11.44903,1,3,603,1,1,4,4,4,3,1,-2.4968,81,0.78,388.2303,446.3268,366.4118,3,4,2
4580312,536.17157,532.31426,1,1,14.333333333333334,10.92551,11.04872,9.60333,6.66537,9.39344,6.97717,2,3,603,1,1,4,4,4,3,1,-2.4968,81,-0.2,472.6671,501.3725,403.8978,3,4,2
4580306,573.57972,568.04087,1,1,15.25,11.64917,10.19817,8.26761,9.81093,9.84519,8.70884,1,2,603,1,1,4,4,4,3,1,-2.4968,81,0.37,551.1061,572.3044,547.1279,3,4,2
4580316,687.78375,611.21445,1,2,14.25,11.64917,8.81989,6.36452,7.88323,9.84519,7.85736,1,2,603,1,1,4,4,4,3,1,-2.4968,81,1.15,575.7205,571.5101,576.03510000000006,3,4,2
4580307,607.74827,615.20978,1,1,14.5,10.92551,9.62932,13.46507,8.20673,14.02271,14.34298,2,2,603,1,1,4,4,4,3,1,-2.4968,81,-0.54,527.66010000000006,528.2202,501.3428,3,4,2
4580303,576.49484,678.80981,1,1,14.416666666666666,14.01827,9.62932,8.26761,7.2741,10.80346,8.70884,1,1,603,1,1,4,4,4,3,1,-2.4968,81,0.61,506.3951,531.7946,495.8411,3,4,2
4580318,651.46478,702.1804,1,1,14.916666666666666,11.64917,11.04872,9.26151,5.49149,9.84519,8.27843,1,3,603,1,1,4,4,4,3,1,-2.4968,81,0.11,598.9329,663.3323,586.2924,3,4,2
4580314,521.28621,561.54415,2,2,15.083333333333334,11.64917,7.6477,7.91186,8.55351,6.85613,8.27843,1,1,603,1,1,4,4,4,3,1,-2.4968,81,0.58,464.4882,501.1974,461.0593,3,4,2
4580315,575.02253,620.59487,1,2,15.25,12.51743,10.19817,11.33851,10.35139,9.84519,7.85736,2,2,603,1,1,4,4,4,3,1,-2.4968,81,0.1,360.1885,452.6813,381.3316,3,4,2
4580305,575.54645,573.18155,2,1,15,10.92551,7.11034,8.60159,9.81093,9.39344,9.15641,2,NA,603,1,1,4,4,4,3,1,-2.4968,81,0.39,547.523,476.2569,520.0858,3,4,2
4580304,536.9651,563.09528,2,1,14.5,11.64917,13.03951,11.33851,9.34439,10.07332,11.44903,1,1,603,1,1,4,4,4,3,1,-2.4968,81,0.64,492.4521,508.4149,496.5871,3,4,2
3630508,532.8561,554.79669,2,1,15.25,11.64917,13.03951,13.46507,7.88323,12.54869,12.42205,1,2,1209,1,2,4,4,3,4,3,-0.4184,132.526,0.2,457.5557,390.3686,377.3219,1,2,2
3630309,503.25432,454.6873,1,1,14.5,10.92551,10.19817,10.80246,11.01771,9.61942,9.15641,1,1,1209,1,2,4,4,3,4,3,-0.4184,132.526,0.51,514.2623,448.1537,514.3044,1,5,2
3630310,451.36026,536.24762,2,1,14.583333333333334,10.92551,13.03951,10.80246,13.70742,9.84519,10.74331,2,2,1209,1,2,4,4,3,4,3,-0.4184,132.526,-0.16,503.1235,447.3869,445.4868,1,5,2
3630324,586.74293,543.636,1,1,15.166666666666666,10.25396,13.03951,10.35777,8.55351,11.70269,9.6346,2,3,1209,1,2,4,4,3,4,3,-0.4184,132.526,-0.34,444.3916,461.8953,481.8538,1,5,2
3630307,524.53542,510.27613,1,1,14.75,10.92551,13.03951,12.07123,11.9425,11.70269,11.44903,1,1,1209,1,2,4,4,3,4,3,-0.4184,132.526,1.12,448.9874,486.0423,524.0022,1,5,2
3630319,519.83736,522.53667,1,1,14.5,10.92551,11.04872,9.965,10.35139,9.39344,10.15325,1,3,1209,1,2,4,4,3,4,3,-0.4184,132.526,0.51,422.4256,478.3375,475.0466,1,5,2
3630323,546.69407,513.60414,1,2,15.25,10.25396,13.03951,11.33851,9.81093,9.84519,9.6346,2,2,1209,1,2,4,4,3,4,3,-0.4184,132.526,-0.07,528.8285,526.711,528.4782,1,5,2
3960121,560.59986,610.81564,1,1,14.333333333333334,10.25396,13.03951,13.46507,13.70742,12.54869,12.42205,2,2,521,2,1,1,1,2,3,3,0.5021,106.6,-0.33,626.3515,534.1775,617.0645,1,4,2
3960106,487.72001,505.44107,2,2,14.5,12.36645,10.19817,8.26761,11.01771,12.08627,8.27843,1,3,521,2,1,1,1,2,3,3,0.5021,106.6,0.41,366.9653,361.0976,385.8075,1,4,2
3960115,534.82428,526.35459,2,1,14.916666666666666,10.25396,8.81989,10.80246,8.55351,9.39344,9.15641,2,2,521,2,1,1,1,2,3,3,0.5021,106.6,-0.04,411.131,376.8959,459.8471,1,4,2
3960113,511.73746,560.50541,2,1,14.5,10.92551,9.62932,10.35777,9.81093,10.80346,10.15325,1,3,521,2,1,1,1,2,3,3,0.5021,106.6,0.3,500.553,463.4258,543.4912,1,4,2
3960111,565.40898,637.23962,1,1,14.75,10.92551,10.19817,12.07123,11.9425,10.30668,11.44903,2,2,521,2,1,1,1,2,3,3,0.5021,106.6,-0.39,539.2662,535.5278,600.5595,1,4,2
3960126,524.0182,544.7305,1,1,14.666666666666666,11.64917,8.81989,12.07123,8.92971,10.80346,9.6346,1,2,521,2,1,1,1,2,3,3,0.5021,106.6,0.92,522.9864,518.6885,546.1022,1,4,2
3960124,630.25855,541.80795,1,1,14.5,14.01827,11.04872,13.46507,11.9425,12.54869,14.34298,1,2,521,2,1,1,1,2,3,3,0.5021,106.6,0.32,624.3262,614.4028,667.4189,1,4,2
4510117,489.23199,554.03957,2,1,14.666666666666666,10.25396,10.19817,9.26151,8.55351,8.69047,7.42878,1,1,664,1,1,2,2,1,1,3,-0.9168,266.667,-0.16,440.7306,443.4574,515.7963,1,3,2
4510111,585.89968,516.407,1,1,14.416666666666666,10.25396,10.19817,12.07123,9.81093,11.70269,9.6346,3,3,664,1,1,2,2,1,1,3,-0.9168,266.667,-0.32,507.4856,543.7092,488.3812,1,3,2
4510120,578.69264,629.75271,2,1,14.666666666666666,10.92551,11.04872,13.46507,10.35139,14.02271,14.34298,1,1,664,1,1,2,2,1,1,3,-0.9168,266.667,0.7,432.6297,448.8304,524.0022,1,3,2
4510103,532.33229,496.59431,2,1,15.083333333333334,11.17406,13.03951,13.46507,13.70742,15.81948,9.6346,NA,3,664,1,1,2,2,1,1,3,-0.9168,266.667,-0.13,362.4474,303.3576,419.3771,1,3,2
4510114,550.51245,584.12925,1,1,15.416666666666666,14.01827,6.19658,10.80246,8.92971,12.08627,10.15325,1,2,664,1,1,2,2,1,1,3,-0.9168,266.667,-0.63,617.861,569.6037,620.5147,1,3,2
4510121,533.47209,542.45945,1,1,14.083333333333334,11.64917,9.62932,8.26761,8.20673,6.85613,7.85736,1,2,664,1,1,2,2,1,1,3,-0.9168,266.667,0.65,501.7215,494.462,524.7482,1,3,2
4510119,478.75966,534.48111,2,1,15.333333333333334,11.64917,10.19817,10.80246,11.01771,9.61942,10.15325,2,2,664,1,1,2,2,1,1,3,-0.9168,266.667,0.52,491.7511,371.2823,489.9664,1,3,2
4510113,562.14335,534.26681,2,2,15.083333333333334,10.92551,8.48873,10.80246,11.9425,12.08627,10.15325,1,3,664,1,1,2,2,1,1,3,-0.9168,266.667,0.91,485.5196,448.269,481.201,1,3,2
4510109,601.96047,617.24417,2,1,15,10.92551,11.04872,13.46507,11.9425,11.07454,9.6346,1,3,664,1,1,2,2,1,1,3,-0.9168,266.667,0.88,599.9455,447.4671,464.8825,1,3,2
4510104,459.74183,499.58898,2,1,14.833333333333334,10.25396,9.62932,9.26151,9.34439,9.39344,7.85736,2,2,664,1,1,2,2,1,1,3,-0.9168,266.667,-0.47,407.23630000000003,435.4379,452.3872,1,3,2
3930213,597.98913,585.72556,1,2,14.833333333333334,14.01827,8.81989,11.33851,8.92971,7.24499,9.15641,1,2,1030,1,1,1,4,3,3,3,0.0872,155.714,0.8,652.1343,692.8012,696.1395,2,5,2
3930311,603.42038,570.9835,1,1,14.5,12.51743,9.18945,9.60333,9.34439,10.07332,9.6346,1,1,1030,1,1,1,4,3,3,3,0.0872,155.714,0.31,557.9607,614.1645,555.2406,2,6,2
3930309,603.44463,552.11233,2,1,15.166666666666666,12.51743,6.83195,9.60333,13.70742,10.30668,9.15641,1,1,1030,1,1,1,4,3,3,3,0.0872,155.714,0.77,506.9403,432.2301,444.9273,2,6,2
3930310,497.02373,555.67024,1,1,14.333333333333334,14.01827,10.19817,7.91186,5.96004,6.85613,9.15641,1,1,1030,1,1,1,4,3,3,3,0.0872,155.714,0.99,511.9255,459.2741,560.1828,2,6,2
3930203,582.96444,581.66312,1,1,14.416666666666666,12.51743,9.18945,8.26761,9.34439,9.16491,9.15641,1,2,1030,1,1,1,4,3,3,3,0.0872,155.714,1.45,578.291,679.9334,651.4733,2,5,2
3930302,491.42509,560.07093,2,1,14.666666666666666,11.64917,13.03951,9.60333,8.92971,9.39344,11.44903,1,2,1030,1,1,1,4,3,3,3,0.0872,155.714,0.86,496.892,430.5461,475.3264,2,6,2
3930221,651.74858,719.32652,1,2,15.083333333333334,14.01827,10.19817,8.60159,9.34439,7.24499,7.85736,1,2,1030,1,1,1,4,3,3,3,0.0872,155.714,0.41,600.0234,615.9914,565.7777,2,5,2
3930207,558.88833,560.38418,1,1,15,11.64917,10.19817,10.35777,7.2741,9.39344,9.6346,1,1,1030,1,1,1,4,3,3,3,0.0872,155.714,0.72,409.1837,483.3417,448.2842,2,5,2
3930314,598.55249,652.25904,1,2,14.833333333333334,14.01827,9.18945,7.51389,7.88323,6.39359,7.85736,1,1,1030,1,1,1,4,3,3,3,0.0872,155.714,0.28,581.952,554.8296,551.7904,2,6,2
3930226,607.19429,587.24974,1,1,14.833333333333334,12.51743,11.04872,10.80246,8.92971,9.84519,9.15641,1,2,1030,1,1,1,4,3,3,3,0.0872,155.714,0.25,635.6987,612.8142,611.4696,2,5,2
3930327,685.06807,701.21575,1,1,14.833333333333334,10.92551,13.03951,7.91186,6.66537,9.84519,7.42878,1,1,1030,1,1,1,4,3,3,3,0.0872,155.714,0.72,636.5555,631.6394,643.1742,2,6,2
3930319,590.09471,593.75606,1,1,15.083333333333334,11.64917,13.03951,8.60159,6.33324,9.84519,8.70884,1,1,1030,1,1,1,4,3,3,3,0.0872,155.714,0,579.0699,567.1414,582.4692,2,6,2
3930228,668.73297,662.42311,2,1,15,12.51743,10.19817,7.91186,6.66537,8.43911,7.85736,1,2,1030,1,1,1,4,3,3,3,0.0872,155.714,0.38,656.5742,737.691,681.4062,2,5,2
3930215,578.68694,520.09137,1,1,15.166666666666666,11.64917,9.62932,9.60333,9.34439,8.43911,10.15325,1,1,1030,1,1,1,4,3,3,3,0.0872,155.714,-0.47,446.7285,576.2759,448.2842,2,5,2
3930224,596.29033,588.37086,2,1,14.75,11.64917,9.62932,10.80246,7.57539,11.07454,9.6346,1,2,1030,1,1,1,4,3,3,3,0.0872,155.714,0.58,645.2017,608.6581,615.8523,2,5,2
3930218,556.2636,486.53979,1,2,14.75,11.64917,8.81989,11.33851,9.34439,11.37095,9.6346,2,2,1030,1,1,1,4,3,3,3,0.0872,155.714,NA,555.6239,611.7816,525.028,2,5,2
3930209,573.97235,586.01186,1,1,14.916666666666666,12.51743,9.62932,9.60333,7.57539,8.93142,9.6346,1,3,1030,1,1,1,4,3,3,3,0.0872,155.714,1.14,508.0308,546.6482,535.0056,2,5,2
3070202,493.21406,529.44812,2,1,15,8.19314,NA,NA,9.15619,11.37095,14.34298,3,3,640,3,4,1,3,1,3,3,0.7756,239,-0.8,441.0422,464.3079,494.7221,2,3,NA
3070220,397.5027,422.4552,2,1,14.833333333333334,9.60097,13.03951,10.80246,10.35139,8.17383,9.6346,4,1,640,3,4,1,3,1,3,3,0.7756,239,-0.03,378.0262,309.5325,287.2436,2,3,NA
3070227,547.00581,571.95001,2,2,15.166666666666666,12.51743,13.03951,10.80246,11.9425,12.08627,10.74331,1,2,640,3,4,1,3,1,3,3,0.7756,239,1.32,567.3859,501.7588,531.4621,2,3,2
3070201,411.84638,421.01973,2,1,15.333333333333334,10.92551,13.03951,12.07123,11.01771,8.69047,9.6346,2,1,640,3,4,1,3,1,3,3,0.7756,239,0.33,428.5013,422.0454,424.0395,2,3,NA
3070208,642.38498,592.25501,1,1,14.583333333333334,11.64917,10.19817,11.33851,9.34439,11.37095,10.15325,1,2,640,3,4,1,3,1,3,3,0.7756,239,0.65,534.8263,608.5249,542.5587,2,3,2
3070217,503.7379,546.9806,1,1,15.083333333333334,8.74681,9.62932,10.80246,10.35139,11.07454,10.15325,NA,1,640,3,4,1,3,1,3,3,0.7756,239,-0.47,491.1279,573.0987,574.1701,2,3,2
3070204,482.37211,562.64923,1,1,14.583333333333334,11.64917,13.03951,8.93041,6.97345,9.16491,10.74331,1,1,640,3,4,1,3,1,3,3,0.7756,239,0.6,490.349,512.7311,555.5203,2,3,2
3070215,619.30967,566.46039,1,1,15.166666666666666,10.92551,8.81989,10.35777,9.34439,10.80346,10.15325,1,2,640,3,4,1,3,1,3,3,0.7756,239,-0.03,566.4512,574.449,562.7937,2,3,2
3070211,433.30893,541.36364,1,1,14.833333333333334,10.92551,9.62932,9.26151,8.92971,9.39344,9.15641,3,1,640,3,4,1,3,1,3,3,0.7756,239,-0.73,331.212,439.4163,361.5628,2,3,3
3070216,483.5395,540.84864,2,1,14.5,11.64917,6.83195,9.81521,13.70742,8.17383,10.15325,1,1,640,3,4,1,3,1,3,3,0.7756,239,0.3,430.6823,484.2764,466.0015,2,3,NA
3070209,502.9951,476.26127,1,1,14.916666666666666,10.25396,9.18945,12.07123,8.92971,9.61942,10.74331,2,2,640,3,4,1,3,1,3,3,0.7756,239,-0.59,452.0252,520.6742,506.0985,2,3,NA
3070218,447.4707,528.01199,1,1,16,10.25396,10.19817,8.57667,8.92971,5.80254,9.6346,1,1,640,3,4,1,3,1,3,3,0.7756,239,-0.27,419.3878,474.2071,483.6255,2,3,NA
3070226,569.52022,565.24292,2,1,14.5,11.64917,6.83195,13.46507,11.9425,12.54869,11.44903,1,2,640,3,4,1,3,1,3,3,0.7756,239,0.08,487.0774,473.1293,524.4685,2,3,2
3070210,590.21449,550.56186,2,1,14.833333333333334,11.64917,11.04872,13.46507,11.01771,12.54869,14.34298,1,3,640,3,4,1,3,1,3,3,0.7756,239,0.28,552.8976,548.5122,512.0664,2,3,2
3070203,472.94884,470.67399,1,1,14.666666666666666,10.25396,9.62932,9.60333,10.35139,9.16491,10.15325,2,2,640,3,4,1,3,1,3,3,0.7756,239,-0.9,408.8721,412.3303,405.3898,2,3,3
3070222,561.41987,523.51867,2,1,14.416666666666666,10.25396,9.62932,12.07123,11.01771,8.17383,7.85736,2,1,640,3,4,1,3,1,3,3,0.7756,239,-0.33,417.9857,420.1208,419.4703,2,3,2
3070207,409.07092,414.28024,1,1,15.916666666666666,9.60097,9.18945,9.26151,10.35139,9.16491,10.15325,2,2,640,3,4,1,3,1,3,3,0.7756,239,-0.95,341.3382,378.175,380.8653,2,3,3
3070225,631.35264,658.6604,2,2,15.25,10.25396,9.18945,9.26151,13.70742,11.07454,7.85736,2,1,640,3,4,1,3,1,3,3,0.7756,239,-0.49,644.3449,635.1222,643.1742,2,3,2
3070228,436.9206,425.97045,2,1,14.75,10.25396,9.18945,8.93041,5.49149,7.58514,8.70884,2,1,640,3,4,1,3,1,3,3,0.7756,239,0.19,397.3438,368.3151,396.0649,2,3,4
3070205,554.86648,574.31478,2,1,14.583333333333334,12.51743,7.86247,13.46507,8.55351,10.80346,11.44903,2,2,640,3,4,1,3,1,3,3,0.7756,239,0.28,610.2274,577.2218,620.7012,2,3,3
3070212,541.8559,574.40785,2,1,14.416666666666666,11.64917,11.04872,12.07123,9.81093,10.80346,12.42205,1,1,640,3,4,1,3,1,3,3,0.7756,239,0.8,444.2359,431.4282,463.8568,2,3,NA
3070213,526.01198,551.11614,1,1,15.25,10.92551,10.19817,9.26151,8.55351,8.43911,8.70884,2,2,640,3,4,1,3,1,3,3,0.7756,239,-0.7,408.4826,439.178,427.0235,2,3,NA
4610114,569.95911,576.30225,1,1,14.666666666666666,10.25396,10.19817,8.93041,6.33324,10.07332,9.15641,3,2,765,1,2,2,1,2,1,1,-0.7452,253.667,-0.15,476.2502,510.6659,522.1373,1,5,2
4610226,623.2238,649.76082,2,1,14.25,11.64917,8.48873,7.51389,5.96004,6.85613,6.47491,1,1,765,1,2,2,1,2,1,1,-0.7452,253.667,0.52,573.5395,578.9861,653.1518,1,4,2
4610121,454.66824,508.81207,1,1,14.166666666666666,14.01827,9.62932,7.51389,3.41233,6.85613,6.47491,1,1,765,1,2,2,1,2,1,1,-0.7452,253.667,0.67,505.694,563.2492,475.0466,1,5,2
4610116,564.59757,638.37231,2,2,14.583333333333334,10.92551,7.91394,10.35777,9.34439,9.84519,7.42878,1,2,765,1,2,2,1,2,1,1,-0.7452,253.667,0.05,567.2301,591.8172,623.4054,1,5,2
4610102,575.1965,610.24925,2,1,15,12.21628,9.18945,13.46507,8.92971,12.54869,14.34298,NA,2,765,1,2,2,1,2,1,1,-0.7452,253.667,1.02,511.0687,562.3858,593.7523,1,5,2
4610126,547.84492,550.7205,1,1,13.75,14.01827,13.03951,13.46507,8.20673,11.37095,10.15325,1,1,765,1,2,2,1,2,1,1,-0.7452,253.667,0.67,576.6552,618.1361,619.5822,1,5,2
4610213,609.16281,549.48252,2,2,14.583333333333334,12.51743,11.04872,7.03246,7.57539,10.07332,6.97717,1,2,765,1,2,2,1,2,1,1,-0.7452,253.667,0.68,491.7511,548.5122,552.4431,1,4,2
4610217,578.96304,588.16398,1,1,14.666666666666666,10.92551,9.62932,10.35777,8.55351,12.54869,10.15325,1,2,765,1,2,2,1,2,1,1,-0.7452,253.667,1.21,598.1539,586.2842,642.2417,1,4,2
4610104,612.1014,609.39348,1,1,14.333333333333334,14.01827,10.19817,10.35777,10.35139,11.37095,12.42205,1,2,765,1,2,2,1,2,1,1,-0.7452,253.667,1.66,581.0173,638.7087,621.727,1,5,2
4610224,517.81387,508.1418,1,1,15.333333333333334,11.64917,10.19817,8.93041,9.81093,9.84519,9.15641,1,1,765,1,2,2,1,2,1,1,-0.7452,253.667,1.08,520.1823,607.0157,546.5684,1,4,2
4610212,627.59292,565.51024,1,1,15.083333333333334,12.51743,10.19817,8.93041,9.81093,10.30668,8.27843,2,1,765,1,2,2,1,2,1,1,-0.7452,253.667,0.08,507.2519,548.2368,571.3726,1,4,2
4610117,566.9899,546.95397,1,1,15.083333333333334,11.64917,11.04872,10.80246,6.33324,10.07332,5.01998,1,3,765,1,2,2,1,2,1,1,-0.7452,253.667,0.65,485.9869,576.7525,520.0858,1,5,2
4610205,540.04704,551.86105,1,2,14.5,11.17406,11.04872,8.60159,7.57539,9.16491,5.86845,NA,3,765,1,2,2,1,2,1,1,-0.7452,253.667,-0.24,524.5443,602.091,561.022,1,4,2
4610112,414.55223,500.01452,1,1,14.583333333333334,12.51743,11.04872,6.36452,7.88323,8.43911,7.42878,2,1,765,1,2,2,1,2,1,1,-0.7452,253.667,0.69,409.8847,494.2237,452.0142,1,5,2
4610113,529.60957,612.79864,2,1,14.916666666666666,11.64917,10.19817,8.93041,8.55351,9.84519,6.47491,1,2,765,1,2,2,1,2,1,1,-0.7452,253.667,0.61,538.4873,514.8305,539.3883,1,5,2
4610221,614.03261,637.76543,1,1,14.583333333333334,10.92551,8.48873,8.60159,7.88323,7.89169,7.85736,1,2,765,1,2,2,1,2,1,1,-0.7452,253.667,0.14,553.2092,572.781,530.0634,1,4,2
4610228,562.28693,595.78269,1,1,13.833333333333334,11.64917,11.04872,9.26151,7.57539,10.30668,7.85736,1,3,765,1,2,2,1,2,1,1,-0.7452,253.667,0.67,596.7518,611.2256,577.9,1,4,2
4610108,491.8737,475.64031,1,1,15,12.51743,11.04872,7.91186,6.33324,7.58514,6.47491,1,1,765,1,2,2,1,2,1,1,-0.7452,253.667,0.53,442.6001,445.6914,442.4095,1,5,2
4610128,542.9567,620.64299,1,2,13.916666666666666,12.51743,8.81989,7.03246,5.49149,6.39359,5.86845,1,1,765,1,2,2,1,2,1,1,-0.7452,253.667,0.37,583.5099,625.5232,626.3894,1,5,2
4610215,435.64751,546.2154,1,1,15,12.51743,11.04872,8.60159,7.57539,8.17383,10.15325,1,2,765,1,2,2,1,2,1,1,-0.7452,253.667,0.69,521.9738,624.7289,603.0772,1,4,2
4610111,613.5821,643.16754,1,1,14.666666666666666,12.51743,8.81989,8.93041,6.97345,9.39344,7.85736,1,2,765,1,2,2,1,2,1,1,-0.7452,253.667,0.52,542.7715,661.0288,559.6233,1,5,2
4610123,597.55583,576.17328,1,1,15.25,14.01827,11.04872,9.965,7.57539,10.54867,9.15641,1,2,765,1,2,2,1,2,1,1,-0.7452,253.667,-0.12,529.1401,512.7311,471.5964,1,5,2
4610115,575.10354,600.23575,2,1,14.75,11.64917,13.03951,10.80246,11.01771,10.54867,9.6346,1,2,765,1,2,2,1,2,1,1,-0.7452,253.667,-0.01,560.1418,526.2983,563.9127,1,5,2
4610209,535.96966,613.63629,1,1,14.833333333333334,10.92551,9.62932,8.60159,7.2741,8.17383,7.85736,2,2,765,1,2,2,1,2,1,1,-0.7452,253.667,-0.07,476.1723,570.7158,525.6807,1,4,2
4610219,465.02593,481.15863,1,1,14.5,11.64917,13.03951,8.26761,6.97345,7.89169,9.15641,1,2,765,1,2,2,1,2,1,1,-0.7452,253.667,0.67,535.4494,539.3405,544.2372,1,4,2
4610220,568.6983,550.35967,1,1,14.916666666666666,11.64917,10.19817,8.60159,8.20673,9.16491,8.70884,1,2,765,1,2,2,1,2,1,1,-0.7452,253.667,0.38,591.4551,555.3856,599.627,1,4,2
4610122,548.98114,555.12828,2,1,14.583333333333334,12.51743,11.04872,9.965,11.01771,9.61942,9.6346,1,1,765,1,2,2,1,2,1,1,-0.7452,253.667,0.72,458.4904,461.02,481.947,1,5,2
4610227,675.44871,563.86997,1,1,14.666666666666666,11.64917,8.48873,9.60333,8.55351,11.70269,8.27843,1,3,765,1,2,2,1,2,1,1,-0.7452,253.667,0.41,540.902,553.5587,541.7195,1,4,2
4610120,560.1517,549.80233,1,1,15.083333333333334,11.64917,11.04872,8.26761,8.92971,8.15369,6.47491,1,3,765,1,2,2,1,2,1,1,-0.7452,253.667,0,527.5822,506.1384,504.5132,1,5,2
4610216,634.45291,582.31255,1,1,15,12.21628,10.19817,11.33851,8.55351,11.37095,9.6346,NA,1,765,1,2,2,1,2,1,1,-0.7452,253.667,0.69,592.935,632.4337,660.705,1,4,2
4610105,657.73873,718.4449,1,1,14.916666666666666,12.51743,7.91394,8.60159,7.2741,9.84519,9.6346,2,2,765,1,2,2,1,2,1,1,-0.7452,253.667,0.26,569.8006,652.5297,589.0899,1,5,2
4610223,575.99573,513.24069,1,1,14.666666666666666,12.51743,9.18945,9.26151,8.20673,9.61942,9.15641,1,2,765,1,2,2,1,2,1,1,-0.7452,253.667,0.64,556.4029,584.219,576.9675,1,4,2
4610204,385.17961,437.9701,1,1,14.583333333333334,11.64917,9.18945,5.03748,5.96004,3.17837,5.01998,1,NA,765,1,2,2,1,2,1,1,-0.7452,253.667,0.78,410.8973,424.5627,438.0269,1,4,2
4610130,554.3877,572.88466,1,1,14.416666666666666,12.51743,13.03951,10.80246,9.81093,13.14698,11.44903,2,3,765,1,2,2,1,2,1,1,-0.7452,253.667,0.44,467.604,463.2456,463.8568,1,5,2
4610201,492.77215,528.63938,1,1,14.583333333333334,9.60097,8.81989,8.26761,8.55351,7.24499,6.97717,3,1,765,1,2,2,1,2,1,1,-0.7452,253.667,-0.71,486.1427,561.184,516.3558,1,4,2
4610214,625.51512,573.79028,2,1,14.75,11.17406,13.03951,9.60333,11.9425,9.61942,7.85736,NA,2,765,1,2,2,1,2,1,1,-0.7452,253.667,0.43,542.4599,555.4891,530.5297,1,4,2
4610225,560.67997,546.44901,1,1,14.5,10.92551,13.03951,13.46507,9.81093,12.34486,12.42205,1,1,765,1,2,2,1,2,1,1,-0.7452,253.667,0.37,532.9568,560.1514,576.9675,1,4,2
4610202,553.51942,524.80444,2,1,14.833333333333334,14.01827,8.81989,8.93041,8.55351,8.43911,8.70884,1,2,765,1,2,2,1,2,1,1,-0.7452,253.667,0.89,528.2832,441.0515,546.009,1,4,2
3810101,610.7615,612.25341,2,1,14.583333333333334,14.01827,10.19817,9.965,8.92971,11.37095,10.74331,1,2,728,1,2,1,1,1,1,3,-0.0892,252,1.17,586.7035,592.539,509.5487,1,NA,2
3810124,576.55105,613.05396,1,1,15.083333333333334,12.21628,9.62932,7.91186,6.33324,9.61942,8.70884,NA,1,728,1,2,1,1,1,1,3,-0.0892,252,-0.05,463.3977,602.1704,484.6512,1,NA,2
3810103,632.88741,616.55306,1,1,14.916666666666666,14.01827,10.19817,8.60159,11.01771,9.16491,8.70884,1,1,728,1,2,1,1,1,1,3,-0.0892,252,0.82,543.9399,585.8077,526.6132,1,NA,2
3810115,607.56167,606.50879,2,2,15.333333333333334,10.92551,7.38476,9.26151,13.70742,12.08627,8.27843,1,2,728,1,2,1,1,1,1,3,-0.0892,252,0.18,637.3345,599.7565,620.5147,1,NA,2
3810116,644.6049,551.40441,1,1,15.25,12.51743,10.19817,9.965,10.35139,10.07332,9.6346,1,2,728,1,2,1,1,1,1,3,-0.0892,252,0.51,613.499,606.142,585.4532,1,NA,2
3810120,510.06068,450.8888,1,1,15.166666666666666,12.51743,9.62932,9.26151,7.57539,10.07332,8.70884,1,2,728,1,2,1,1,1,1,3,-0.0892,252,0.44,563.4133,546.6482,505.8187,1,NA,2
3810122,660.66726,671.74843,2,1,15.083333333333334,14.01827,8.81989,9.965,9.34439,13.14698,10.74331,1,2,728,1,2,1,1,1,1,3,-0.0892,252,0.29,595.194,580.8306,576.9675,1,NA,2
3810117,618.95167,611.54516,2,2,14.416666666666666,14.01827,8.19852,8.60159,7.57539,8.17383,9.15641,1,2,728,1,2,1,1,1,1,3,-0.0892,252,0.99,600.8023,539.9314,611.4696,1,NA,2
3810106,503.21868,504.60833,1,1,14.833333333333334,10.92551,10.19817,11.33851,10.35139,10.07332,10.74331,2,2,728,1,2,1,1,1,1,3,-0.0892,252,-0.24,515.8981,547.4425,476.9116,1,NA,2
3810104,594.82886,538.04764,1,1,14.666666666666666,14.01827,8.81989,13.46507,11.9425,12.08627,12.42205,1,2,728,1,2,1,1,1,1,3,-0.0892,252,0.44,520.9612,576.0376,512.9989,1,NA,2
3810110,581.5176,624.11667,2,1,15,14.01827,11.04872,10.35777,7.88323,9.39344,9.15641,1,2,728,1,2,1,1,1,1,3,-0.0892,252,0.3,571.1248,550.1161,564.6587,1,NA,2
3810112,665.99405,674.94289,2,2,14.75,14.01827,11.04872,13.46507,11.01771,11.70269,10.74331,1,2,728,1,2,1,1,1,1,3,-0.0892,252,0.65,617.3158,545.545,569.5076,1,NA,2
3810114,537.43784,518.10598,2,1,14.583333333333334,14.01827,13.03951,11.33851,11.9425,15.81948,11.44903,1,1,728,1,2,1,1,1,1,3,-0.0892,252,0.6,504.2141,475.5352,440.1716,1,NA,2
3810119,574.08151,645.37138,2,1,15.166666666666666,10.25396,6.53455,7.03246,8.55351,7.89169,9.15641,2,1,728,1,2,1,1,1,1,3,-0.0892,252,-0.11,576.5773,526.0577,573.2376,1,NA,2
3810118,620.89036,477.42396,1,1,14.666666666666666,11.64917,8.48873,10.80246,8.20673,10.54867,10.74331,1,2,728,1,2,1,1,1,1,3,-0.0892,252,1.1,519.4033,513.2871,494.3491,1,NA,2
3810107,566.46464,625.54821,1,1,15.166666666666666,14.01827,8.81989,8.93041,7.88323,7.89169,7.42878,1,1,728,1,2,1,1,1,1,3,-0.0892,252,0.56,586.0804,575.7993,578.0865,1,NA,2
3810105,486.01362,562.16434,1,1,15,12.51743,7.6477,5.03748,8.55351,6.39359,6.97717,1,3,728,1,2,1,1,1,1,3,-0.0892,252,0.08,581.251,557.7685,515.4233,1,NA,2
3810102,619.52766,586.66752,2,1,14.833333333333334,12.51743,11.04872,11.33851,10.35139,11.07454,10.15325,1,1,728,1,2,1,1,1,1,3,-0.0892,252,1.03,562.868,507.5328,574.2633,1,NA,2
3810113,549.38584,613.39733,2,1,15,14.01827,10.19817,11.33851,13.70742,9.61942,10.74331,1,2,728,1,2,1,1,1,1,3,-0.0892,252,0.8,639.0481,615.7152,609.5114,1,NA,2
4730116,492.64657,528.23829,1,1,14.666666666666666,11.64917,13.03951,9.26151,7.88323,7.58514,9.6346,1,1,1159,2,1,3,3,2,1,1,-0.256,172.167,0.72,507.4856,556.4182,541.533,2,5,2
4730123,599.93866,568.52761,1,2,14.916666666666666,10.92551,13.03951,9.60333,7.2741,11.37095,10.15325,1,3,1159,2,1,3,3,2,1,1,-0.256,172.167,0.51,541.5252,549.8254,526.6132,2,5,2
4730125,575.66589,548.41269,1,1,14.083333333333334,11.64917,13.03951,7.51389,4.82293,10.07332,8.27843,1,2,1159,2,1,3,3,2,1,1,-0.256,172.167,1.09,540.1231,609.1604,550.1119,2,5,2
4730113,533.88606,640.00429,1,1,14.75,10.92551,9.62932,9.26151,6.66537,9.16491,9.6346,2,2,1159,2,1,3,3,2,1,1,-0.256,172.167,-0.55,579.6152,627.1118,618.9295,2,5,2
4730117,580.29848,581.2725,1,1,14.583333333333334,12.51743,13.03951,10.35777,7.57539,11.07454,12.42205,1,1,1159,2,1,3,3,2,1,1,-0.256,172.167,0.57,516.7549,579.056,580.6043,2,5,2
4730105,558.17334,584.47579,1,1,14.583333333333334,12.51743,9.62932,9.60333,11.01771,9.61942,10.74331,1,1,1159,2,1,3,3,2,1,1,-0.256,172.167,-0.53,540.8241,576.832,521.298,2,5,2
4730103,595.57133,567.58544,1,1,14.916666666666666,12.51743,11.04872,10.35777,9.34439,10.54867,12.42205,1,2,1159,2,1,3,3,2,1,1,-0.256,172.167,1.16,562.0112,576.2759,549.9254,2,5,2
4730102,570.10157,530.78201,1,1,15,9.60097,13.03951,10.80246,11.9425,11.07454,11.44903,4,2,1159,2,1,3,3,2,1,1,-0.256,172.167,0.26,563.1017,577.5468,521.9508,2,5,2
4730104,519.41411,526.22496,1,1,14.666666666666666,10.92551,10.19817,11.33851,8.20673,9.61942,11.44903,2,2,1159,2,1,3,3,2,1,1,-0.256,172.167,-0.49,511.3024,536.1633,496.6803,2,5,2
4730114,613.14958,512.90136,1,1,15.25,10.25396,9.62932,10.35777,8.20673,8.93142,11.44903,3,2,1159,2,1,3,3,2,1,1,-0.256,172.167,0.34,475.3155,500.5782,480.7348,2,5,2
4730118,520.65737,615.32424,1,1,14.583333333333334,10.92551,13.03951,10.80246,8.92971,9.16491,12.42205,1,2,1159,2,1,3,3,2,1,1,-0.256,172.167,-0.36,527.5822,564.123,539.9478,2,5,2
4740212,435.02683,401.08811,2,1,14.75,14.01827,11.04872,11.33851,8.92971,10.54867,10.74331,1,2,366,4,1,1,2,3,2,2,-0.4184,120.667,0.6,341.8056,344.0162,357.2734,1,5,2
4740216,484.84455,521.31604,1,1,15.416666666666666,11.17406,8.48873,12.07123,8.92971,11.07454,11.44903,NA,3,366,4,1,1,2,3,2,2,-0.4184,120.667,0.38,503.2793,478.5758,525.6807,1,5,2
4740217,539.32893,532.0968,1,2,14.416666666666666,10.92551,11.04872,9.60333,7.57539,10.07332,8.27843,1,2,366,4,1,1,2,3,2,2,-0.4184,120.667,-0.19,442.6001,484.692,518.9668,1,5,2
4740213,435.22248,430.70567,2,1,14.666666666666666,10.25396,8.19852,9.26151,10.35139,10.07332,10.74331,2,1,366,4,1,1,2,3,2,2,-0.4184,120.667,-0.3,376.3904,320.7598,434.2969,1,5,2
4740204,531.88547,544.50038,1,1,15.083333333333334,10.92551,13.03951,13.46507,8.20673,11.37095,12.42205,1,2,366,4,1,1,2,3,2,2,-0.4184,120.667,-0.76,374.0536,383.8146,406.1358,1,5,2
3560315,681.01952000000006,655.25055,1,1,14.75,10.25396,9.18945,9.60333,9.34439,10.54867,9.6346,2,3,756,3,1,2,3,3,3,2,1.1595,145.091,-0.46,586.0025,646.7312,659.3062,1,4,2
3560316,517.27363,531.70062,1,2,15.333333333333334,11.64917,10.19817,10.80246,8.55351,9.61942,9.15641,1,1,756,3,1,2,3,3,3,2,1.1595,145.091,0.43,403.6532,431.3938,458.2618,1,4,2
3560308,628.56612,593.58595,1,1,15.083333333333334,14.01827,9.62932,9.965,9.34439,11.07454,7.85736,1,2,756,3,1,2,3,3,3,2,1.1595,145.091,0.76,586.0804,571.8278,607.9261,1,4,2
3560306,600.27676,629.50983,1,1,14.5,11.64917,10.19817,10.35777,10.35139,10.30668,10.74331,1,3,756,3,1,2,3,3,3,2,1.1595,145.091,0.06,512.7045,499.7839,562.9802,1,4,2
3570219,513.21033,531.26188,1,1,15.333333333333334,10.25396,13.03951,11.33851,11.01771,10.30668,11.44903,2,2,522,2,1,2,4,3,3,2,-0.5803,146.5,0.36,473.6797,480.1644,524.7482,1,3,2
3570225,547.74537,549.5756,1,1,14.833333333333334,10.25396,13.03951,9.965,8.92971,10.30668,11.44903,2,2,522,2,1,2,4,3,3,2,-0.5803,146.5,-0.22,490.1153,506.0589,467.5867,1,3,2
3570226,466.9063,522.41272,2,1,14.75,10.92551,13.03951,13.46507,13.70742,9.16491,10.15325,2,2,522,2,1,2,4,3,3,2,-0.5803,146.5,0.55,492.7637,499.5133,457.7023,1,3,2
3570223,487.97968,486.7483,1,2,14.583333333333334,10.92551,13.03951,9.965,7.88323,10.54867,10.15325,2,2,522,2,1,2,4,3,3,2,-0.5803,146.5,-0.36,521.4286,637.835,531.1824,1,3,2
3570222,507.27863,574.73999,1,1,14.916666666666666,10.25396,8.48873,12.07123,7.88323,9.84519,10.74331,2,1,522,2,1,2,4,3,3,2,-0.5803,146.5,-0.5,580.7057,601.6939,570.4401,1,3,2
3570227,598.06377,636.77699,2,1,14.416666666666666,9.60097,8.48873,9.965,9.81093,11.37095,10.74331,3,1,522,2,1,2,4,3,3,2,-0.5803,146.5,0.28,469.9408,534.3177,535.9381,1,3,2
3570214,576.5782,579.608,1,2,15.25,10.92551,11.04872,11.33851,7.88323,12.54869,10.74331,2,2,522,2,1,2,4,3,3,2,-0.5803,146.5,0.11,485.1301,516.4644,564.2857,1,3,2
4750317,456.51251,543.34216,1,1,14.916666666666666,10.92551,9.18945,7.91186,8.20673,7.89169,6.47491,3,2,588,4,6,1,4,2,3,2,-1.5162,NA,0.04,452.8042,473.8099,529.4107,1,3,2
4750316,589.47604,597.5299,1,1,14.333333333333334,9.60097,10.19817,9.965,11.9425,10.54867,9.6346,3,2,588,4,6,1,4,2,3,2,-1.5162,NA,-0.4,594.0255,618.0566,649.7949,1,3,2
4750312,361.9291,382.36828,1,1,14.833333333333334,11.17406,9.18945,11.33851,11.9425,7.89169,7.85736,NA,3,588,4,6,1,4,2,3,2,-1.5162,NA,NA,356.3717,358.635,390.47,1,3,2
4750318,438.7527,373.41426,1,1,13.833333333333334,8.19314,13.03951,11.33851,11.01771,7.89169,9.15641,3,3,588,4,6,1,4,2,3,2,-1.5162,NA,-0.41,285.7221,309.9438,366.5983,1,3,2
4750310,483.16464,483.13224,2,1,13.666666666666666,11.64917,9.62932,10.35777,11.01771,10.07332,9.6346,1,1,588,4,6,1,4,2,3,2,-1.5162,NA,0.48,429.3582,453.0807,572.1186,1,3,2
4270313,508.54378,532.44487,1,1,14.083333333333334,11.64917,7.6477,8.60159,11.01771,8.43911,7.85736,1,2,618,1,4,3,2,2,1,1,-0.9168,170,0.43,431.2276,479.8467,428.7952,2,5,2
4270317,594.50919,589.17294,2,1,13.666666666666666,11.17406,11.04872,13.46507,13.70742,11.70269,11.44903,NA,2,618,1,4,3,2,2,1,1,-0.9168,170,-0.47,560.2197,454.6846,443.6218,2,5,2
4270319,560.09438,568.73504,1,2,14.5,11.64917,5.55854,8.26761,8.20673,6.85613,7.42878,1,2,618,1,4,3,2,2,1,1,-0.9168,170,0.51,519.0918,520.1976,542.652,2,5,2
4270312,521.61303,512.72896,1,1,14.083333333333334,12.51743,11.04872,9.26151,9.34439,9.9575,10.74331,1,2,618,1,4,3,2,2,1,1,-0.9168,170,1.1,536.8515,502.0874,514.2111,2,5,2
4270315,626.23234,668.58955,2,2,14.833333333333334,11.64917,8.19852,10.80246,11.01771,9.16491,8.70884,1,1,618,1,4,3,2,2,1,1,-0.9168,170,0.13,506.1614,489.1682,452.3872,2,5,2
3900105,536.97314,524.62375,1,1,13.916666666666666,11.64917,11.04872,10.35777,8.92971,8.43911,14.34298,1,2,807,1,1,3,3,3,2,1,0.0872,102.5,0.66,519.4033,537.1164,478.4968,3,5,2
3900127,566.07491,585.08267,1,1,14.916666666666666,12.51743,13.03951,8.93041,8.55351,7.89169,8.70884,1,2,807,1,1,3,3,3,2,1,0.0872,102.5,0.89,553.365,511.5397,528.3849,3,5,2
3900120,620.48343,562.72954,1,1,13.833333333333334,11.64917,8.81989,7.03246,6.33324,7.89169,7.42878,1,1,807,1,1,3,3,3,2,1,0.0872,102.5,0.66,508.8098,529.9677,450.1492,3,5,2
3900112,615.46447,636.7771,2,1,15.083333333333334,12.51743,10.19817,9.60333,9.81093,9.84519,8.70884,1,1,807,1,1,3,3,3,2,1,0.0872,102.5,0.51,537.8642,490.2108,554.5878,3,5,2
3900126,449.51475,474.82198,1,1,14.5,11.64917,7.6477,7.91186,6.97345,7.58514,8.27843,1,2,807,1,1,3,3,3,2,1,0.0872,102.5,0.57,463.0862,475.3985,464.1365,3,5,2
3700118,600.02592,578.61923,1,1,15.083333333333334,9.60097,11.04872,9.965,7.88323,13.14698,11.44903,3,2,899,3,1,1,4,2,3,2,-0.256,206,-0.58,484.8185,484.5331,506.9377,1,5,2
3700124,616.81242,600.18916,1,1,15.25,9.60097,11.04872,8.60159,9.34439,11.70269,9.15641,2,2,899,3,1,1,4,2,3,2,-0.256,206,-0.84,488.2458,536.3221,499.9441,1,5,2
3700102,499.74566,521.43955,1,1,15.083333333333334,9.60097,10.19817,8.93041,9.81093,7.24499,7.42878,2,2,899,3,1,1,4,2,3,2,-0.256,206,-0.5,420.0109,477.5432,488.1947,1,5,2
3700107,559.53336,483.49962,1,1,14.583333333333334,10.25396,9.18945,9.26151,7.88323,9.61942,8.70884,2,2,899,3,1,1,4,2,3,2,-0.256,206,-0.49,486.2206,533.0655,517.0086,1,5,2
3700103,538.01316,566.64904,1,1,14.833333333333334,10.92551,9.62932,8.26761,8.92971,9.16491,9.6346,1,NA,899,3,1,1,4,2,3,2,-0.256,206,-0.56,492.2184,506.0589,548.0604,1,5,2
3700111,576.40546,520.92684,2,1,14.416666666666666,10.25396,9.62932,10.35777,9.81093,9.16491,9.15641,1,2,899,3,1,1,4,2,3,2,-0.256,206,0.18,523.6096,469.1196,507.031,1,5,2
3700109,538.4564,554.64426,2,1,15.166666666666666,9.60097,9.18945,9.60333,6.97345,10.56797,8.70884,2,3,899,3,1,1,4,2,3,2,-0.256,206,0.26,543.1609,500.6361,543.398,1,5,2
3690114,575.05426,527.96857,2,1,14.5,8.19314,10.19817,10.35777,9.34439,9.16491,9.15641,4,2,202,3,1,3,4,NA,3,2,-0.5803,119.333,0.1,484.7406,437.8438,446.699,1,5,2
3690125,636.81384,601.28246,2,1,14.583333333333334,9.60097,8.48873,9.60333,9.81093,8.69047,7.85736,3,2,202,3,1,3,4,NA,3,2,-0.5803,119.333,-1.05,457.5557,440.811,470.8504,1,5,2
3690120,583.88825,570.7285,2,1,15.166666666666666,8.74681,9.62932,9.26151,11.01771,8.43911,8.27843,NA,1,202,3,1,3,4,NA,3,2,-0.5803,119.333,-0.17,481.6249,445.8632,427.4897,1,5,2
3690122,573.64329,533.17351,2,1,14.666666666666666,11.17406,9.62932,9.26151,10.35139,9.16491,7.42878,NA,1,202,3,1,3,4,NA,3,2,-0.5803,119.333,0.1,528.9843,481.3894,537.8031,1,5,2
3690127,647.40025,555.50701,1,1,14.916666666666666,9.60097,13.03951,11.33851,13.70742,11.37095,10.74331,2,1,202,3,1,3,4,NA,3,2,-0.5803,119.333,-0.66,498.6836,491.8408,483.5323,1,5,2
3690107,627.20442,618.86709,2,1,14.416666666666666,13.71571,9.62932,9.60333,8.92971,9.16491,8.70884,NA,1,202,3,1,3,4,NA,3,2,-0.5803,119.333,0.42,480.067,471.5254,450.8019,1,5,2
3690106,572.86842,687.13774,1,1,15.166666666666666,14.01827,6.53455,9.26151,9.81093,4.94405,9.6346,1,1,202,3,1,3,4,NA,3,2,-0.5803,119.333,-0.02,391.1902,398.9065,407.2548,1,5,2
3690105,552.32086,621.62314,1,1,15.5,8.91919,13.03951,9.60333,9.34439,9.84519,10.15325,4,1,202,3,1,3,4,NA,3,2,-0.5803,119.333,-1.2,519.4033,588.7466,525.1212,1,5,2
3690102,532.68045,495.84264,2,1,14.75,11.64917,8.48873,9.965,10.35139,10.30668,8.70884,1,2,202,3,1,3,4,NA,3,2,-0.5803,119.333,0.49,355.3591,332.7088,364.0806,1,5,2
3690103,615.92168,601.96015,1,1,15.416666666666666,12.51743,13.03951,9.965,9.81093,8.93142,10.15325,2,2,202,3,1,3,4,NA,3,2,-0.5803,119.333,-0.16,561.3102,452.0458,477.2846,1,5,2
3690111,623.8865,591.88872,1,1,15,10.92551,13.03951,10.80246,11.9425,10.54867,12.42205,2,1,202,3,1,3,4,NA,3,2,-0.5803,119.333,0.86,524.9338,526.711,514.4909,1,5,2
3690117,561.29618,519.08525,2,1,15,8.74681,9.62932,9.965,11.01771,8.93142,8.70884,NA,1,202,3,1,3,4,NA,3,2,-0.5803,119.333,0.03,384.2577,350.6723,331.7232,1,5,2
3690124,657.32744,617.29491,1,1,14.25,11.64917,13.03951,10.35777,11.01771,10.80346,10.74331,1,1,202,3,1,3,4,NA,3,2,-0.5803,119.333,0.45,547.8346,510.9042,538.4558,1,5,2
3690121,677.85366,667.47835,2,1,15.333333333333334,8.74681,7.6477,12.07123,11.9425,11.07454,10.15325,NA,1,202,3,1,3,4,NA,3,2,-0.5803,119.333,-0.75,494.1658,418.3565,475.5129,1,5,2
3700115,626.71212,635.41102,2,2,15.083333333333334,13.71571,10.19817,10.80246,11.01771,11.16152,10.15325,NA,1,899,3,1,1,4,2,3,2,-0.256,206,-0.3,446.4948,371.2823,499.3846,1,5,2
3700121,530.485,509.39418,2,1,15.166666666666666,10.04151,8.48873,9.60333,11.01771,8.43911,10.15325,NA,1,899,3,1,1,4,2,3,2,-0.256,206,-0.62,419.5435,432.1499,488.4744,1,5,2
3700119,642.35358,680.98222,2,1,15.083333333333334,12.51743,9.18945,8.93041,10.35139,11.70269,8.27843,1,2,899,3,1,1,4,2,3,2,-0.256,206,0.68,475.3934,359.2531,515.7031,1,5,2
3700108,544.62935,601.41001000000006,2,1,15.25,11.17406,10.19817,8.60159,9.34439,8.93142,7.42878,NA,1,899,3,1,1,4,2,3,2,-0.256,206,-1.57,517.6897,489.088,560.276,1,5,2
3190318,556.68271,542.50582,2,1,14.583333333333334,10.25396,10.19817,10.35777,10.35139,9.61942,9.15641,3,1,1079,3,2,1,3,3,3,1,-0.9812,148.857,0.39,485.4417,356.7671,448.0045,1,3,2
3190106,562.97118,545.57819,1,1,14.5,11.64917,13.03951,13.46507,13.70742,12.54869,12.42205,1,2,1079,3,2,1,3,3,3,1,-0.9812,148.857,0.21,507.953,608.8427,606.8072,1,3,2
3190311,562.04078,524.71672,2,1,15.166666666666666,10.92551,11.04872,10.35777,11.9425,10.30668,10.74331,1,1,1079,3,2,1,3,3,3,1,-0.9812,148.857,0.46,527.66010000000006,467.2751,496.0276,1,3,2
3190110,575.23315,576.44006,1,1,15,9.60097,11.04872,9.60333,7.88323,9.16491,10.15325,2,2,1079,3,2,1,3,3,3,1,-0.9812,148.857,-0.39,479.3659,551.2552,544.2372,1,3,2
3190102,560.67874,551.09868,1,1,14.5,10.92551,9.62932,13.46507,13.70742,11.37095,12.42205,1,3,1079,3,2,1,3,3,3,1,-0.9812,148.857,0.34,501.4878,502.9611,470.1044,1,3,2
3190123,500.50579,517.13674,2,1,14.5,10.92551,13.03951,9.965,8.92971,9.16491,8.70884,3,2,1079,3,2,1,3,3,3,1,-0.9812,148.857,-0.1,514.4181,508.2545,522.79,1,3,2
3190126,669.32963,635.13268,2,1,14.5,12.51743,11.04872,9.965,9.81093,11.70269,9.6346,1,2,1079,3,2,1,3,3,3,1,-0.9812,148.857,0.37,639.6713,601.3604,619.5822,1,3,2
3190117,685.7997,611.12257,2,1,15.25,10.92551,9.18945,9.60333,8.92971,11.70269,10.15325,2,2,1079,3,2,1,3,3,3,1,-0.9812,148.857,-0.14,560.2976,564.5511,629.8396,1,3,2
3190119,600.08123,573.43938,2,2,14.916666666666666,12.51743,10.19817,13.46507,11.9425,14.02271,12.42205,1,2,1079,3,2,1,3,3,3,1,-0.9812,148.857,0.42,539.1105,563.9897,614.2671,1,3,2
3190101,615.11519,668.22839,2,1,15.083333333333334,11.64917,11.04872,12.07123,8.55351,12.54869,10.74331,1,3,1079,3,2,1,3,3,3,1,-0.9812,148.857,0.29,574.3184,551.9605,578.8325,1,3,2
3190116,576.72088,612.7719,2,1,14.333333333333334,14.01827,11.04872,10.35777,8.55351,10.54867,9.6346,1,1,1079,3,2,1,3,3,3,1,-0.9812,148.857,1.45,529.0622,550.918,594.6848,1,3,2
3190301,670.61311,663.49589,2,1,14.916666666666666,11.64917,9.62932,9.60333,8.92971,9.61942,8.27843,1,2,1079,3,2,1,3,3,3,1,-0.9812,148.857,0.25,606.7222,533.997,535.9381,1,3,2
3190115,497.17099,550.75215,1,1,14.333333333333334,11.64917,13.03951,10.80246,11.01771,10.54867,14.34298,2,2,1079,3,2,1,3,3,3,1,-0.9812,148.857,0.18,518.6244,569.6832,546.5684,1,3,2
3190323,609.07521,567.2617,1,1,14.333333333333334,12.51743,9.62932,11.33851,9.34439,11.70269,10.15325,1,1,1079,3,2,1,3,3,3,1,-0.9812,148.857,0.37,564.9712,578.4206,570.1604,1,3,2
3190122,554.33217,523.33918,2,1,15,11.64917,13.03951,9.965,10.35139,9.16491,8.70884,1,2,1079,3,2,1,3,3,3,1,-0.9812,148.857,0.57,530.8537,561.5839,596.5498,1,3,2
3190109,531.91173,568.74005,1,1,14.916666666666666,10.25396,13.03951,9.26151,8.20673,8.17383,9.6346,4,1,1079,3,2,1,3,3,3,1,-0.9812,148.857,0.1,452.96,607.254,562.9802,1,3,2
3190111,617.56406,555.84274,1,1,14.75,14.01827,11.04872,10.35777,8.55351,10.30668,10.15325,1,2,1079,3,2,1,3,3,3,1,-0.9812,148.857,0.44,579.771,553.797,613.6143,1,3,2
3190127,570.19989,559.97731,1,1,14.25,11.64917,11.04872,8.93041,8.20673,11.07454,9.15641,1,2,1079,3,2,1,3,3,3,1,-0.9812,148.857,NA,415.6489,356.7286,410.1455,1,3,2
3190105,437.82542,433.17279,1,1,15.333333333333334,9.60097,13.03951,11.33851,6.66537,9.16491,10.74331,3,2,1079,3,2,1,3,3,3,1,-0.9812,148.857,-0.4,413.9352,458.2415,458.7281,1,3,2
3190118,481.814,538.16111,1,1,15.083333333333334,12.51743,10.19817,9.965,7.88323,9.61942,10.74331,1,3,1079,3,2,1,3,3,3,1,-0.9812,148.857,0.2,398.3564,520.1976,485.7702,1,3,2
3190124,612.21459,600.30166,1,1,14.75,14.01827,9.62932,11.33851,11.01771,10.80346,11.44903,1,3,1079,3,2,1,3,3,3,1,-0.9812,148.857,0.99,454.3621,448.948,516.6356,1,3,2
3200219,631.41677,583.35194,1,1,15.166666666666666,11.64917,8.48873,9.26151,6.33324,9.39344,9.15641,1,2,581,2,2,1,3,1,2,2,-0.4184,186,0.51,551.7292,545.8539,584.1477,1,3,2
3200202,585.39576,612.25286,1,1,14.666666666666666,11.64917,9.62932,9.965,9.81093,12.54869,9.6346,1,2,581,2,2,1,3,1,2,2,-0.4184,186,0.97,522.3633,619.6453,514.5841,1,3,2
3200201,597.32242,567.75663,1,1,14.916666666666666,14.01827,7.6477,12.07123,11.9425,11.70269,11.44903,1,2,581,2,2,1,3,1,2,2,-0.4184,186,1.17,496.3468,484.6125,541.2533,1,3,2
3200207,549.37545,593.04716,2,1,15.333333333333334,12.51743,11.04872,10.35777,11.9425,9.16491,9.6346,1,2,581,2,2,1,3,1,2,2,-0.4184,186,1.13,454.4399,441.6129,495.0951,1,3,2
3200214,572.23266,563.15922,1,1,15.25,11.64917,9.18945,8.93041,10.35139,9.16491,10.15325,1,1,581,2,2,1,3,1,2,2,-0.4184,186,0.27,419.232,449.6629,464.7893,1,3,2
3200211,493.44099,476.01467,1,1,14.583333333333334,9.60097,7.38476,8.60159,9.34439,8.69047,9.6346,3,2,581,2,2,1,3,1,2,2,-0.4184,186,-0.61,491.1279,461.8953,419.3771,1,3,2
3200208,553.82848,535.70676,1,2,14.916666666666666,9.60097,8.81989,13.46507,13.70742,10.30668,11.44903,3,2,581,2,2,1,3,1,2,2,-0.4184,186,-0.39,553.9103,480.1644,535.0056,1,3,2
3200220,622.6334,681.94905,2,1,14.5,10.92551,10.19817,10.35777,11.01771,11.07454,10.74331,2,1,581,2,2,1,3,1,2,2,-0.4184,186,-0.47,495.7236,571.528,589.2764,1,3,2
3200222,603.57044,633.97609,1,1,14.583333333333334,10.92551,7.91394,8.93041,10.35139,8.43911,9.15641,2,1,581,2,2,1,3,1,2,2,-0.4184,186,0.43,522.0517,554.5913,584.241,1,3,4
3200203,514.28901,473.45601,2,1,15.75,12.51743,10.19817,11.33851,11.9425,9.61942,9.15641,1,2,581,2,2,1,3,1,2,2,-0.4184,186,0.43,458.2567,487.003,533.1406,1,3,2
3200210,587.75546,514.41713,2,1,14.666666666666666,11.64917,9.62932,8.93041,10.35139,10.30668,10.15325,1,2,581,2,2,1,3,1,2,2,-0.4184,186,0.78,559.207,544.4223,561.1153,1,3,2
3200215,543.43827,595.99917,2,1,15.25,11.64917,9.18945,9.60333,7.88323,11.07454,10.15325,1,1,581,2,2,1,3,1,2,2,-0.4184,186,0.22,504.4477,497.9094,525.774,1,3,2
3200212,537.1727,535.0451,2,1,15.083333333333334,10.25396,7.91394,9.60333,7.88323,9.84519,10.74331,1,1,581,2,2,1,3,1,2,2,-0.4184,186,0.73,479.3659,452.1184,506.0052,1,3,2
3200216,571.17063,642.13818,2,1,14.75,12.51743,9.62932,10.35777,9.81093,11.07454,8.70884,2,2,581,2,2,1,3,1,2,2,-0.4184,186,0.21,502.6562,499.8341,516.3558,1,3,2
3200213,536.67481,577.02729,1,2,14.583333333333334,14.01827,9.62932,11.33851,8.92971,11.07454,10.74331,1,1,581,2,2,1,3,1,2,2,-0.4184,186,0.76,504.993,537.1164,511.9731,1,3,2
3200221,531.21809,487.55998,1,1,14.583333333333334,10.92551,9.62932,8.26761,11.01771,9.39344,9.15641,2,1,581,2,2,1,3,1,2,2,-0.4184,186,-0.69,441.7433,500.0222,415.6471,1,3,4
3200218,483.58878,506.0018,1,1,14.75,10.92551,13.03951,10.80246,9.81093,9.84519,10.15325,2,1,581,2,2,1,3,1,2,2,-0.4184,186,0.27,473.7576,492.6351,508.8959,1,3,2
3260206,627.94063,652.19608,2,2,14.166666666666666,12.51743,11.04872,11.33851,9.81093,11.70269,12.42205,1,1,687,2,1,2,2,2,3,1,-0.4184,329.5,1.14,645.6691,563.6689,558.3178,1,3,2
3260208,611.68017,540.24209,1,1,14.416666666666666,10.92551,9.62932,10.80246,7.88323,15.81948,12.42205,1,1,687,2,1,2,2,2,3,1,-0.4184,329.5,0.57,707.5946,618.7715,658.0007,1,3,2
3260211,572.21288,531.87236,2,1,14.75,10.92551,9.62932,10.80246,11.01771,9.61942,12.13873,1,2,687,2,1,2,2,2,3,1,-0.4184,329.5,0.12,483.1048,375.2118,476.9116,1,3,2
3260212,529.3718,557.03806,2,1,14.75,14.01827,9.18945,10.35777,11.9425,12.08627,8.27843,1,3,687,2,1,2,2,2,3,1,-0.4184,329.5,0.17,523.1422,467.4355,554.6811,1,3,2
3260220,592.5038,541.06173,2,2,14.75,14.01827,13.03951,10.80246,9.81093,13.14698,10.15325,1,3,687,2,1,2,2,2,3,1,-0.4184,329.5,-0.15,557.8828,469.1196,534.8191,1,3,2
3260204,597.19258,565.01968,2,1,14.416666666666666,12.51743,13.03951,13.46507,11.9425,13.14698,12.42205,1,1,687,2,1,2,2,2,3,1,-0.4184,329.5,0.68,569.489,448.5096,553.6554,1,3,2
3260203,504.42439,477.68583,2,1,14.333333333333334,12.51743,9.62932,7.03246,9.34439,7.58514,6.47491,1,1,687,2,1,2,2,2,3,1,-0.4184,329.5,0.91,491.05,350.1912,468.9855,1,3,2
3260201,527.87346,523.90787,1,1,15.083333333333334,14.01827,13.03951,10.35777,11.01771,9.39344,9.6346,1,3,687,2,1,2,2,2,3,1,-0.4184,329.5,0.5,557.8828,540.2937,594.6848,1,3,2
3260223,571.73801,600.29118,1,1,15.083333333333334,12.51743,11.04872,9.26151,10.35139,8.43911,8.27843,1,2,687,2,1,2,2,2,3,1,-0.4184,329.5,0.68,497.2815,506.7738,492.0179,1,3,2
3260216,600.94996,561.82369,2,1,14.916666666666666,8.91919,9.62932,13.46507,11.9425,10.80346,11.44903,3,2,687,2,1,2,2,2,3,1,-0.4184,329.5,-0.06,587.4825,444.2593,519.1533,1,3,2
3260202,562.50447,580.27958,2,1,14.333333333333334,11.64917,13.03951,12.07123,9.81093,11.70269,10.74331,1,2,687,2,1,2,2,2,3,1,-0.4184,329.5,0.51,529.919,409.7757,467.5867,1,3,2
3260213,613.67193,616.70385,2,1,14.583333333333334,11.64917,8.19852,12.07123,11.01771,14.02271,12.42205,1,1,687,2,1,2,2,2,3,1,-0.4184,329.5,0.86,585.2236,461.3407,532.2081,1,3,2
3260225,551.47347,579.71307,2,2,14.75,11.64917,13.03951,10.35777,8.92971,10.07332,8.70884,1,3,687,2,1,2,2,2,3,1,-0.4184,329.5,0.33,550.8724,428.1402,481.574,1,3,2
3260205,542.09311,560.88217,2,1,14.416666666666666,11.17406,7.38476,8.60159,9.34439,9.61942,8.27843,NA,3,687,2,1,2,2,2,3,1,-0.4184,329.5,-0.26,481.547,360.857,458.3551,1,3,2
3430325,462.72512,577.0992,2,1,14.916666666666666,10.04151,11.04872,10.35777,10.35139,7.89169,10.74331,NA,1,1049,1,2,2,3,2,3,1,-0.9168,282.5,0.07,482.4817,466.5534,440.7311,1,5,2
3430114,498.0157,533.36359,1,1,15,10.92551,9.18945,8.60159,8.55351,6.85613,8.27843,3,2,1049,1,2,2,3,2,3,1,-0.9168,282.5,0.26,434.1876,454.3493,385.7143,1,5,2
3430108,511.21444,531.72615,1,1,14.75,10.92551,9.18945,9.965,10.35139,8.43911,10.15325,1,1,1049,1,2,2,3,2,3,1,-0.9168,282.5,0.03,470.7197,515.6701,530.9959,1,5,2
4670117,572.39445,576.06929,2,1,14.25,10.04151,8.81989,10.35777,11.9425,9.16491,10.15325,NA,1,991,2,3,1,3,2,3,1,-1.0989,166.5,-0.25,486.2206,400.9543,496.5871,1,3,2
4670122,536.30229,479.75207,1,1,14.25,8.91919,13.03951,13.46507,9.81093,10.80346,11.44903,2,2,991,2,3,1,3,2,3,1,-1.0989,166.5,-0.96,443.379,418.6848,408.84,1,3,2
4670118,566.75358,541.69425,2,1,14.416666666666666,10.04151,10.19817,13.46507,11.9425,10.30668,10.74331,NA,2,991,2,3,1,3,2,3,1,-1.0989,166.5,-0.55,477.4186,467.4355,484.6512,1,3,2
4670115,570.11542,575.25641,1,1,14.583333333333334,8.74681,11.04872,13.46507,10.35139,15.81948,14.34298,NA,2,991,2,3,1,3,2,3,1,-1.0989,166.5,-0.01,407.7037,424.0861,385.994,1,3,2
4670105,559.13917,480.32065,1,1,14.333333333333334,9.60097,11.04872,10.35777,9.34439,8.43911,9.6346,2,1,991,2,3,1,3,2,3,1,-1.0989,166.5,-0.51,464.644,504.788,424.972,1,3,2
4640110,603.09233,564.8164,2,3,14.083333333333334,7.30445,9.62932,9.26151,8.92971,8.43911,7.42878,NA,1,92,3,6,3,2,3,3,2,-0.5803,70,-1.3,409.2616,440.0892,482.693,1,NA,2
4640106,696.62042,710.07124,2,1,14.583333333333334,10.25396,11.04872,10.80246,11.01771,10.80346,9.6346,1,1,92,3,6,3,2,3,3,2,-0.5803,70,0.21,536.7736,558.3761,549.9254,1,NA,2
4640109,599.54167,635.33639,2,2,15.333333333333334,8.91919,13.03951,9.60333,9.34439,9.16491,8.70884,2,1,92,3,6,3,2,3,3,2,-0.5803,70,-1.21,368.8347,371.5229,395.1324,1,NA,2
4640111,645.12692,580.7648,1,1,14.416666666666666,11.64917,9.62932,9.965,10.35139,8.78043,9.15641,1,2,92,3,6,3,2,3,3,2,-0.5803,70,-0.15,443.4569,413.2041,395.4122,1,NA,2
4640108,656.18898,610.31482,1,1,13.5,8.91919,10.19817,11.33851,9.81093,10.30668,9.6346,2,2,92,3,6,3,2,3,3,2,-0.5803,70,-0.62,436.1349,519.5622,486.5162,1,NA,2
4640101,617.83143,579.56446,2,3,14.916666666666666,10.92551,9.62932,9.965,11.01771,9.61942,10.74331,1,2,92,3,6,3,2,3,3,2,-0.5803,70,0.42,428.6571,411.6201,428.702,1,NA,2
4640103,545.31382,499.98179,1,2,14.75,8.19314,10.19817,8.93041,11.9425,9.61942,10.15325,4,2,92,3,6,3,2,3,3,2,-0.5803,70,-1.39,422.3477,488.6635,474.3939,1,NA,2
4120228,546.3868,530.78572,2,2,14.333333333333334,8.19314,11.04872,10.35777,11.9425,8.69047,11.44903,4,2,1653,4,4,NA,3,3,3,2,-0.8068,187,0.09,552.5082,357.8898,496.7736,1,3,2
4170115,454.50969,533.34416,1,1,15.333333333333334,10.25396,13.03951,9.965,8.92971,10.80346,10.15325,1,3,484,1,5,3,3,2,2,2,-0.256,NA,-0.07,408.8721,377.3807,393.2674,1,4,2
4170112,561.9248,537.05505,1,1,14.5,10.25396,11.04872,10.80246,10.35139,11.07454,8.27843,2,2,484,1,5,3,3,2,2,2,-0.256,NA,-0.19,441.198,464.5959,428.8885,1,4,2
4170114,358.42838,343.81569,2,1,14.833333333333334,10.04151,8.48873,10.35777,11.9425,8.93142,9.15641,NA,2,484,1,5,3,3,2,2,2,-0.256,NA,-0.65,347.5697,315.9481,360.4439,1,4,2
4170113,411.15944,330.1762,2,1,15,8.74681,13.03951,9.965,11.9425,9.84519,9.6346,NA,2,484,1,5,3,3,2,2,2,-0.256,NA,-0.04,320.229,315.3867,272.9765,1,4,2
4170101,402.02858,370.32291,1,1,14.333333333333334,9.60097,10.19817,8.93041,8.92971,6.85613,7.42878,3,1,484,1,5,3,3,2,2,2,-0.256,NA,0.38,336.4309,336.8709,310.276,1,4,2
4170105,468.60073,471.64639,1,3,14.5,9.60097,9.62932,12.07123,11.01771,10.80346,9.15641,2,2,484,1,5,3,3,2,2,2,-0.256,NA,-0.53,329.6542,363.8774,275.4942,1,4,2
4170107,398.48785,461.85342,1,2,14.666666666666666,11.64917,9.18945,8.93041,9.34439,9.39344,9.15641,1,NA,484,1,5,3,3,2,2,2,-0.256,NA,0.8,358.7864,379.7636,356.9937,1,4,2
4170104,532.79297,549.43779,1,1,13.916666666666666,10.25396,11.04872,8.93041,10.35139,13.14698,9.15641,2,2,484,1,5,3,3,2,2,2,-0.256,NA,-0.36,499.5404,529.9677,500.7833,1,4,2
4170103,499.45169,564.29463,1,1,15.25,10.92551,10.19817,8.93041,8.20673,6.85613,7.85736,3,2,484,1,5,3,3,2,2,2,-0.256,NA,0.75,486.3764,539.3405,537.7098,1,4,2
4170119,453.15269,501.78409,2,1,15.333333333333334,8.91919,8.48873,9.60333,9.34439,8.69047,8.27843,3,2,484,1,5,3,3,2,2,2,-0.256,NA,-0.95,500.2415,480.2666,491.8314,1,4,2
4170102,434.1657,353.35945,1,3,13.75,8.74681,10.19817,9.965,8.92971,8.43911,8.27843,NA,1,484,1,5,3,3,2,2,2,-0.256,NA,0.18,395.3186,544.5035,426.837,1,4,2
4170110,602.82216,551.07042,2,1,13.916666666666666,10.92551,13.03951,10.80246,10.35139,10.30668,11.44903,2,1,484,1,5,3,3,2,2,2,-0.256,NA,-2.18,445.7158,538.8888,481.8538,1,4,2
4140214,482.70698,461.80977,1,1,14,11.64917,13.03951,10.80246,8.55351,10.80346,11.44903,1,2,1968,1,1,1,1,2,2,2,0.0872,174.818,0.51,486.2985,491.0465,519.806,2,6,2
4140205,553.82412,578.55616,2,2,13.666666666666666,10.25396,11.04872,9.60333,11.01771,10.80346,10.74331,1,2,1968,1,1,1,1,2,2,2,0.0872,174.818,0.17,507.0182,429.7441,451.0817,2,6,2
4140221,549.60216,513.87703,1,2,14.333333333333334,12.51743,7.38476,9.965,7.88323,10.80346,10.74331,1,1,1968,1,1,1,1,2,2,2,0.0872,174.818,1.06,449.6884,425.1187,409.3995,2,6,2
4140207,509.79576,464.83445,2,2,14.166666666666666,10.92551,11.04872,12.07123,8.92971,10.07332,12.42205,2,3,1968,1,1,1,1,2,2,2,0.0872,174.818,-1.53,553.365,408.0114,445.3935,2,6,2
4140201,527.58831,472.71034,1,1,14.5,10.92551,9.18945,12.07123,13.70742,9.80076,11.44903,1,3,1968,1,1,1,1,2,2,2,0.0872,174.818,0.58,427.1771,405.0227,457.7956,2,6,2
4140225,540.52426,498.75635,2,1,15,10.92551,10.19817,9.26151,8.92971,9.61942,8.27843,1,3,1968,1,1,1,1,2,2,2,0.0872,174.818,-0.57,449.299,296.7014,394.5729,2,6,2
4140213,526.65835,456.37514,1,1,14.166666666666666,9.85205,13.03951,10.80246,13.70742,10.07332,14.34298,3,3,1968,1,1,1,1,2,2,2,0.0872,174.818,0.43,459.7367,368.7227,477.1913,2,6,2
4140223,547.38447,537.49073,1,1,13.666666666666666,9.60097,13.03951,12.07123,8.55351,11.70269,12.42205,3,2,1968,1,1,1,1,2,2,2,0.0872,174.818,-0.53,445.2485,500.4987,471.6897,2,6,2
4140208,469.09851,531.92659,2,1,13.75,10.92551,9.18945,10.80246,9.81093,12.54869,11.44903,1,2,1968,1,1,1,1,2,2,2,0.0872,174.818,0.59,547.0556,520.4441,524.0955,2,6,2
4140229,567.54857,488.29409,2,2,14.333333333333334,10.92551,11.04872,10.80246,11.9425,12.54869,9.6346,2,3,1968,1,1,1,1,2,2,2,0.0872,174.818,0.16,507.174,369.919,470.6639,2,6,2
4140202,334.33383,351.51471,2,1,14,9.60097,13.03951,10.9752,9.34439,9.06654,8.96535,3,3,1968,1,1,1,1,2,2,2,0.0872,174.818,-0.52,430.0592,319.3965,369.9552,2,6,2
4150213,458.16404,414.02536,1,3,14.083333333333334,12.51743,13.03951,13.46507,13.70742,9.84519,10.15325,1,2,335,2,5,1,1,1,2,2,-0.256,66.4,0.69,402.0953,410.0268,377.2286,2,4,2
4150211,583.06355,607.80231,2,3,14.916666666666666,12.51743,10.19817,11.33851,11.9425,11.70269,10.74331,1,2,335,2,5,1,1,1,2,2,-0.256,66.4,0.8,591.5329,432.7915,510.9474,2,4,2
4150208,519.98652,563.54646,1,3,14.666666666666666,10.92551,9.18945,9.965,11.01771,8.69047,11.44903,2,2,335,2,5,1,1,1,2,2,-0.256,66.4,0.31,502.2667,489.4578,462.6445,2,4,2
4150214,485.40702,492.11594,1,3,14.666666666666666,11.64917,8.81989,13.46507,10.35139,10.80346,11.44903,1,2,335,2,5,1,1,1,2,2,-0.256,66.4,0.46,497.671,456.0174,396.0649,2,4,2
4150218,552.0137,569.98262,1,NA,15,9.85205,8.48873,11.33851,8.92971,9.61942,10.15325,1,2,335,2,5,1,1,1,2,2,-0.256,66.4,0.33,381.064,300.3326,334.241,2,4,2
4150201,528.61794,432.42287,2,4,14.333333333333334,10.92551,10.19817,13.46507,13.70742,11.70269,14.34298,1,3,335,2,5,1,1,1,2,2,-0.256,66.4,0.44,495.8015,422.0454,427.7695,2,4,2
4150210,592.89743,556.02562,2,3,14.583333333333334,10.25396,9.18945,9.26151,9.81093,7.58514,8.27843,1,2,335,2,5,1,1,1,2,2,-0.256,66.4,0.52,543.9399,446.6651,489.9664,2,4,2
4150216,513.78084,595.22382,2,3,14.416666666666666,11.64917,8.81989,12.07123,11.9425,8.93142,8.70884,1,2,335,2,5,1,1,1,2,2,-0.256,66.4,0.01,470.7976,443.297,467.7732,2,4,2
4150202,577.13318,506.24817,1,3,15.166666666666666,10.92551,9.18945,10.80246,8.92971,11.70269,11.44903,2,2,335,2,5,1,1,1,2,2,-0.256,66.4,0.29,579.0699,537.7519,585.2667,2,4,2
4150205,535.98296,503.07652,1,3,14.333333333333334,11.64917,11.04872,11.33851,10.35139,12.08627,10.74331,1,2,335,2,5,1,1,1,2,2,-0.256,66.4,0.76,467.0587,464.7548,402.6856,2,4,2
4150221,545.44712,493.76134,1,3,14.333333333333334,12.51743,9.62932,10.35777,9.81093,9.84519,10.15325,2,1,335,2,5,1,1,1,2,2,-0.256,66.4,0.58,467.9935,422.7358,406.6953,2,4,2
4150209,622.69687,549.69431,1,4,15.25,10.92551,9.62932,10.80246,10.35139,9.61942,10.74331,1,2,335,2,5,1,1,1,2,2,-0.256,66.4,-0.3,606.177,498.1952,555.5203,2,4,2
4150220,529.55527,527.03544,1,3,14.666666666666666,14.01827,13.03951,9.965,8.92971,8.43911,9.15641,1,2,335,2,5,1,1,1,2,2,-0.256,66.4,0.03,438.0044,447.5977,403.5248,2,4,2
4150219,558.19357,591.92102,1,3,15.083333333333334,11.64917,13.03951,10.35777,9.81093,9.39344,9.6346,2,2,335,2,5,1,1,1,2,2,-0.256,66.4,0.51,538.721,457.606,456.7699,2,4,2
4150203,525.57007,509.58862,1,3,14.583333333333334,12.51743,13.03951,13.46507,10.35139,11.37095,10.15325,1,2,335,2,5,1,1,1,2,2,-0.256,66.4,0.17,416.1941,408.4382,359.0451,2,4,2
4150222,593.37554,589.73737,2,3,14.583333333333334,10.25396,9.62932,10.80246,8.92971,10.07332,10.15325,1,2,335,2,5,1,1,1,2,2,-0.256,66.4,-0.41,483.8838,371.2823,456.6766,2,4,2
4150217,539.70268,512.0145,2,3,15.083333333333334,10.25396,11.04872,9.965,9.81093,9.16491,10.15325,2,2,335,2,5,1,1,1,2,2,-0.256,66.4,0.67,514.3402,372.0843,440.1716,2,4,2
4150206,612.13761,547.72572,1,4,14.583333333333334,8.19314,10.19817,13.46507,11.01771,11.07454,10.74331,2,1,335,2,5,1,1,1,2,2,-0.256,66.4,-0.77,534.5926,561.184,514.4909,2,4,2
4160107,533.41655,573.07473,1,1,14.833333333333334,10.92551,10.19817,9.26151,9.34439,8.43911,10.15325,1,2,98,4,6,NA,3,2,4,2,-1.9848,60.667,0.13,479.2102,461.5776,475.9791,1,3,2
4160103,500.26634,538.46193,2,2,14.166666666666666,8.74681,9.18945,10.80246,NA,NA,NA,NA,3,98,4,6,NA,3,2,4,2,-1.9848,60.667,-0.1,447.819,295.8193,358.7654,1,3,2
4160105,498.14397,518.20963,1,1,14.75,9.60097,8.19852,10.80246,8.20673,11.70269,7.85736,1,2,98,4,6,NA,3,2,4,2,-1.9848,60.667,-0.09,438.0823,442.4347,401.5666,1,3,2
4160108,502.82091,469.63983,2,1,15,10.25396,8.19852,9.60333,8.92971,9.61942,8.70884,2,2,98,4,6,NA,3,2,4,2,-1.9848,60.667,0.44,372.0284,349.5496,324.3566,1,3,2
4220415,642.93035,570.77422,1,2,14.833333333333334,11.17406,11.04872,10.80246,10.35139,9.61942,9.6346,NA,1,1371,1,2,2,4,2,3,3,-1.0989,11.25,0.89,552.664,654.9126,578.8325,3,8,2
4220412,574.76689,580.46333,2,2,15.416666666666666,10.25396,9.62932,9.60333,8.55351,8.43911,9.15641,1,1,1371,1,2,2,4,2,3,3,-1.0989,11.25,0.44,585.0678,559.178,539.668,3,NA,2
4220408,702.22631,641.92171,2,1,15.25,10.92551,11.04872,10.80246,10.35139,11.07454,14.34298,1,1,1371,1,2,2,4,2,3,3,-1.0989,11.25,0.86,712.5798,729.7518,708.8213,3,8,2
4220403,700.40025,620.49155,2,2,15.166666666666666,12.51743,11.04872,13.46507,13.70742,12.08627,14.34298,1,2,1371,1,2,2,4,2,3,3,-1.0989,11.25,0.6,630.4798,602.8841,646.8109,3,8,2
4220410,675.9752,647.58787,1,2,14.75,12.51743,11.04872,11.33851,9.34439,10.54867,10.74331,1,2,1371,1,2,2,4,2,3,3,-1.0989,11.25,0.8,603.9181,620.519,573.8903,3,8,2
4220424,667.78804,665.88478,1,1,15.5,12.51743,13.03951,10.80246,8.55351,10.07332,9.15641,1,1,1371,1,2,2,4,2,3,3,-1.0989,11.25,0.8,536.1505,596.6897,572.0254,3,8,2
4220409,612.58119,503.68689,2,1,14.5,12.51743,11.04872,13.46507,11.9425,12.08627,14.34298,1,1,1371,1,2,2,4,2,3,3,-1.0989,11.25,0.6,556.325,488.3663,540.6005,3,8,2
4220402,719.81305,756.54195,1,1,15,11.64917,13.03951,12.07123,8.92971,11.37095,10.74331,1,3,1371,1,2,2,4,2,3,3,-1.0989,11.25,0.26,589.274,619.1687,607.7396,3,8,2
4220414,612.71348,626.55411,2,1,14.416666666666666,11.64917,11.04872,13.46507,13.70742,12.08627,12.42205,1,2,1371,1,2,2,4,2,3,3,-1.0989,11.25,0.61,561.5439,529.1853,509.8284,3,8,2
4220401,679.7043,636.74742,1,1,15,10.92551,11.04872,9.60333,9.81093,9.16491,10.15325,1,1,1371,1,2,2,4,2,3,3,-1.0989,11.25,-0.06,612.9537,608.5249,581.63,3,8,2
4220416,680.2299,603.4421,2,1,14.666666666666666,10.92551,9.62932,11.33851,9.81093,15.81948,9.15641,1,3,1371,1,2,2,4,2,3,3,-1.0989,11.25,0.31,666.311,671.8513,617.9038,3,8,2
4210329,608.19096,600.08605,1,1,14.75,12.51743,9.62932,9.965,9.34439,10.30668,10.15325,1,1,971,1,4,1,2,2,2,3,0.2803,169.167,0.82,525.1675,483.0239,528.1984,1,5,2
4210315,620.51561,628.31528,1,2,14.916666666666666,12.51743,13.03951,13.46507,10.35139,12.54869,14.34298,1,1,971,1,4,1,2,2,2,3,0.2803,169.167,0.74,591.4551,563.3287,519.433,1,5,2
4210308,520.70977,498.12427,1,3,14.166666666666666,10.92551,13.03951,9.965,10.35139,8.93142,8.70884,1,1,971,1,4,1,2,2,2,3,0.2803,169.167,0.29,414.6362,421.9415,443.342,1,5,2
4210313,559.85683,535.95684,2,1,15,11.64917,13.03951,12.07123,11.9425,10.80346,10.74331,2,1,971,1,4,1,2,2,2,3,0.2803,169.167,-0.71,572.1374,531.9119,603.0772,1,5,2
4210302,592.75453,608.96326,2,1,15.166666666666666,12.51743,13.03951,13.46507,13.70742,10.54867,12.42205,2,1,971,1,4,1,2,2,2,3,0.2803,169.167,0.36,577.4342,472.3274,520.3655,1,5,2
4210303,525.95421,529.19902,1,1,15.166666666666666,12.51743,13.03951,13.46507,13.70742,11.70269,12.42205,2,1,971,1,4,1,2,2,2,3,0.2803,169.167,1.03,461.2946,372.6148,419.0974,1,5,2
4210326,637.46759,555.60128,2,1,14.666666666666666,11.64917,8.19852,9.965,13.70742,11.37095,10.15325,1,1,971,1,4,1,2,2,2,3,0.2803,169.167,0.5,537.0852,474.9738,480.9213,1,5,2
4210312,604.61213,478.98665,1,1,14.916666666666666,11.17406,8.81989,12.07123,9.81093,10.80346,10.15325,NA,2,971,1,4,1,2,2,2,3,0.2803,169.167,0.37,524.1549,473.4922,496.7736,1,5,2
4210317,464.5028,533.3542,2,1,15.333333333333334,11.64917,7.91394,10.80246,11.9425,9.84519,14.34298,1,1,971,1,4,1,2,2,2,3,0.2803,169.167,0.88,526.258,477.8608,503.3943,1,5,2
4210306,572.95624,566.15542,1,1,15.166666666666666,11.64917,11.04872,8.93041,8.55351,10.07332,9.6346,1,1,971,1,4,1,2,2,2,3,0.2803,169.167,0.99,534.2031,526.7904,548.4334,1,5,2
4210318,583.03315,531.56445,1,1,15.166666666666666,14.01827,13.03951,10.80246,11.01771,10.30668,9.6346,1,1,971,1,4,1,2,2,2,3,0.2803,169.167,0.99,600.8023,577.0702,579.765,1,5,2
4210322,566.87202,535.4235,1,1,14.666666666666666,12.51743,11.04872,10.80246,9.81093,11.07454,10.74331,1,1,971,1,4,1,2,2,2,3,0.2803,169.167,0.44,537.0073,586.1254,579.019,1,5,2
4210305,486.51944,518.52082,1,2,15.25,10.92551,9.62932,10.35777,9.34439,8.17383,10.15325,1,1,971,1,4,1,2,2,2,3,0.2803,169.167,0.12,522.9086,473.8099,438.9593,1,5,2
4210307,577.44681,552.31921,2,1,14.916666666666666,12.51743,11.04872,12.07123,11.01771,10.54867,14.34298,1,3,971,1,4,1,2,2,2,3,0.2803,169.167,1.58,539.1883,469.9216,537.8031,1,5,2
4210328,636.61607,569.72009,1,1,14.583333333333334,9.60097,11.04872,9.965,9.34439,10.80346,10.74331,2,1,971,1,4,1,2,2,2,3,0.2803,169.167,-0.1,582.1078,436.2391,538.0828,1,5,2
4210309,462.46914,497.82749,1,2,14.25,11.64917,9.62932,13.46507,11.9425,10.07332,14.34298,1,1,971,1,4,1,2,2,2,3,0.2803,169.167,0.72,468.4608,417.7316,462.458,1,5,2
4210323,588.5129,526.5284,1,1,14.833333333333334,14.01827,9.18945,13.46507,11.9425,15.81948,12.42205,1,1,971,1,4,1,2,2,2,3,0.2803,169.167,0.99,490.0374,492.0791,516.3558,1,5,2
4210314,602.36763,605.6023,2,1,14.666666666666666,9.60097,10.19817,10.35777,11.9425,9.39344,10.15325,2,1,971,1,4,1,2,2,2,3,0.2803,169.167,-0.12,508.1866,395.1803,465.9082,1,5,2
4210310,593.14582,606.05947,1,1,15.166666666666666,11.64917,10.19817,9.965,9.34439,10.54867,10.15325,1,1,971,1,4,1,2,2,2,3,0.2803,169.167,0.48,402.0174,388.8187,470.6639,1,5,2
4210330,628.59662,570.8446,1,2,14.416666666666666,12.51743,13.03951,13.46507,11.9425,11.07454,10.15325,1,1,971,1,4,1,2,2,2,3,0.2803,169.167,0.64,579.2257,571.9867,533.2339,1,5,2
4210316,538.08456,561.14131,2,1,14.583333333333334,14.01827,13.03951,12.07123,11.9425,11.70269,14.34298,1,1,971,1,4,1,2,2,2,3,0.2803,169.167,0.3,567.2301,436.1597,539.3883,1,5,2
3310113,627.47079,623.92027,1,1,13.916666666666666,14.01827,13.03951,11.33851,11.9425,10.80346,12.42205,1,2,594,1,1,1,1,1,3,2,-0.0892,NA,0.86,649.7196,573.0987,564.8452,3,8,2
3310118,685.80495,636.75178,2,1,15.25,11.64917,9.62932,13.46507,11.01771,13.14698,12.42205,1,1,594,1,1,1,1,1,3,2,-0.0892,NA,-0.02,725.4323,590.2133,587.5047,3,8,2
3310104,692.41913,659.35947,1,1,14.416666666666666,14.01827,7.91394,9.60333,9.34439,9.61942,12.42205,1,1,594,1,1,1,1,1,3,2,-0.0892,NA,2.58,653.7701,620.519,622.9392,3,8,2
3310109,664.75838,635.9688,2,1,14.833333333333334,14.01827,9.62932,10.80246,13.70742,11.07454,12.42205,1,2,594,1,1,1,1,1,3,2,-0.0892,NA,0.72,656.4963,572.5705,548.4334,3,8,2
3310119,729.00436,659.79778,2,1,14.75,14.01827,13.03951,13.46507,11.01771,15.81948,14.34298,1,2,594,1,1,1,1,1,3,2,-0.0892,NA,0.45,670.8288,558.8573,603.73,3,8,2
3310106,670.16941,627.96405,1,1,15.5,11.64917,9.18945,10.35777,9.34439,11.09107,10.74331,1,2,594,1,1,1,1,1,3,2,-0.0892,NA,0.18,716.3187,637.1201,633.0101,3,8,2
3310121,690.20636,617.50636,1,1,14.25,12.51743,8.48873,13.46507,13.70742,13.14698,12.42205,1,2,594,1,1,1,1,1,3,2,-0.0892,NA,0.5,709.0746,626.3175,539.668,3,8,2
3310111,654.81477,616.34291,1,1,14.75,14.01827,8.19852,9.965,9.81093,9.16491,9.6346,1,2,594,1,1,1,1,1,3,2,-0.0892,NA,0.51,628.0651,537.1164,556.1731,3,8,2
3310116,642.65884,613.04283,2,1,14.583333333333334,11.64917,8.19852,10.80246,13.70742,9.84519,9.6346,1,1,594,1,1,1,1,1,3,2,-0.0892,NA,0.48,547.9903,490.2108,480.9213,3,8,2
3310101,658.95383,661.58459,2,2,15.166666666666666,12.51743,9.18945,12.07123,11.9425,9.16491,12.42205,1,1,594,1,1,1,1,1,3,2,-0.0892,NA,0.5,658.911,483.4744,499.5711,3,8,2
3310114,742.82915,677.83577,2,2,14.916666666666666,11.64917,13.03951,13.46507,11.01771,14.02271,10.15325,1,2,594,1,1,1,1,1,3,2,-0.0892,NA,1.15,609.2927,527.6616,630.8653,3,8,2
3310127,625.98027,611.12803,2,1,14.416666666666666,11.64917,13.03951,13.46507,11.01771,8.69047,12.42205,1,1,594,1,1,1,1,1,3,2,-0.0892,NA,1.14,615.5242,506.0091,546.9414,3,8,2
3310125,696.81886,665.24386,2,1,15.083333333333334,12.51743,11.04872,8.93041,9.81093,10.54867,12.42205,1,1,594,1,1,1,1,1,3,2,-0.0892,NA,1.03,635.1535,559.4988,599.5338,3,8,2
3310112,707.16337,638.47662,2,1,14.666666666666666,12.51743,13.03951,13.46507,7.88323,14.02271,10.74331,1,1,594,1,1,1,1,1,3,2,-0.0892,NA,0.82,581.4068,495.3432,550.1119,3,8,2
4020402,463.55887,518.38028,1,1,14.5,12.51743,11.04872,9.60333,9.81093,6.85613,9.15641,1,1,817,3,1,3,3,3,2,2,-0.5803,171,0.55,516.2876,583.1864,504.6065,1,5,2
4020407,428.9778,486.18594,1,1,15.166666666666666,10.25396,10.19817,8.60159,7.57539,8.93142,6.97717,2,1,817,3,1,3,3,3,2,2,-0.5803,171,-0.23,398.9796,485.48630000000003,425.718,1,5,2
4020213,492.74668,561.72582,1,1,14.75,14.01827,11.04872,11.33851,8.92971,9.84519,9.6346,1,1,817,3,1,3,3,3,2,2,-0.5803,171,0.38,429.3582,429.8846,503.301,1,5,2
4020403,573.89827,481.83828,1,3,15.25,9.60097,9.18945,9.60333,7.88323,11.70269,8.70884,1,1,817,3,1,3,3,3,2,2,-0.5803,171,0.16,458.1788,515.6701,471.5964,1,5,2
4020409,496.90573,497.96257,1,1,15,11.64917,10.19817,10.80246,8.92971,7.24499,9.15641,1,2,817,3,1,3,3,3,2,2,-0.5803,171,-0.02,442.0548,482.5473,436.1619,1,5,2
4020216,494.91319,505.75826,2,1,14.75,11.64917,7.38476,10.35777,9.81093,10.30668,9.15641,1,1,817,3,1,3,3,3,2,2,-0.5803,171,0.38,385.6598,343.4548,374.6177,1,5,2
4480214,563.73477,562.50204,1,1,14.75,11.64917,13.03951,13.46507,13.70742,12.08627,14.34298,1,2,819,1,1,1,3,2,3,1,0.5021,146,0.93,510.3677,562.5344,500.317,2,5,2
4480221,606.48836,569.87754,1,1,14.5,14.01827,13.03951,13.46507,13.70742,9.39344,10.74331,1,1,819,1,1,1,3,2,3,1,0.5021,146,1,562.6344,615.9914,645.9717,2,5,2
4480207,555.40425,641.3025,2,1,15,10.92551,8.81989,10.80246,9.81093,8.69047,9.6346,1,2,819,1,1,1,3,2,3,1,0.5021,146,0.04,545.7314,553.2437,554.6811,2,5,2
4480222,665.7517,594.94079,2,1,14.333333333333334,14.01827,11.04872,9.965,8.55351,11.70269,12.42205,1,2,819,1,1,1,3,2,3,1,0.5021,146,1.26,582.4973,568.5608,586.6654,2,5,2
4480201,567.13057,549.64925,2,1,14.75,14.01827,7.91394,13.46507,13.70742,11.07454,10.15325,1,2,819,1,1,1,3,2,3,1,0.5021,146,0.6,557.1039,499.5935,559.9963,2,5,2
4480211,652.54491,648.48695,2,1,14.833333333333334,11.64917,13.03951,12.07123,11.9425,11.143980000000001,9.15641,1,1,819,1,1,1,3,2,3,1,0.5021,146,-0.22,604.697,567.7589,601.865,2,5,2
4480209,575.07885,502.84225,1,1,14.416666666666666,10.92551,11.04872,13.46507,9.81093,11.37095,10.74331,1,2,819,1,1,1,3,2,3,1,0.5021,146,0.2,570.0343,622.9019,529.7837,2,5,2
4480213,660.07798,623.5458,1,1,15.083333333333334,11.64917,13.03951,10.35777,10.35139,11.70269,10.74331,1,1,819,1,1,1,3,2,3,1,0.5021,146,1.1,581.1731,558.0068,574.1701,2,5,2
4480223,681.83305,667.53204,2,1,14.75,14.01827,13.03951,13.46507,9.81093,12.08627,10.15325,1,2,819,1,1,1,3,2,3,1,0.5021,146,0.72,701.2074,692.8623,634.7818,2,5,2
4480212,661.88114,635.76891,1,2,15.25,12.51743,7.91394,13.46507,11.01771,11.70269,12.42205,1,1,819,1,1,1,3,2,3,1,0.5021,146,0.65,500.3973,562.2961,480.1753,2,5,2
3730206,595.15523,605.96738,2,1,14.75,11.64917,9.18945,9.965,9.81093,11.07454,11.44903,2,1,1043,2,3,1,2,2,3,2,-0.256,244.75,-0.69,502.7341,390.3686,450.9884,1,5,2
4520104,691.38247,590.43525,2,1,14.833333333333334,10.92551,9.18945,9.26151,8.55351,10.54867,7.85736,1,3,1287,1,1,1,2,1,1,2,0.7756,145.778,0.01,620.9768,489.89,547.7807,2,3,2
4520121,627.33247,619.2037,2,1,15,11.64917,13.03951,13.46507,13.70742,15.81948,11.44903,1,3,1287,1,1,1,2,1,1,2,0.7756,145.778,0.29,563.3354,530.0674,571.3726,2,3,2
4520126,607.49776,584.38861,2,1,14.333333333333334,11.64917,10.19817,10.80246,8.92971,9.39344,7.85736,1,1,1287,1,1,1,2,1,1,2,0.7756,145.778,1.04,616.8484,574.8962,599.3473,2,3,2
4520115,541.88104,614.1993,2,1,15,11.64917,9.18945,13.46507,11.9425,12.54869,10.74331,1,3,1287,1,1,1,2,1,1,2,0.7756,145.778,1.8,487.1553,418.4367,505.0727,2,3,2
4520127,621.92591,707.90734,2,1,15,14.01827,10.19817,8.26761,6.66537,8.43911,8.70884,1,3,1287,1,1,1,2,1,1,2,0.7756,145.778,0.44,637.5682,578.4247,598.4148,2,3,2
4520128,656.12518,661.62878,2,1,14.916666666666666,11.64917,9.62932,13.46507,10.35139,13.14698,14.34298,1,3,1287,1,1,1,2,1,1,2,0.7756,145.778,0.93,663.9741,536.3226,609.5114,2,3,2
4520105,549.34215,524.03248,1,1,15.333333333333334,12.51743,11.04872,9.26151,9.34439,8.93142,9.15641,1,2,1287,1,1,1,2,1,1,2,0.7756,145.778,0.73,599.4781,577.5468,512.7191,2,3,2
4520107,620.82768,676.31966,2,2,14.75,9.60097,7.6477,13.46507,10.35139,9.61942,10.74331,4,2,1287,1,1,1,2,1,1,2,0.7756,145.778,-0.29,599.6339,508.4149,514.8639,2,3,2
4520106,715.44517,690.72260000000006,2,1,14.5,12.51743,7.91394,9.965,11.01771,10.54867,8.27843,1,2,1287,1,1,1,2,1,1,2,0.7756,145.778,0.38,681.8118,633.7589,677.6762,2,3,2
4520110,604.77012,573.32274,1,1,15.166666666666666,10.92551,7.91394,11.33851,11.01771,10.30668,9.6346,1,3,1287,1,1,1,2,1,1,2,0.7756,145.778,0.03,596.2066,608.3661,593.9388,2,3,2
4520116,590.25203,539.49031,1,1,15.333333333333334,12.51743,10.19817,11.33851,11.01771,10.30668,11.44903,1,3,1287,1,1,1,2,1,1,2,0.7756,145.778,0.64,546.2767,553.797,502.6483,2,3,2
4520124,535.27915,495.24122,2,1,15.25,10.04151,11.04872,8.26761,11.01771,9.16491,9.15641,NA,2,1287,1,1,1,2,1,1,2,0.7756,145.778,0.49,576.4995,552.7625,554.5878,2,3,2
4570202,559.06621,543.37359,2,1,14.333333333333334,10.92551,8.48873,12.07123,11.01771,11.07454,12.42205,1,1,843,4,1,1,1,1,1,3,0.5021,156,0.31,508.9656,493.8195,505.0727,1,2,2
4570211,533.96986,570.75818,1,1,14.916666666666666,10.92551,11.04872,11.33851,10.35139,12.54869,12.42205,1,2,843,4,1,1,1,1,1,3,0.5021,156,-0.19,496.2689,473.8099,457.6091,1,2,2
4570216,559.46755,537.20158,2,1,15.833333333333334,14.01827,13.03951,12.07123,8.92971,9.84519,11.44903,1,2,843,4,1,1,1,1,1,3,0.5021,156,0,521.3507,473.1293,450.4289,1,2,2
4570204,547.99666,579.56425,1,1,14.666666666666666,11.64917,9.62932,13.46507,11.9425,10.80346,12.42205,2,2,843,4,1,1,1,1,1,3,0.5021,156,0.73,434.8107,471.1093,444.2745,1,2,2
4570224,633.56083,677.73844,1,1,14.166666666666666,11.64917,10.19817,10.35777,7.88323,10.80346,8.70884,1,2,843,4,1,1,1,1,1,3,0.5021,156,0.29,556.2471,530.2059,491.1787,1,2,2
3010117,673.76846,683.52277,2,3,14.416666666666666,9.60097,13.03951,13.46507,13.70742,11.70269,11.44903,3,2,702,3,5,2,2,2,3,1,-1.7689,173.25,-0.58,477.5744,438.0843,524.7482,1,3,2
3010113,583.76724,573.86622,2,3,16.166666666666668,9.60097,9.62932,10.35777,9.34439,10.80346,9.6346,3,2,702,3,5,2,2,2,3,1,-1.7689,173.25,0.19,474.225,341.6103,516.7288,1,3,2
3010111,585.07296,570.13472,2,3,15.416666666666666,10.25396,9.18945,9.965,8.92971,10.54867,9.6346,2,NA,702,3,5,2,2,2,3,1,-1.7689,173.25,-0.74,424.9961,329.501,559.3435,1,3,2
3010101,577.4686,504.78575,1,3,14.166666666666666,9.60097,9.18945,8.26761,6.97345,8.43911,7.42878,4,2,702,3,5,2,2,2,3,1,-1.7689,173.25,0.23,529.0622,475.9546,610.5371,1,3,2
4910305,587.42562,577.49615,1,2,14.5,12.51743,8.48873,9.965,8.20673,9.16491,10.74331,1,2,1938,1,1,2,2,1,2,1,-0.256,98.7,0.99,481.7028,594.8628,527.7322,4,4,2
4910317,592.20111,549.05142,1,1,14.75,14.01827,10.19817,9.60333,7.88323,9.61942,10.74331,1,2,1938,1,1,2,2,1,2,1,-0.256,98.7,0.82,581.251,626.0792,582.5625,4,4,2
4780415,664.48922,638.70521,2,1,15,11.64917,10.19817,10.35777,11.01771,13.14698,9.6346,1,3,1408,2,2,3,2,2,2,2,0.0872,200.714,0.11,594.415,450.1135,514.4909,1,5,2
4780417,549.08293,552.82974,1,2,15.416666666666666,9.60097,8.48873,13.46507,11.9425,14.02271,14.34298,3,3,1408,2,2,3,2,2,2,2,0.0872,200.714,-0.85,538.9547,568.8094,483.7188,1,5,2
4780426,574.04397,556.42867,2,1,15,9.60097,9.62932,10.80246,8.55351,11.37095,10.15325,3,3,1408,2,2,3,2,2,2,2,0.0872,200.714,-0.47,557.9607,492.376,492.7639,1,5,2
4780412,591.11137,634.88969,2,1,15.416666666666666,10.25396,8.19852,9.965,9.81093,10.30668,12.42205,1,2,1408,2,2,3,2,2,2,2,0.0872,200.714,-0.28,462.8525,396.9446,418.4446,1,5,2
4780129,646.97119,641.84325,1,1,13.75,11.64917,10.19817,13.46507,13.70742,14.02271,11.44903,1,3,1408,2,2,3,2,2,2,2,0.0872,200.714,0.2,603.8402,607.0157,598.2283,1,5,2
4780416,496.34081,555.7895,2,1,14.166666666666666,9.60097,10.19817,11.33851,11.9425,10.30668,10.15325,3,1,1408,2,2,3,2,2,2,2,0.0872,200.714,-0.38,446.4948,497.9896,424.7855,1,5,2
4780404,401.61561,414.42678,2,1,15.25,10.92551,8.81989,8.60159,7.57539,8.17383,8.70884,2,3,1408,2,2,3,2,2,2,2,0.0872,200.714,-0.75,355.1254,399.2702,446.4192,1,5,2
4780408,508.28043,508.06335,2,1,15.083333333333334,10.92551,13.03951,10.35777,9.34439,10.80346,10.15325,1,2,1408,2,2,3,2,2,2,2,0.0872,200.714,0.38,533.7358,412.9033,477.8441,1,5,2
4780120,472.84672,429.83638,1,1,15.25,10.25396,9.62932,10.35777,11.01771,8.69047,12.42205,2,NA,1408,2,2,3,2,2,2,2,0.0872,200.714,-0.63,441.7433,388.8187,443.6218,1,5,2
4780104,540.57241,544.60917,2,1,14.416666666666666,10.25396,13.03951,9.60333,10.35139,8.17383,12.42205,1,2,1408,2,2,3,2,2,2,2,0.0872,200.714,0.94,489.8037,465.1099,460.7796,1,5,2
4780128,682.94413,636.72112,1,1,14.5,12.51743,13.03951,13.46507,13.70742,10.80346,14.34298,2,2,1408,2,2,3,2,2,2,2,0.0872,200.714,-0.26,573.3837,581.0418,554.5878,1,5,2
4780102,614.58703,607.33029,2,1,15,12.51743,13.03951,10.35777,9.81093,9.61942,10.15325,1,1,1408,2,2,3,2,2,2,2,0.0872,200.714,0.44,506.0056,441.7733,481.947,1,5,2
4780105,507.60947,601.77335,2,1,15.416666666666666,13.71571,13.03951,8.60159,6.97345,8.17383,9.15641,NA,2,1408,2,2,3,2,2,2,2,0.0872,200.714,0.06,529.0622,425.0126,547.1279,1,5,2
4780109,561.15417,647.8302,1,1,14.916666666666666,10.92551,13.03951,9.965,8.20673,9.84519,9.15641,2,2,1408,2,2,3,2,2,2,2,0.0872,200.714,-0.58,542.4599,506.7738,563.8195,1,5,2
4780103,645.25307,637.72866,1,1,14.75,11.64917,9.62932,9.965,9.81093,9.16491,8.27843,2,2,1408,2,2,3,2,2,2,2,0.0872,200.714,0.65,507.3298,496.8449,466.934,1,5,2
4780117,612.30409,594.91809,2,4,14.583333333333334,10.25396,9.62932,10.80246,11.01771,8.69047,11.44903,3,NA,1408,2,2,3,2,2,2,2,0.0872,200.714,-0.48,492.53,457.0904,478.7766,1,5,2
4780111,505.81446999999997,577.1208,1,1,14.166666666666666,12.51743,11.04872,9.60333,10.35139,8.43911,8.27843,1,1,1408,2,2,3,2,2,2,2,0.0872,200.714,0.38,525.1675,459.9889,474.1141,1,5,2
4780405,503.3265,377.10245,2,1,15.25,10.04151,13.03951,9.60333,8.55351,9.39344,8.27843,NA,3,1408,2,2,3,2,2,2,2,0.0872,200.714,-0.52,406.2237,422.8474,445.4868,1,5,2
4780107,549.07265,540.84722,2,1,15.083333333333334,12.21628,13.03951,8.93041,10.35139,5.80254,10.15325,NA,1,1408,2,2,3,2,2,2,2,0.0872,200.714,0.3,508.1866,517.7977,566.8967,1,5,2
4780108,600.54291,584.78567,1,1,15.083333333333334,14.01827,13.03951,12.07123,8.92971,10.07332,14.34298,1,2,1408,2,2,3,2,2,2,2,0.0872,200.714,0.33,562.0112,541.3263,522.8833,1,5,2
4780106,652.85251,667.5268,1,1,14.333333333333334,10.25396,11.04872,9.26151,11.01771,10.30668,9.6346,1,1,1408,2,2,3,2,2,2,2,0.0872,200.714,0.26,525.2454,553.0026,502.0888,1,5,2
4780425,490.90531,451.98188,1,1,14.833333333333334,11.64917,10.19817,10.35777,7.57539,10.30668,10.74331,1,1,1408,2,2,3,2,2,2,2,0.0872,200.714,0.26,482.3259,525.2018,486.5162,1,5,2
4780130,652.66189,633.90015,1,1,15.25,11.64917,11.04872,10.80246,8.55351,9.61942,9.15641,1,1,1408,2,2,3,2,2,2,2,0.0872,200.714,0.12,514.0287,456.0174,482.7863,1,5,2
4780423,410.81854,523.44993,1,2,15.083333333333334,10.92551,9.18945,8.26761,8.92971,6.39359,8.27843,2,3,1408,2,2,3,2,2,2,2,0.0872,200.714,-0.01,409.9626,473.8099,440.8243,1,5,2
4780125,668.9113,646.77695,1,1,15.25,7.37134,11.04872,10.35777,10.35139,10.07332,10.74331,5,1,1408,2,2,3,2,2,2,2,0.0872,200.714,-0.47,595.4276,575.8788,535.8448,1,5,2
4320304,480.84673,547.12179,1,1,13.5,12.51743,11.04872,10.35777,9.81093,10.54867,9.6346,2,1,367,NA,2,1,2,1,3,2,1.1595,98.5,1.2,487.7785,575.2433,541.533,3,4,2
4320315,554.58402,551.12411,1,1,15.083333333333334,11.64917,13.03951,10.35777,8.92971,10.54867,9.6346,3,1,367,NA,2,1,2,1,3,2,1.1595,98.5,0.61,497.9826,569.9215,572.3051,3,4,2
4320305,536.97471,610.5241,2,2,14.416666666666666,14.01827,8.81989,11.33851,13.70742,10.30668,14.34298,1,2,367,NA,2,1,2,1,3,2,1.1595,98.5,1.04,600.0234,496.3857,574.8228,3,4,2
4320303,483.70141,492.18075,2,1,14.5,10.92551,10.19817,10.35777,9.34439,8.17383,7.85736,2,1,367,NA,2,1,2,1,3,2,1.1595,98.5,-0.34,456.3094,512.4246,461.712,3,4,2
4320302,559.75024,543.09917,2,2,15.166666666666666,11.64917,10.19817,10.35777,11.01771,10.30668,10.15325,1,3,367,NA,2,1,2,1,3,2,1.1595,98.5,0.59,533.0347,494.2205,488.3812,3,4,2
4320313,633.45401,606.91993,2,1,15.416666666666666,12.21628,8.19852,9.26151,11.01771,10.90397,9.6346,NA,1,367,NA,2,1,2,1,3,2,1.1595,98.5,NA,497.1257,546.0261,533.7934,3,4,2
4320310,475.43614,506.96263,2,1,14.5,14.01827,8.81989,11.33851,11.9425,6.85613,10.15325,1,1,367,NA,2,1,2,1,3,2,1.1595,98.5,0.26,490.349,543.1391,519.1533,3,4,2
4320317,599.98313,536.76045,2,1,15,11.64917,10.19817,7.91186,6.97345,9.61942,8.27843,1,2,367,NA,2,1,2,1,3,2,1.1595,98.5,0.91,545.4198,574.9764,563.9127,3,4,2
4320325,433.57776,462.29444,2,1,14.583333333333334,11.64917,13.03951,10.80246,11.9425,10.80346,9.15641,1,2,367,NA,2,1,2,1,3,2,1.1595,98.5,0.51,438.0044,448.269,384.2223,3,4,2
4320320,642.52163,611.92618,2,1,14.916666666666666,10.92551,10.19817,10.35777,10.35139,10.07332,9.6346,1,2,367,NA,2,1,2,1,3,2,1.1595,98.5,0.43,587.4046,573.6131,567.6427,3,4,2
4320308,599.45854,605.99324,2,3,15.75,10.04151,7.38476,11.33851,9.34439,11.07454,11.44903,NA,2,367,NA,2,1,2,1,3,2,1.1595,98.5,NA,553.9882,514.8305,585.1734,3,4,2
4320319,494.15508,519.23473,2,1,15,10.25396,9.62932,13.46507,13.70742,10.80346,12.42205,2,1,367,NA,2,1,2,1,3,2,1.1595,98.5,0.52,387.4513,467.2751,378.5341,3,4,2
4320321,556.91891,563.40941,2,1,15.25,10.92551,9.62932,9.965,8.55351,11.07454,9.6346,2,2,367,NA,2,1,2,1,3,2,1.1595,98.5,1.19,495.5678,485.9605,535.7516,3,4,2
4800103,517.97052,482.04865,1,1,14.583333333333334,8.91919,9.18945,10.35777,8.55351,11.37095,10.15325,3,2,441,1,5,3,3,3,2,3,-1.5162,144.667,-0.6,467.8377,492.5556,467.0272,1,3,2
4800118,524.69162,444.75651,1,1,14.333333333333334,10.92551,13.03951,9.60333,9.34439,8.93142,9.6346,2,2,441,1,5,3,3,3,2,3,-1.5162,144.667,0.72,410.6637,399.6214,402.3126,1,3,2
4800110,393.58007,400.75379,2,1,14.083333333333334,10.25396,9.62932,9.965,11.9425,9.39344,14.34298,3,2,441,1,5,3,3,3,2,3,-1.5162,144.667,-0.21,261.1076,218.1108,297.9672,1,3,2
4800111,430.23067,465.20434,1,1,14.75,10.04151,8.48873,9.26151,10.35139,7.89169,8.70884,NA,1,441,1,5,3,3,3,2,3,-1.5162,144.667,-0.91,383.9461,380.5579,395.1324,1,3,2
4800108,487.85219,534.55192,2,1,14.75,14.01827,9.18945,10.80246,9.81093,11.07454,14.34298,1,3,441,1,5,3,3,3,2,3,-1.5162,144.667,0.59,391.346,325.3309,423.2935,1,3,2
4800109,559.79974,556.46119,2,1,14.666666666666666,10.92551,11.04872,12.07123,9.81093,15.81948,10.74331,1,3,441,1,5,3,3,3,2,3,-1.5162,144.667,1.36,490.8163,336.2373,446.4192,1,3,2
4800119,431.43013,474.50773,1,1,14.666666666666666,9.60097,11.04872,8.93041,9.34439,8.69047,9.6346,4,2,441,1,5,3,3,3,2,3,-1.5162,144.667,0.01,461.6062,452.0458,421.3353,1,3,2
4800128,446.71661,454.20164,1,1,14.666666666666666,10.92551,10.19817,8.93041,8.92971,8.69047,9.15641,1,2,441,1,5,3,3,3,2,3,-1.5162,144.667,-0.13,390.645,419.0025,411.9172,1,3,2
4800117,446.96388,435.27396,2,1,14.083333333333334,8.19314,8.48873,9.965,9.34439,8.93142,8.70884,4,2,441,1,5,3,3,3,2,3,-1.5162,144.667,-0.23,427.8782,341.6103,438.3066,1,3,2
4800102,529.36331,459.14505,2,1,14.166666666666666,10.92551,13.03951,9.965,9.81093,9.84519,9.6346,1,2,441,1,5,3,3,3,2,3,-1.5162,144.667,0.86,418.453,384.0332,458.2618,1,3,2
4800127,432.94792,586.24351,2,1,13.916666666666666,10.92551,13.03951,8.93041,7.57539,9.16491,7.42878,1,2,441,1,5,3,3,3,2,3,-1.5162,144.667,0.7,333.3152,276.5726,397.9299,1,3,2
4800104,494.37519,471.84192,1,1,14.416666666666666,10.25396,11.04872,6.36452,8.20673,5.80254,6.97717,1,3,441,1,5,3,3,3,2,3,-1.5162,144.667,0.64,404.51,411.0594,470.6639,1,3,2
4800121,409.18254,440.04071,1,1,14.75,8.19314,11.04872,7.51389,7.57539,6.85613,8.27843,4,1,441,1,5,3,3,3,2,3,-1.5162,144.667,-0.03,400.2259,367.9284,404.8303,1,3,2
4800113,462.02321,415.17365,1,1,14.583333333333334,10.04151,13.03951,9.60333,13.70742,7.24499,7.85736,NA,NA,441,1,5,3,3,3,2,3,-1.5162,144.667,0.57,390.4113,344.0991,401.4733,1,3,2
4800122,454.72813,441.12059,2,2,14.5,10.92551,8.48873,9.60333,7.88323,9.39344,8.70884,1,2,441,1,5,3,3,3,2,3,-1.5162,144.667,0.31,346.7908,303.9189,408.1872,1,3,2
3250113,529.27113,497.08171,2,1,14.916666666666666,9.60097,13.03951,9.965,9.34439,10.30668,11.44903,3,2,348,4,1,1,4,3,3,3,-1.0989,173.5,-1.74,526.8811,462.4635,557.5718,1,5,2
3250127,503.48125,575.80557,2,1,14.666666666666666,11.64917,10.19817,10.35777,8.55351,9.39344,9.6346,1,1,348,4,1,1,4,3,3,3,-1.0989,173.5,-0.51,530.5421,494.2205,466.0015,1,5,2
3250128,461.73829,466.87778,2,1,14.916666666666666,8.19314,11.04872,8.60159,8.20673,8.69047,8.27843,4,2,348,4,1,1,4,3,3,3,-1.0989,173.5,-1.06,525.9464,389.727,511.5069,1,5,2
3250103,515.96914,534.32322,1,1,15.083333333333334,8.19314,9.62932,9.60333,8.92971,9.39344,8.70884,4,1,348,4,1,1,4,3,3,3,-1.0989,173.5,0.09,528.5169,509.5539,499.5711,1,5,2
3260207,465.26661,434.28191,2,1,15.25,10.92551,13.03951,11.33851,10.35139,10.54867,11.44903,2,1,687,2,1,2,2,2,3,1,-0.4184,329.5,-0.06,470.0966,433.2727,502.3685,1,3,2
3260222,518.68159,513.45019,1,1,14.75,14.01827,11.04872,12.07123,9.81093,11.07454,11.44903,1,2,687,2,1,2,2,2,3,1,-0.4184,329.5,0.99,431.9286,462.6896,454.8116,1,3,2
3260219,529.57672,486.6621,1,1,15,9.60097,11.04872,13.46507,8.92971,15.81948,12.42205,3,1,687,2,1,2,2,2,3,1,-0.4184,329.5,0.78,412.1436,465.0725,465.069,1,3,2
5070205,547.99643,612.98642,1,1,14.5,12.51743,13.03951,13.46507,10.35139,15.81948,11.44903,2,2,436,NA,6,2,2,3,3,2,-0.4184,119.333,0.43,498.9952,496.5272,512.7191,1,6,2
5070214,603.52798,548.20101,1,1,15.166666666666666,11.64917,9.62932,9.26151,8.55351,11.37095,8.27843,2,3,436,NA,6,2,2,3,3,2,-0.4184,119.333,-0.01,578.9921,614.9588,584.1477,1,6,2
5070216,459.21981,522.51768,2,1,15.416666666666666,10.92551,8.81989,10.80246,9.34439,9.39344,10.74331,2,2,436,NA,6,2,2,3,3,2,-0.4184,119.333,-0.49,561.6996,509.4575,632.9168,1,6,2
5070215,582.3365,597.02176,1,1,14.333333333333334,10.25396,13.03951,9.965,7.2741,14.02271,11.44903,2,1,436,NA,6,2,2,3,3,2,-0.4184,119.333,0.14,494.9447,527.3464,564.0992,1,6,2
5070203,556.0646,601.26926,2,1,14.833333333333334,10.92551,11.04872,9.965,8.92971,11.70269,10.15325,1,2,436,NA,6,2,2,3,3,2,-0.4184,119.333,1.1,627.2862,558.1355,575.3823,1,6,2
3430116,397.14236,403.14737,1,2,14.75,12.21628,11.04872,9.26151,8.55351,7.58514,8.70884,NA,2,1049,1,2,2,3,2,3,1,-0.9168,282.5,0.27,451.9473,471.1093,436.8146,1,5,2
3430120,499.83472,411.00329,1,1,14.666666666666666,8.19314,13.03951,9.965,11.9425,9.16491,10.15325,4,1,1049,1,2,2,3,2,3,1,-0.9168,282.5,-0.24,454.2842,455.3025,443.6218,1,5,2
4700114,556.03532,553.59439,1,1,14.666666666666666,11.64917,8.48873,11.33851,9.81093,9.61942,7.42878,1,1,1590,1,1,1,4,4,3,3,-0.9168,218,0.57,644.5786,623.9345,585.3599,1,3,2
4700118,644.83027,643.8113,1,1,14.583333333333334,10.92551,11.04872,11.33851,13.70742,11.07454,7.85736,2,2,1590,1,1,1,4,4,3,3,-0.9168,218,-0.05,664.1299,627.5884,557.4786,1,3,2
4700116,589.74688,523.04502,1,1,15.333333333333334,11.64917,11.04872,10.80246,9.81093,9.61942,10.15325,1,2,1590,1,1,1,4,4,3,3,-0.9168,218,0.27,568.0869,631.6394,587.5047,1,3,2
4700123,646.6199,655.82917,1,1,14.666666666666666,10.04151,13.03951,10.35777,8.92971,11.37095,9.6346,NA,2,1590,1,1,1,4,4,3,3,-0.9168,218,0.29,543.2388,544.8213,536.1246,1,3,2
4700125,635.49047,567.87524,2,2,14.25,11.64917,10.19817,13.46507,13.70742,11.37095,12.42205,1,2,1590,1,1,1,4,4,3,3,-0.9168,218,0.63,607.7348,554.9277,560.9288,1,3,2
4700117,552.35963,548.96675,2,2,14.916666666666666,12.51743,8.48873,8.60159,11.01771,8.69047,8.70884,1,1,1590,1,1,1,4,4,3,3,-0.9168,218,0.46,546.9777,494.7017,498.3588,1,3,2
4700122,626.72464,598.13623,1,1,14.583333333333334,11.64917,9.62932,13.46507,8.92971,12.54869,14.34298,1,3,1590,1,1,1,4,4,3,3,-0.9168,218,0.59,515.1192,510.9042,475.0466,1,3,2
4700124,664.52352,756.22411,2,1,13.916666666666666,12.51743,9.62932,9.965,11.9425,12.08627,10.15325,1,2,1590,1,1,1,4,4,3,3,-0.9168,218,-0.47,599.0886,670.6484,622.6595,1,3,2
4700109,540.81365,531.21878,2,2,15.333333333333334,10.25396,10.19817,12.07123,11.01771,10.54867,10.15325,2,2,1590,1,1,1,4,4,3,3,-0.9168,218,-0.1,518.0791,502.2399,473.4614,1,3,2
4700115,652.2696,577.80602,2,1,14.833333333333334,10.25396,8.81989,9.965,10.35139,9.39344,10.15325,2,2,1590,1,1,1,4,4,3,3,-0.9168,218,0.35,556.4808,594.8646,527.4524,1,3,2
4700111,575.89182,525.58055,1,1,14.5,9.60097,8.48873,11.33851,10.35139,10.07332,9.6346,4,1,1590,1,1,1,4,4,3,3,-0.9168,218,0.38,567.1522,600.1052,548.0604,1,3,2
4120217,598.37025,616.47515,2,1,13.166666666666666,12.51743,13.03951,13.46507,13.70742,15.81948,14.34298,1,2,1653,4,4,NA,3,3,3,2,-0.8068,187,0.03,634.2187,453.8827,585.3599,1,3,2
4120224,447.75216,482.27942,1,1,14.083333333333334,11.64917,10.19817,8.60159,11.01771,10.30668,10.74331,1,2,1653,4,4,NA,3,3,3,2,-0.8068,187,0.26,540.902,418.6054,493.8829,1,3,2
4120202,541.87065,564.05742,1,1,14.5,8.91919,11.04872,10.35777,7.2741,9.61942,8.70884,3,2,1653,4,4,NA,3,3,3,2,-0.8068,187,-0.35,610.9285,379.287,499.5711,1,3,2
4120201,609.60707,595.02415,2,2,14.333333333333334,7.37134,13.03951,9.965,8.92971,9.16491,9.6346,5,2,1653,4,4,NA,3,3,3,2,-0.8068,187,-0.6,633.7514,538.0067,514.5841,1,3,2
4120226,521.84476,514.27311,1,3,14.416666666666666,10.92551,10.19817,7.91186,9.34439,8.69047,7.42878,1,2,1653,4,4,NA,3,3,3,2,-0.8068,187,0.59,581.251,478.2581,475.9791,1,3,2
4120205,585.47274,607.12495,1,1,14.083333333333334,10.25396,8.81989,12.07123,11.01771,12.08627,10.74331,2,3,1653,4,4,NA,3,3,3,2,-0.8068,187,0.54,623.3915,460.0684,511.4137,1,3,2
4120221,564.89099,593.45775,1,1,14.166666666666666,8.91919,11.04872,7.03246,7.88323,4.94405,8.0381,1,3,1653,4,4,NA,3,3,3,2,-0.8068,187,0.3,622.5347,525.9961,577.7135,1,3,2
4120218,435.20572,455.92495,1,3,14.666666666666666,10.25396,13.03951,9.68344,11.35749,5.47197,12.41271,1,1,1653,4,4,NA,3,3,3,2,-0.8068,187,0.56,436.4465,338.5389,342.6333,1,3,2
4120204,503.25723,573.854,1,1,13.916666666666666,11.64917,11.04872,11.43826,8.55351,9.16491,10.15325,1,1,1653,4,4,NA,3,3,3,2,-0.8068,187,0.28,561.7775,410.8211,459.4741,1,3,2
4120212,501.11105,561.48403,1,2,14.833333333333334,10.25396,10.19817,8.26761,6.66537,9.61942,8.27843,1,1,1653,4,4,NA,3,3,3,2,-0.8068,187,0.59,600.0234,487.8692,518.5006,1,3,2
4120210,462.04812,514.40109,1,1,14.333333333333334,10.92551,9.40892,8.93041,8.20673,8.17383,7.85736,2,1,1653,4,4,NA,3,3,3,2,-0.8068,187,-0.36,537.8642,424.5627,495.8411,1,3,2
4180307,532.0324,478.56057,2,1,14.083333333333334,12.51743,11.04872,9.26151,9.34439,8.93142,8.27843,1,1,1133,1,2,3,1,3,2,2,-0.7452,169.857,0.57,453.5052,332.7889,447.3517,1,4,2
4180115,674.96233,649.41581,2,1,14.083333333333334,12.51743,11.04872,8.93041,9.81093,12.08627,8.27843,1,1,1133,1,2,3,1,3,2,2,-0.7452,169.857,0.56,612.4864,545.545,631.0518,1,4,2
4180125,596.18787,527.79661,2,2,14,11.64917,9.62932,11.33851,9.81093,12.08627,9.6346,1,3,1133,1,2,3,1,3,2,2,-0.7452,169.857,0.57,607.1896,515.0711,590.9549,1,4,2
4180306,510.66504,518.55682,1,3,14.083333333333334,10.92551,8.81989,9.965,10.35139,10.54867,8.70884,1,1,1133,1,2,3,1,3,2,2,-0.7452,169.857,0.5,439.1728,511.6985,495.2816,1,4,2
4180311,501.62647,433.72086,1,1,13.416666666666666,12.51743,10.19817,9.60333,8.55351,10.80346,8.27843,1,2,1133,1,2,3,1,3,2,2,-0.7452,169.857,0.82,442.6001,419.5585,465.815,1,4,2
4180305,582.63516,508.16493,2,2,15.333333333333334,10.25396,11.04872,11.33851,11.9425,11.37095,9.6346,1,1,1133,1,2,3,1,3,2,2,-0.7452,169.857,0.5,475.3934,418.8377,481.8538,1,4,2
4180320,503.64896,551.53502,1,1,14.75,10.92551,13.03951,8.93041,11.01771,9.61942,7.85736,1,2,1133,1,2,3,1,3,2,2,-0.7452,169.857,-0.01,454.2842,429.8846,483.7188,1,4,2
4180321,659.37272,657.81293,2,1,14.25,11.64917,11.04872,9.965,11.9425,11.07454,8.27843,1,2,1133,1,2,3,1,3,2,2,-0.7452,169.857,0.69,603.9181,464.3079,530.9959,1,4,2
4180119,576.46501,647.34128,2,4,14.75,10.92551,9.18945,8.93041,8.92971,9.39344,9.15641,1,1,1133,1,2,3,1,3,2,2,-0.7452,169.857,0.18,449.6884,439.4476,517.0086,1,4,2
4180301,656.36184,564.15257,1,2,15,10.92551,10.19817,13.46507,11.9425,14.02271,11.44903,2,2,1133,1,2,3,1,3,2,2,-0.7452,169.857,-0.04,568.0869,564.9173,564.1925,1,4,2
4180314,463.61787,500.79423,1,1,14.083333333333334,10.92551,10.19817,7.91186,8.20673,8.93142,7.85736,1,2,1133,1,2,3,1,3,2,2,-0.7452,169.857,0.41,530.7758,536.9576,537.7098,1,4,2
4180105,531.85072,591.66362,1,1,14.083333333333334,14.01827,9.62932,13.46507,13.70742,11.70269,14.34298,1,1,1133,1,2,3,1,3,2,2,-0.7452,169.857,1.1,587.4046,526.2344,558.3178,1,4,2
4180106,547.40425,577.33019,1,1,14.25,8.91919,9.62932,7.91186,9.34439,6.39359,5.86845,3,1,1133,1,2,3,1,3,2,2,-0.7452,169.857,0.19,490.8942,561.7401,561.8612,1,4,2
4180322,581.22542,596.98314,1,2,14.166666666666666,11.64917,9.62932,11.33851,13.70742,12.08627,10.15325,1,1,1133,1,2,3,1,3,2,2,-0.7452,169.857,1.07,496.5026,478.8935,522.1373,1,4,2
4180315,538.39797,622.8465,1,2,14.083333333333334,11.64917,7.6477,7.91186,7.57539,6.39359,6.47491,1,1,1133,1,2,3,1,3,2,2,-0.7452,169.857,0.37,529.919,509.3156,511.9731,1,4,2
3040117,627.46867,595.06812,2,1,14.833333333333334,12.51743,9.62932,13.46507,11.01771,12.54869,11.44903,1,3,685,4,2,1,2,4,3,2,-0.256,134.6,0.59,554.7671,516.3542,555.2406,1,5,2
3040114,550.73837,503.09856,1,2,14.833333333333334,10.92551,8.81989,9.965,9.34439,10.30668,9.6346,1,2,685,4,2,1,2,4,3,2,-0.256,134.6,-1.07,500.4752,505.5823,465.069,1,5,2
3040115,431.19672,547.4489,2,2,14.166666666666666,10.25396,11.04872,13.46507,13.70742,11.70269,12.42205,3,2,685,4,2,1,2,4,3,2,-0.256,134.6,0,507.4077,500.2351,504.1402,1,5,2
3040121,450.33823,457.64029,2,3,14.833333333333334,10.92551,8.48873,10.35777,9.34439,8.69047,8.70884,1,2,685,4,2,1,2,4,3,2,-0.256,134.6,0.07,494.7889,448.269,536.8706,1,5,2
3040120,512.70988,445.05439,2,4,15.166666666666666,9.60097,13.03951,8.93041,9.81093,8.17383,8.27843,3,3,685,4,2,1,2,4,3,2,-0.256,134.6,NA,459.4251,441.8535,443.0623,1,5,2
3040105,538.01383,520.20092,1,2,14.833333333333334,11.64917,11.04872,10.35777,8.92971,8.93142,8.70884,1,1,685,4,2,1,2,4,3,2,-0.256,134.6,0.42,470.9534,460.7832,491.2719,1,5,2
3040101,509.37743,420.63861000000003,1,3,14.416666666666666,10.92551,13.03951,8.93041,8.92971,10.54867,7.85736,1,2,685,4,2,1,2,4,3,2,-0.256,134.6,0.51,480.2228,465.0725,478.1238,1,5,2
3040119,462.5745,512.9941,2,1,14.583333333333334,8.91919,11.04872,9.50467,7.88323,8.44118,9.6346,4,2,685,4,2,1,2,4,3,2,-0.256,134.6,1.24,462.1514,438.0843,455.7441,1,5,2
3040106,408.65124,407.95057,1,3,14.25,9.60097,11.04872,10.80246,8.92971,8.17383,11.44903,2,2,685,4,2,1,2,4,3,2,-0.256,134.6,0.36,560.2976,527.0287,621.727,1,5,2
3040112,401.37661,362.49242,1,3,15,10.92551,13.03951,8.93041,7.88323,8.69047,7.85736,1,2,685,4,2,1,2,4,3,2,-0.256,134.6,-0.32,427.0213,453.7139,495.6546,1,5,2
3040123,542.98753,532.52877,1,1,15,14.01827,8.19852,10.35777,11.9425,10.54867,5.01998,1,2,685,4,2,1,2,4,3,2,-0.256,134.6,1.53,536.2284,463.0073,466.188,1,5,2
3040122,596.74844,555.81601,2,2,14,10.25396,13.03951,12.07123,10.35139,13.14698,14.34298,1,2,685,4,2,1,2,4,3,2,-0.256,134.6,0.75,441.899,508.4149,432.1522,1,5,2
3960107,498.03726,526.45388,1,2,14.583333333333334,10.25396,9.08741,10.80246,10.35139,8.69047,12.42205,2,2,521,2,1,1,1,2,3,3,0.5021,106.6,-0.23,481.547,454.5082,500.317,1,4,2
3960112,593.91175,597.50655,1,1,14.75,10.92551,9.62932,10.80246,13.70742,11.07454,10.74331,2,2,521,2,1,1,1,2,3,3,0.5021,106.6,0.03,514.2623,501.2931,520.7385,1,4,2
3960123,539.36078,547.39347,1,1,15.25,9.60097,9.62932,11.33851,9.81093,10.80346,9.6346,3,2,521,2,1,1,1,2,3,3,0.5021,106.6,-0.27,518.7023,477.4638,571.3726,1,4,2
3960102,604.17581,556.61831,2,1,14.25,10.92551,9.62932,12.07123,8.92971,13.14698,9.15641,1,3,521,2,1,1,1,2,3,3,0.5021,106.6,0.99,584.0551,525.2558,619.3025,1,4,2
3960114,486.51262,524.53625,2,1,14.416666666666666,14.01827,10.19817,9.26151,13.70742,8.69047,6.97717,1,1,521,2,1,1,1,2,3,3,0.5021,106.6,0.18,449.6884,401.1949,482.7863,1,4,2
3960122,466.10919,465.48519,2,1,14.25,10.25396,7.91394,9.60333,8.92971,8.69047,12.42205,3,1,521,2,1,1,1,2,3,3,0.5021,106.6,0.68,465.1893,419.399,535.7516,1,4,2
3470111,572.7425,495.90582,2,1,14.25,11.64917,13.03951,13.46507,11.9425,13.14698,10.15325,1,2,305,4,1,1,3,2,3,2,0.0872,152.5,0.22,446.4169,494.2205,475.3264,1,3,2
3470118,520.34999,492.41534,2,1,15.333333333333334,10.92551,13.03951,9.965,11.01771,8.17383,11.44903,2,1,305,4,1,1,3,2,3,2,0.0872,152.5,0.19,412.5331,446.585,433.4577,1,3,2
3470101,602.21523,579.16010000000006,2,1,13.916666666666666,8.91919,13.03951,13.46507,13.70742,14.02271,12.42205,4,2,305,4,1,1,3,2,3,2,0.0872,152.5,-0.01,433.4086,416.0308,466.8407,1,3,2
3470115,521.25995,618.97097,2,1,14.833333333333334,10.25396,11.04872,9.60333,7.57539,9.61942,9.6346,1,2,305,4,1,1,3,2,3,2,0.0872,152.5,0.13,491.8289,480.1865,470.5707,1,3,2
3470125,508.81731,544.53923,1,1,14.666666666666666,10.25396,11.04872,5.03748,5.49149,6.39359,9.15641,2,2,305,4,1,1,3,2,3,2,0.0872,152.5,0.22,433.1749,574.6873,461.3391,1,3,2
3470108,430.6633,466.96649,1,1,15.5,8.91919,9.62932,9.26151,7.88323,8.93142,8.70884,2,2,305,4,1,1,3,2,3,2,0.0872,152.5,0.18,345.2329,383.8146,353.1705,1,3,2
3470105,572.22886,559.89962,1,1,14.75,9.60097,13.03951,11.33851,11.01771,11.70269,10.74331,2,1,305,4,1,1,3,2,3,2,0.0872,152.5,-0.48,504.993,559.5954,526.6132,1,3,2
3470103,506.2061,554.65605,1,1,14.25,12.51743,9.62932,10.80246,8.20673,9.61942,9.6346,1,3,305,4,1,1,3,2,3,2,0.0872,152.5,-0.02,509.5887,566.4265,598.135,1,3,2
3470122,465.35711,431.09815,2,1,15,8.91919,13.03951,9.60333,8.92971,8.43911,8.27843,3,1,305,4,1,1,3,2,3,2,0.0872,152.5,-0.59,379.5062,350.4317,347.5755,1,3,2
3470107,483.96308,482.5546,2,1,14.666666666666666,10.04151,7.91394,9.60333,7.32571,6.85613,8.27843,NA,2,305,4,1,1,3,2,3,2,0.0872,152.5,0.27,397.8891,344.0162,418.8176,1,3,2
3470110,498.36564,537.03093,2,1,14.916666666666666,11.64917,10.19817,9.965,11.01771,9.39344,8.27843,1,3,305,4,1,1,3,2,3,2,0.0872,152.5,0.63,527.66010000000006,550.6774,552.9094,1,3,2
3470112,480.50214,493.55053,2,1,14.833333333333334,11.64917,10.19817,9.60333,9.81093,9.16491,8.27843,1,1,305,4,1,1,3,2,3,2,0.0872,152.5,0.55,455.0631,462.7041,502.182,1,3,2
4010304,576.79183,673.35445,2,1,14.583333333333334,14.01827,8.19852,12.07123,9.34439,11.07454,12.42205,1,2,673,3,2,1,3,3,2,2,-1.0989,187.5,0.44,548.6135,563.1878,619.862,1,5,2
4010318,516.67854,596.46813,1,1,14.083333333333334,11.17406,9.18945,11.33851,8.55351,11.37095,9.15641,NA,2,673,3,2,1,3,3,2,2,-1.0989,187.5,-0.79,472.6671,487.0749,526.0537,1,5,2
4010317,630.27084,652.89385,2,1,15,10.25396,7.6477,10.35777,11.9425,10.54867,10.74331,2,2,673,3,2,1,3,3,2,2,-1.0989,187.5,-0.37,568.0869,550.3567,580.6975,1,5,2
4010302,531.89754,508.41491,2,1,14.416666666666666,14.01827,13.03951,10.35777,11.01771,9.39344,10.15325,1,2,673,3,2,1,3,3,2,2,-1.0989,187.5,0.33,407.5479,325.4912,339.8359,1,5,2
4010313,654.00024,717.34014,2,1,16.25,12.51743,10.19817,13.46507,13.70742,15.81948,12.42205,1,1,673,3,2,1,3,3,2,2,-1.0989,187.5,0.89,435.7454,452.9203,451.9209,1,5,2
4010310,493.3468,538.85539000000006,2,1,15.5,10.92551,11.04872,9.965,11.01771,10.80346,14.34298,2,2,673,3,2,1,3,3,2,2,-1.0989,187.5,0.57,441.0422,405.7659,426.6505,1,5,2
4010306,583.10667,533.94013,1,1,14.916666666666666,10.92551,10.19817,13.46507,10.35139,12.54869,6.97717,2,2,673,3,2,1,3,3,2,2,-1.0989,187.5,-0.39,501.0204,563.3287,524.7482,1,5,2
3720112,574.87404,580.7947,2,1,14.25,10.25396,8.48873,9.60333,7.88323,10.54867,10.15325,3,2,434,4,6,1,2,2,3,3,-2.4968,143.333,-0.37,536.3063,434.8766,444.5543,1,5,2
3720107,585.30816,521.82351,1,1,14.5,10.92551,11.04872,13.46507,8.20673,10.30668,10.15325,3,1,434,4,6,1,2,2,3,3,-2.4968,143.333,0.74,437.2254,409.2325,438.6796,1,5,2
3720109,610.32194,483.41058,2,4,15.083333333333334,9.60097,6.19658,9.60333,9.34439,9.84519,9.6346,1,3,434,4,6,1,2,2,3,3,-2.4968,143.333,-1.08,422.2698,268.072,338.2507,1,5,2
3720117,612.98499,569.02233,2,1,15.083333333333334,9.60097,9.62932,13.46507,11.01771,12.08627,10.74331,3,2,434,4,6,1,2,2,3,3,-2.4968,143.333,-0.34,607.8127,528.7041,592.8198,1,5,2
3720110,552.57147,436.42486,2,4,14.416666666666666,10.25396,13.03951,12.07123,11.9425,9.84519,11.44903,2,2,434,4,6,1,2,2,3,3,-2.4968,143.333,-1.36,513.4834,398.5484,467.68,1,5,2
3720113,550.74296,544.88347,2,3,14.5,9.60097,11.04872,10.35777,8.20673,10.80346,12.42205,1,1,434,4,6,1,2,2,3,3,-2.4968,143.333,0.1,517.5339,412.0211,492.0179,1,5,2
3720111,524.97095,436.16529,1,3,15.333333333333334,9.60097,9.62932,8.60159,10.35139,8.43911,9.6346,2,2,434,4,6,1,2,2,3,3,-2.4968,143.333,-0.9,379.2725,324.9562,364.3603,1,5,2
3720102,649.0224,642.89116,2,3,15.25,8.91919,7.6477,13.46507,10.35139,15.81948,13.75104,3,2,434,4,6,1,2,2,3,3,-2.4968,143.333,-1.92,490.1153,355.1632,426.5573,1,5,2
3720115,562.56492,564.39851,1,1,14.833333333333334,11.64917,9.18945,10.35777,10.35139,10.54867,9.6346,1,2,434,4,6,1,2,2,3,3,-2.4968,143.333,0.34,578.1352,504.4703,547.7807,1,5,2
3720118,583.61126,585.7452,2,3,14.416666666666666,10.25396,7.91394,9.26151,8.92971,8.93142,7.85736,2,2,434,4,6,1,2,2,3,3,-2.4968,143.333,-0.8,394.7733,272.6431,324.6363,1,5,2
3720105,529.3118,475.57757,2,4,14.916666666666666,10.92551,13.03951,12.07123,11.01771,9.84519,11.44903,1,2,434,4,6,1,2,2,3,3,-2.4968,143.333,-0.82,491.3616,273.445,374.0582,1,5,2
3720104,700.48047999999994,626.72749,1,1,14.583333333333334,8.19314,8.48873,13.46507,10.35139,9.61942,12.42205,4,2,434,4,6,1,2,2,3,3,-2.4968,143.333,-0.36,538.4873,532.5889,483.7188,1,5,2
4500318,456.16312,502.43745,2,1,14.75,11.17406,11.04872,8.26761,8.55351,9.39344,8.27843,NA,3,715,3,4,1,4,4,4,2,-0.5803,142.2,-0.42,529.5295,357.6492,376.8557,1,4,2
4500311,456.68726,449.3213,1,1,15.583333333333334,10.04151,10.19817,9.965,8.92971,8.44118,9.6346,NA,3,715,3,4,1,4,4,4,2,-0.5803,142.2,-0.42,569.3332,390.0896,395.1324,1,4,2
4500309,510.40862,509.83772,2,1,15.333333333333334,8.74681,8.48873,8.26761,11.9425,8.93142,9.15641,NA,1,715,3,4,1,4,4,4,2,-0.5803,142.2,NA,571.0469,424.4513,439.8918,1,4,2
4500312,449.86571,438.35657,1,1,14.833333333333334,10.04151,9.62932,9.60333,9.34439,8.69047,9.15641,NA,2,715,3,4,1,4,4,4,2,-0.5803,142.2,0,510.6013,426.9456,422.1746,1,4,2
4500315,492.19494,475.78107,1,1,14.416666666666666,10.04151,9.62932,10.80246,11.01771,10.54867,9.15641,NA,3,715,3,4,1,4,4,4,2,-0.5803,142.2,-0.31,531.399,462.3719,423.7598,1,4,2
3430113,468.78141,425.29396,2,1,14.416666666666666,10.92551,11.04872,10.80246,11.01771,8.93142,9.15641,1,1,1049,1,2,2,3,2,3,1,-0.9168,282.5,0.94,392.2028,363.5034,391.4025,1,5,2
3430124,461.49705,545.18658,1,2,14.583333333333334,10.25396,11.04872,9.60333,9.34439,7.89169,9.15641,2,2,1049,1,2,2,3,2,3,1,-0.9168,282.5,0.23,524.3885,541.8823,548.8064,1,5,2
3430115,612.92879,554.3381,2,1,14.166666666666666,12.51743,9.62932,10.35777,9.81093,10.54867,9.15641,1,1,1049,1,2,2,3,2,3,1,-0.9168,282.5,0.51,554.845,477.1391,514.7706,1,5,2
3430102,518.54963,501.18201,1,1,15.25,11.64917,13.03951,9.60333,7.2741,9.16491,8.70884,2,1,1049,1,2,2,3,2,3,1,-0.9168,282.5,-0.26,555.6239,546.6482,447.6315,1,5,2
3430318,531.67999,509.14137,1,1,15.25,11.17406,11.04872,10.35777,8.55351,9.16491,10.15325,NA,1,1049,1,2,2,3,2,3,1,-0.9168,282.5,-0.64,467.604,462.4513,470.3842,1,5,2
3430320,454.3955,502.56282,1,1,15.333333333333334,11.64917,9.62932,10.35777,8.92971,8.93142,12.42205,1,1,1049,1,2,2,3,2,3,1,-0.9168,282.5,0.21,440.1854,442.8318,406.3223,1,5,2
3430313,539.45419,601.64231,2,1,15.166666666666666,10.25396,10.19817,7.03246,9.81093,10.30668,12.42205,1,3,1049,1,2,2,3,2,3,1,-0.9168,282.5,0.39,457.3999,461.02,543.1182,1,5,2
3430308,639.42807,608.73641,1,1,14.666666666666666,8.91919,9.18945,9.965,11.01771,11.07454,10.15325,2,2,1049,1,2,2,3,2,3,1,-0.9168,282.5,-0.14,590.5982,589.5409,567.4562,1,5,2
3430305,570.89331,550.67086,2,1,14.833333333333334,12.51743,13.03951,9.26151,8.92971,10.30668,10.74331,2,NA,1049,1,2,2,3,2,3,1,-0.9168,282.5,0.33,538.4873,463.506,526.3335,1,5,2
3430304,493.58155,561.15353,2,1,14.666666666666666,12.51743,6.83195,9.26151,7.57539,8.17383,7.85736,1,2,1049,1,2,2,3,2,3,1,-0.9168,282.5,0.49,539.9673,548.5122,522.8833,1,5,2
3430311,554.16625,545.52276,2,1,15.5,10.25396,10.19817,9.26151,8.20673,9.39344,9.15641,1,1,1049,1,2,2,3,2,3,1,-0.9168,282.5,-0.89,475.4713,467.3553,496.6803,1,5,2
3770212,458.95635,473.1074,1,1,14.416666666666666,14.01827,12.83637,13.46507,13.70742,10.58526,14.34298,1,2,338,1,4,1,3,4,3,3,-2.0766,NA,0.43,406.2237,469.8384,395.1324,1,6,2
3770215,483.95705,490.10261,2,1,14.666666666666666,7.30445,11.04872,11.33851,8.92971,9.16491,9.15641,NA,2,338,1,4,1,3,4,3,3,-2.0766,NA,-0.36,389.6323,372.0041,411.6374,1,6,2
3770201,555.62135,585.69795,1,1,14.833333333333334,10.92551,13.03951,10.80246,11.01771,11.37095,11.44903,2,2,338,1,4,1,3,4,3,3,-2.0766,NA,0.68,516.6771,545.8539,539.9478,1,6,2
3770223,660.38603,680.75221,2,1,14.5,10.25396,9.62932,8.60159,10.35139,12.08627,8.27843,2,2,338,1,4,1,3,4,3,3,-2.0766,NA,-0.17,599.9455,570.1647,601.9582,1,6,2
3770205,453.44867,452.31292,1,1,15.5,10.92551,13.03951,7.99532,9.34439,8.43911,8.70884,2,1,338,1,4,1,3,4,3,3,-2.0766,NA,0.17,423.594,425.913,395.5054,1,6,2
3770216,636.83227,570.45191,1,1,14.666666666666666,10.04151,13.03951,13.46507,11.01771,13.14698,12.42205,NA,2,338,1,4,1,3,4,3,3,-2.0766,NA,-0.08,498.2162,584.6956,447.445,1,6,2
3770221,492.52087,505.27828,2,1,15.5,10.25396,13.03951,9.60333,11.9425,8.43911,9.15641,1,2,338,1,4,1,3,4,3,3,-2.0766,NA,0.12,388.2303,417.5545,379.4666,1,6,2
3770222,575.66511,515.54404,1,2,14.916666666666666,10.92551,9.62932,8.26761,6.97345,12.08627,9.6346,2,1,338,1,4,1,3,4,3,3,-2.0766,NA,0.25,426.9434,478.5758,421.2421,1,6,2
3770217,638.78225,545.81758,2,1,14.75,11.64917,13.03951,11.33851,11.01771,12.54869,10.15325,1,3,338,1,4,1,3,4,3,3,-2.0766,NA,0.49,548.6135,452.5193,526.6132,1,6,2
3770219,482.32407,407.915,1,1,14.583333333333334,11.64917,10.19817,8.60159,11.01771,8.69047,8.70884,1,2,338,1,4,1,3,4,3,3,-2.0766,NA,0.58,391.9692,413.9984,473.4614,1,6,2
3770202,476.68577,542.32459,1,1,14.416666666666666,11.64917,11.04872,9.60333,11.01771,8.69047,8.70884,1,1,338,1,4,1,3,4,3,3,-2.0766,NA,0.72,429.3582,461.5776,444.2745,1,6,2
3770206,401.00811,494.0291,1,1,15.833333333333334,8.91919,13.03951,8.60159,7.88323,8.69047,8.70884,4,2,338,1,4,1,3,4,3,3,-2.0766,NA,-1.05,400.5375,341.7162,395.1324,1,6,2
3900103,591.2964,673.79144,1,1,15.166666666666666,12.51743,10.19817,12.07123,8.92971,15.81948,10.74331,1,1,807,1,1,3,3,3,2,1,0.0872,102.5,0.51,562.868,580.7241,492.2044,3,5,2
3900109,629.34758,620.08849,1,1,14.333333333333334,11.64917,8.48873,10.80246,11.9425,15.81948,14.34298,1,2,807,1,1,3,3,3,2,1,0.0872,102.5,0.57,510.2898,519.8799,477.1913,3,5,2
3900124,633.88407,586.04318,2,1,14,10.25396,8.19852,9.60333,6.97345,9.39344,8.70884,1,3,807,1,1,3,3,3,2,1,0.0872,102.5,0.86,631.8819,558.1355,587.0384,3,5,2
3900113,609.4303,616.37597,2,1,14.75,10.92551,8.19852,8.60159,8.55351,8.93142,9.6346,1,2,807,1,1,3,3,3,2,1,0.0872,102.5,0.82,575.1753,545.144,560.0895,3,5,2
3900118,523.19752,541.71106,1,1,14.083333333333334,11.64917,11.04872,9.965,11.01771,9.16491,9.6346,1,2,807,1,1,3,3,3,2,1,0.0872,102.5,0.72,464.4882,507.9653,419.3771,3,5,2
3900125,720.02457,786.91882,2,1,13.833333333333334,11.64917,8.81989,10.80246,7.57539,12.54869,9.15641,1,3,807,1,1,3,3,3,2,1,0.0872,102.5,0.66,649.5638,614.1915,647.8366,3,5,2
3900111,557.31009,535.5109,2,1,14.75,11.64917,9.62932,6.36452,8.55351,7.58514,6.97717,1,2,807,1,1,3,3,3,2,1,0.0872,102.5,0.52,524.9338,506.7308,490.2462,3,5,2
3900117,537.75282,534.29802,1,1,14.166666666666666,11.64917,8.81989,8.26761,7.88323,6.85613,10.15325,1,1,807,1,1,3,3,3,2,1,0.0872,102.5,0.54,402.4069,544.9801,466.0947,3,5,2
3900220,661.18872,713.02795,1,1,15.083333333333334,11.64917,13.03951,10.80246,11.01771,7.58514,8.70884,2,1,807,1,1,3,3,3,2,1,0.0872,102.5,0.36,577.4342,574.6873,600.2797,3,8,2
3900119,580.1254,570.61852,1,1,13.833333333333334,10.92551,10.19817,12.07123,10.35139,11.37095,12.42205,1,1,807,1,1,3,3,3,2,1,0.0872,102.5,0.76,570.8132,491.8408,455.1846,3,5,2
3900128,589.45973,636.21626,1,2,14.583333333333334,11.64917,10.19817,8.26761,7.2741,9.61942,7.85736,1,1,807,1,1,3,3,3,2,1,0.0872,102.5,0.64,581.3289,622.9019,547.4077,3,5,2
3900106,635.56846,598.53634,1,1,15,11.64917,10.19817,9.965,7.57539,13.14698,12.42205,1,3,807,1,1,3,3,3,2,1,0.0872,102.5,0.5,589.8193,556.1799,598.4148,3,5,2
3900202,695.50811,689.42898,2,1,15.666666666666666,12.51743,7.91394,8.93041,9.81093,9.16491,11.44903,1,1,807,1,1,3,3,3,2,1,0.0872,102.5,0.43,694.3527,594.7844,621.9135,3,8,2
3900201,706.11319,688.32302,2,1,14.75,11.64917,9.62932,12.07123,9.34439,13.14698,11.44903,1,2,807,1,1,3,3,3,2,1,0.0872,102.5,0.78,772.1686,628.7067,694.1813,3,8,2
3900215,724.97671,597.17648,1,1,14.75,11.64917,13.03951,13.46507,9.81093,14.02271,10.74331,1,1,807,1,1,3,3,3,2,1,0.0872,102.5,0.57,576.811,464.2782,544.3305,3,8,2
3900223,621.22489,553.95479,1,2,14.166666666666666,14.01827,8.19852,10.35777,8.92971,11.07454,9.15641,1,1,807,1,1,3,3,3,2,1,0.0872,102.5,0.8,553.2871,512.4928,499.2913,3,8,2
3900226,688.29058,605.5437,1,2,14.833333333333334,11.64917,9.62932,10.80246,9.34439,10.80346,9.6346,1,1,807,1,1,3,3,3,2,1,0.0872,102.5,0.72,646.1365,573.0987,610.5371,3,8,2
3900122,626.9385,576.98812,1,1,14.416666666666666,11.64917,10.19817,10.80246,13.70742,11.07454,8.70884,1,2,807,1,1,3,3,3,2,1,0.0872,102.5,0.72,535.4494,525.7578,506.285,3,5,2
3900207,625.49322,627.7647,2,1,14.666666666666666,14.01827,9.18945,13.46507,11.9425,9.84519,11.44903,1,2,807,1,1,3,3,3,2,1,0.0872,102.5,0.52,627.6757,497.9896,579.2055,3,8,2
3900216,653.95141,610.19327,1,1,13.916666666666666,14.01827,8.81989,10.35777,8.55351,10.07332,12.42205,1,1,807,1,1,3,3,3,2,1,0.0872,102.5,1,696.6895,633.0691,659.8657,3,8,2
3900219,619.84588,599.8303,2,1,14.333333333333334,12.21628,9.62932,10.80246,10.35139,10.30668,9.6346,NA,2,807,1,1,3,3,3,2,1,0.0872,102.5,0.22,689.0559,606.172,551.8836,3,8,2
3900110,625.03053,571.51138,2,2,14.333333333333334,11.64917,9.18945,11.33851,13.70742,11.37095,10.74331,1,2,807,1,1,3,3,3,2,1,0.0872,102.5,0.39,592.935,550.918,587.0384,3,8,2
3900230,646.09029,684.18759,1,1,14.833333333333334,11.64917,10.19817,10.35777,8.55351,9.39344,10.15325,1,1,807,1,1,3,3,3,2,1,0.0872,102.5,0.1,693.7296,674.4527,683.3644,3,8,2
4400115,614.22512,639.1063,1,1,14.833333333333334,10.25396,9.62932,11.33851,10.35139,14.02271,11.44903,2,1,907,3,2,2,4,4,2,2,-0.256,155.5,-0.23,604.3854,611.7022,547.1279,1,3,2
4400118,434.38045,459.94931,1,1,14.25,11.64917,9.62932,8.26761,7.88323,7.58514,8.27843,2,1,907,3,2,2,4,4,2,2,-0.256,155.5,0.3,479.2881,433.8561,435.5091,1,3,2
4400105,499.85885,466.12688000000003,1,1,15.083333333333334,10.25396,11.04872,11.33851,10.35139,10.30668,12.42205,2,1,907,3,2,2,4,4,2,2,-0.256,155.5,-0.49,467.604,429.8846,368.37,1,3,2
4400110,544.73214,541.49261,1,1,13.833333333333334,11.64917,10.19817,13.46507,11.01771,15.81948,14.34298,1,1,907,3,2,2,4,4,2,2,-0.256,155.5,0.7,571.9037,563.3287,534.0731,1,3,2
4400123,568.37305,604.68696,1,1,14.583333333333334,14.01827,10.19817,8.93041,8.20673,8.93142,8.70884,1,1,907,3,2,2,4,4,2,2,-0.256,155.5,0.09,497.1257,491.0465,527.5457,1,3,2
4400104,574.0357,583.27873,1,1,14.083333333333334,10.04151,9.62932,9.26151,7.88323,9.84519,8.70884,NA,2,907,3,2,2,4,4,2,2,-0.256,155.5,0.44,642.9428,564.7584,569.4144,1,3,2
4400108,557.23791,565.35203,2,1,14.75,11.64917,9.18945,9.26151,8.92971,10.54867,8.27843,2,2,907,3,2,2,4,4,2,2,-0.256,155.5,-0.43,574.3184,563.1878,576.03510000000006,1,3,2
4400114,447.8535,466.00456,1,1,14.916666666666666,11.64917,6.19658,9.60333,11.9425,9.16491,11.44903,2,1,907,3,2,2,4,4,2,2,-0.256,155.5,-0.38,458.1788,423.5301,411.7307,1,3,2
4400120,584.52245,551.54997,1,1,14.416666666666666,11.64917,10.19817,10.80246,13.70742,11.70269,11.44903,1,2,907,3,2,2,4,4,2,2,-0.256,155.5,0.73,544.1735,538.6256,496.8668,1,3,2
3480123,502.06905,474.93294,1,1,15.083333333333334,9.60097,10.19817,9.60333,11.01771,7.89169,8.27843,2,2,532,1,1,2,3,1,2,2,-0.4184,90,-0.32,428.6571,490.4904,448.2842,1,3,2
3480113,498.37827,517.44334,2,1,14.75,10.92551,9.62932,9.26151,9.34439,8.43911,8.27843,1,2,532,1,1,2,3,1,2,2,-0.4184,90,0.64,510.4456,423.4087,463.8568,1,3,2
3480106,635.57963,568.34889,1,1,14.666666666666666,12.51743,11.04872,10.35777,11.9425,11.70269,8.70884,1,2,532,1,1,2,3,1,2,2,-0.4184,90,0.15,639.0481,628.3032,576.8743,1,3,2
3480105,463.73675,467.05323,1,1,15.166666666666666,12.51743,10.19817,10.35777,9.81093,9.84519,10.74331,2,1,532,1,1,2,3,1,2,2,-0.4184,90,0.37,463.8651,494.462,424.972,1,3,2
3480116,452.58094,461.43017,1,1,14.583333333333334,10.04151,9.62932,9.965,8.55351,8.93142,9.6346,NA,1,532,1,1,2,3,1,2,2,-0.4184,90,0.59,444.158,438.622,448.0977,1,3,2
3480110,612.16219,632.78329,2,1,14.166666666666666,11.64917,7.91394,7.51389,8.20673,8.17383,5.01998,1,2,532,1,1,2,3,1,2,2,-0.4184,90,0.51,590.6761,486.201,515.4233,1,3,2
3480114,592.96749,592.28916,2,2,14.5,14.01827,10.19817,7.51389,4.82293,6.85613,8.70884,1,3,532,1,1,2,3,1,2,2,-0.4184,90,NA,485.5974,476.8985,478.3103,1,3,2
3480120,495.05029,497.71674,2,1,14.666666666666666,14.01827,7.38476,9.60333,11.9425,10.30668,9.15641,1,2,532,1,1,2,3,1,2,2,-0.4184,90,0.92,455.9199,427.4185,433.6442,1,3,2
3480101,462.88367,510.57128,1,1,14.666666666666666,11.64917,8.48873,9.60333,11.01771,7.89169,8.70884,3,1,532,1,1,2,3,1,2,2,-0.4184,90,-0.1,428.735,451.0927,458.7281,1,3,2
3480103,514.86835,501.43439,1,1,14.666666666666666,12.51743,8.81989,13.46507,13.70742,10.07332,14.34298,1,1,532,1,1,2,3,1,2,2,-0.4184,90,0.89,452.7263,421.1472,471.4099,1,3,2
3480102,530.73953,541.00128,1,1,14.416666666666666,11.64917,10.19817,5.03748,6.66537,8.43911,7.85736,2,1,532,1,1,2,3,1,2,2,-0.4184,90,-0.1,411.3647,422.1798,389.5375,1,3,2
4870217,579.93881,535.01019,1,1,14,11.64917,8.48873,9.965,11.01771,9.16491,9.6346,1,1,291,2,5,1,2,3,1,3,0.5021,148.5,0.33,582.3415,552.9232,542.5587,1,3,2
4870203,597.51538,580.663,1,1,13.916666666666666,10.25396,9.18945,8.26761,7.88323,8.17383,9.15641,3,1,291,2,5,1,2,3,1,3,0.5021,148.5,-0.76,548.8472,517.1793,494.0694,1,3,2
4870205,439.71293,477.84655,2,1,14.25,10.04151,13.03951,8.93041,8.92971,7.89169,8.27843,NA,3,291,2,5,1,2,3,1,3,0.5021,148.5,0.24,503.0456,445.0613,461.712,1,3,2
4870216,557.26227,561.27115,1,1,13.916666666666666,10.25396,10.19817,9.965,10.35139,10.07332,9.6346,3,1,291,2,5,1,2,3,1,3,0.5021,148.5,-0.1,647.4607,510.0305,549.6457,1,3,2
4870215,510.90147,658.4856,2,1,13.833333333333334,8.19314,8.81989,7.03246,6.97345,9.39344,6.97717,2,3,291,2,5,1,2,3,1,3,0.5021,148.5,-0.72,567.308,385.7173,457.8888,1,3,2
4870207,530.07785,561.61114,2,1,14.083333333333334,10.92551,13.03951,8.93041,9.34439,8.43911,9.15641,2,2,291,2,5,1,2,3,1,3,0.5021,148.5,0.05,531.4769,472.3274,495.5614,1,3,2
4870213,571.90483,598.40999,1,1,15,11.64917,13.03951,12.07123,13.70742,11.37095,9.6346,2,1,291,2,5,1,2,3,1,3,0.5021,148.5,1.1,450.6232,434.0944,439.8918,1,3,2
4870202,521.30263,615.3309,2,1,14.666666666666666,10.92551,8.81989,8.93041,7.2741,9.16491,9.15641,2,3,291,2,5,1,2,3,1,3,0.5021,148.5,0.4,560.2197,508.3347,500.2238,1,3,2
4870211,599.21205,640.46758,1,1,14.5,11.64917,10.19817,9.60333,10.35139,12.54869,9.6346,1,1,291,2,5,1,2,3,1,3,0.5021,148.5,0.61,521.0391,520.3565,545.263,1,3,2
4870208,564.1274,561.01725,1,1,14.166666666666666,12.51743,13.03951,9.965,7.88323,9.39344,10.15325,1,3,291,2,5,1,2,3,1,3,0.5021,148.5,0.63,531.5548,470.9504,552.9094,1,3,2
4870204,550.79346,589.71096,2,2,13.666666666666666,8.91919,9.62932,8.93041,7.88323,8.43911,10.15325,4,1,291,2,5,1,2,3,1,3,0.5021,148.5,-1.93,610.1496,472.568,507.031,1,3,2
4870219,482.38474,608.7291,1,1,13.916666666666666,10.25396,8.19852,9.60333,9.81093,9.39344,7.85736,3,2,291,2,5,1,2,3,1,3,0.5021,148.5,-1.43,509.2771,480.7204,491.5517,1,3,2
4870206,583.23807,626.29966,2,1,13.916666666666666,7.30445,10.19817,9.26151,9.34439,9.61942,9.15641,NA,3,291,2,5,1,2,3,1,3,0.5021,148.5,-0.78,543.083,504.4052,472.5289,1,3,2
4620212,595.61468,633.39508,2,1,14.583333333333334,10.25396,13.03951,9.965,4.82293,6.39359,10.15325,2,1,592,2,1,1,3,1,1,1,1.1595,119.2,-0.15,537.5526,437.2824,483.7188,1,5,2
4620225,643.38768,700.99491,1,1,15,10.92551,8.81989,13.46507,13.70742,10.54867,10.74331,2,1,592,2,1,1,3,1,1,1,1.1595,119.2,0.47,511.3024,490.0139,537.0571,1,5,2
4620206,590.91294,666.00371,2,2,14.166666666666666,10.92551,13.03951,10.80246,13.70742,11.70269,12.42205,1,1,592,2,1,1,3,1,1,1,1.1595,119.2,0.18,607.2675,539.6106,601.3055,1,5,2
4620226,644.54244,643.73448,2,1,14.833333333333334,10.92551,11.04872,NA,11.85802,8.69047,NA,2,2,592,2,1,1,3,1,1,1,1.1595,119.2,NA,642.7091,575.2169,613.3346,1,5,2
4620208,681.07114,608.55791,2,1,15.166666666666666,9.60097,13.03951,10.80246,10.35139,12.08627,9.6346,2,2,592,2,1,1,3,1,1,1,1.1595,119.2,0.11,684.5381,580.59,626.7624,1,5,2
4620219,669.93634,681.56443,1,1,15.083333333333334,9.60097,10.19817,9.26151,9.81093,9.39344,8.70884,2,2,592,2,1,1,3,1,1,1,1.1595,119.2,0.07,626.7409,568.8094,604.1029,1,5,2
4620201,696.40243,600.48616,1,1,15.083333333333334,11.64917,9.62932,8.93041,8.55351,11.37095,8.70884,1,2,592,2,1,1,3,1,1,1,1.1595,119.2,0.49,650.8101,647.7638,671.1488,1,5,2
4620222,659.01059,656.7121,1,1,14.416666666666666,8.74681,11.04872,12.07123,11.01771,10.07332,9.6346,NA,2,592,2,1,1,3,1,1,1,1.1595,119.2,-0.83,606.177,502.1668,569.5076,1,5,2
3820516,555.50224,582.82024,1,1,14.833333333333334,10.92551,9.18945,9.965,8.92971,9.61942,10.74331,1,2,1365,4,2,2,2,3,3,1,-0.9168,NA,0.34,558.7397,570.4775,536.5908,1,6,2
3820514,577.76034,563.51558,2,1,14.75,11.64917,11.04872,10.35777,8.20673,11.70269,10.15325,1,2,1365,4,2,2,2,3,3,1,-0.9168,NA,0.57,466.4356,491.5741,435.6024,1,6,2
3820501,482.72988,522.4856,1,1,14.666666666666666,10.92551,13.03951,9.965,9.81093,10.54867,10.74331,1,2,1365,4,2,2,2,3,3,1,-0.9168,NA,0.34,462.9304,496.6066,469.4517,1,6,2
3820505,542.27791,491.88953,1,1,15.166666666666666,12.51743,11.04872,9.60333,7.2741,8.43911,9.6346,2,2,1365,4,2,2,2,3,3,1,-0.9168,NA,0.59,529.6074,514.002,505.166,1,6,2
3820525,550.8453,575.50181,1,1,14.833333333333334,11.64917,11.04872,9.965,9.81093,10.80346,11.44903,2,2,1365,4,2,2,2,3,3,1,-0.9168,NA,-0.57,493.5426,510.8248,507.1242,1,6,2
3820512,558.00798,570.52316,1,1,15.083333333333334,10.25396,8.48873,11.33851,8.55351,9.84519,10.15325,2,1,1365,4,2,2,2,3,3,1,-0.9168,NA,0.11,457.7115,486.9955,417.6054,1,6,2
3820513,412.99343,428.32791,1,1,15,11.64917,13.03951,11.33851,8.92971,10.30668,10.15325,1,1,1365,4,2,2,2,3,3,1,-0.9168,NA,-0.47,392.047,415.031,370.8877,1,6,2
3820507,541.24404,588.88401,1,2,14.5,12.51743,9.18945,10.35777,11.9425,10.54867,10.74331,1,3,1365,4,2,2,2,3,3,1,-0.9168,NA,0.52,535.4494,522.66,566.6169,1,6,2
3180103,497.08563,536.18216,2,1,14.75,11.64917,9.62932,9.26151,8.55351,10.07332,9.15641,1,2,856,1,4,1,2,2,2,3,-1.0989,208.75,0.89,418.5309,429.8243,456.3969,1,3,2
3180122,512.98854,504.18193,1,1,15,11.64917,11.04872,11.33851,9.81093,11.37095,11.44903,2,1,856,1,4,1,2,2,2,3,-1.0989,208.75,-0.01,435.7454,461.4981,471.5032,1,3,2
3180106,588.69547,538.33318,1,1,14.75,10.25396,11.04872,9.60333,8.92971,7.24499,9.6346,1,1,856,1,4,1,2,2,2,3,-1.0989,208.75,-0.02,388.0745,463.2456,441.5703,1,3,2
3180113,582.22789,587.94238,1,1,14.75,12.51743,13.03951,13.46507,11.9425,14.02271,14.34298,1,3,856,1,4,1,2,2,2,3,-1.0989,208.75,0.88,536.1505,488.1075,503.301,1,3,2
3180121,623.79554,568.15009,1,1,15.25,10.25396,11.04872,9.965,8.92971,10.80346,11.44903,2,1,856,1,4,1,2,2,2,3,-1.0989,208.75,-0.1,504.3698,542.1206,482.7863,1,3,2
3180312,439.17103,525.43838,1,1,14.333333333333334,14.01827,13.03951,9.26151,7.88323,9.39344,8.27843,1,2,856,1,4,1,2,2,2,3,-1.0989,208.75,0.72,401.3943,406.8496,351.0257,1,3,2
3180102,711.94311,694.5486,2,1,14.5,11.64917,10.19817,12.07123,13.70742,14.02271,14.34298,1,2,856,1,4,1,2,2,2,3,-1.0989,208.75,-0.26,584.3667,524.4538,537.8031,1,3,2
3180118,450.69801,447.30285,1,1,14.833333333333334,11.64917,11.04872,8.26761,9.81093,9.16491,9.15641,1,1,856,1,4,1,2,2,2,3,-1.0989,208.75,0.61,349.0497,380.0813,384.875,1,3,2
3180120,432.59752,430.17746,2,1,14.916666666666666,8.19314,13.03951,12.07123,10.35139,9.39344,10.15325,4,1,856,1,4,1,2,2,2,3,-1.0989,208.75,-0.23,338.7677,331.1049,376.4827,1,3,2
3180105,563.26426,533.4739,2,1,14.75,8.91919,13.03951,10.80246,11.01771,14.02271,11.44903,3,2,856,1,4,1,2,2,2,3,-1.0989,208.75,-0.15,352.9444,337.0393,424.0395,1,3,2
3180112,442.80672,473.96109,1,1,14.75,9.60097,13.03951,7.51389,6.97345,7.58514,8.70884,2,2,856,1,4,1,2,2,2,3,-1.0989,208.75,-0.17,468.6166,486.2012,470.7572,1,3,2
3180104,503.52505,532.51514,2,1,14.833333333333334,10.92551,13.03951,13.46507,11.9425,11.07454,8.70884,1,2,856,1,4,1,2,2,2,3,-1.0989,208.75,0.39,456.7768,467.2751,544.517,1,3,2
3180101,424.82523,406.35602,2,1,14.833333333333334,11.64917,13.03951,10.80246,11.01771,10.30668,9.6346,1,1,856,1,4,1,2,2,2,3,-1.0989,208.75,0.01,422.8151,372.0843,407.6278,1,3,2
3180302,599.97597,491.79755,2,1,14.833333333333334,10.92551,9.62932,9.965,11.01771,10.80346,10.15325,1,1,856,1,4,1,2,2,2,3,-1.0989,208.75,0.41,429.3582,371.2823,425.718,1,3,2
3180311,628.42232,737.50526,2,1,15,12.51743,9.18945,9.60333,11.9425,10.54867,9.6346,2,2,856,1,4,1,2,2,2,3,-1.0989,208.75,-0.09,610.0717,492.376,576.9675,1,3,2
3180107,471.31195,454.44987,2,1,14.916666666666666,11.64917,8.19852,12.07123,11.01771,11.37095,11.44903,1,2,856,1,4,1,2,2,2,3,-1.0989,208.75,1.24,429.9034,349.5496,441.7568,1,3,2
3180125,542.03366,528.25193,1,1,14.75,11.64917,11.04872,7.51389,7.57539,6.39359,8.70884,1,1,856,1,4,1,2,2,2,3,-1.0989,208.75,-0.12,482.6375,521.9451,513.6516,1,3,2
3180305,560.45975,581.43715,1,1,14.916666666666666,10.92551,9.62932,9.965,9.81093,9.84519,9.15641,2,1,856,1,4,1,2,2,2,3,-1.0989,208.75,0.13,550.2493,537.7519,581.5367,1,3,2
3180315,531.4677,503.74133,1,1,14.416666666666666,10.92551,9.18945,8.93041,8.55351,10.30668,8.70884,1,1,856,1,4,1,2,2,2,3,-1.0989,208.75,0.81,459.7367,433.8561,515.2369,1,3,2
3180309,554.72,562.47062,2,1,14.916666666666666,12.51743,11.04872,10.35777,11.9425,11.07454,12.42205,2,1,856,1,4,1,2,2,2,3,-1.0989,208.75,-0.04,529.919,458.133,532.2081,1,3,2
3680321,651.20288,641.06583,2,1,14.416666666666666,11.64917,9.62932,8.93041,11.01771,9.16491,7.85736,1,2,619,2,2,2,3,1,3,1,-0.5803,91.714,0.54,674.2561,584.5195,680.567,3,5,2
3680325,623.81409,602.76911,2,2,14.5,9.60097,8.48873,10.35777,10.35139,10.30668,10.15325,4,2,619,2,2,2,3,1,3,1,-0.5803,91.714,-0.24,610.9285,451.4768,547.7807,3,5,2
3680315,552.04834,612.2018,2,1,15.083333333333334,11.64917,8.48873,10.80246,9.34439,9.39344,10.74331,1,2,619,2,2,2,3,1,3,1,-0.5803,91.714,0.68,550.8724,514.0285,534.8191,3,5,2
3680316,632.05544,690.60509,2,1,14.416666666666666,11.64917,10.19817,10.35777,9.81093,10.80346,9.15641,1,1,619,2,2,2,3,1,3,1,-0.5803,91.714,-0.17,609.059,554.8475,596.5498,3,5,2
3680318,605.94143,618.79388,2,1,14.666666666666666,14.01827,8.19852,8.93041,8.92971,9.39344,6.47491,1,2,619,2,2,2,3,1,3,1,-0.5803,91.714,0.99,618.0168,499.4331,550.7646,3,5,2
3680309,635.66164,599.80531,1,1,14.833333333333334,11.64917,11.04872,10.35777,9.81093,10.54867,10.74331,1,1,619,2,2,2,3,1,3,1,-0.5803,91.714,0.68,610.9285,542.1206,538.7355,3,5,2
3680310,607.35463,608.68655,2,1,14.583333333333334,14.01827,13.03951,6.36452,6.33324,11.07454,8.27843,1,2,619,2,2,2,3,1,3,1,-0.5803,91.714,0.09,594.9603,520.4441,542.8385,3,5,2
3680324,615.06659,590.24452,1,NA,14.416666666666666,10.84191,10.19817,10.80246,13.70742,9.84519,10.15325,2,1,619,2,2,2,3,1,3,1,-0.5803,91.714,-0.16,560.9986,487.0749,495.8411,3,5,2
3680303,650.59102,581.57757,1,1,14.083333333333334,11.64917,13.03951,9.965,7.57539,6.85613,10.15325,1,1,619,2,2,2,3,1,3,1,-0.5803,91.714,0.37,555.3124,542.5972,557.3853,3,5,2
3680311,723.09098,732.23223,2,1,14.916666666666666,10.92551,10.19817,8.93041,8.55351,11.07454,6.47491,1,3,619,2,2,2,3,1,3,1,-0.5803,91.714,0.39,582.8088,478.743,564.8452,3,5,2
3680323,645.23854,665.71086,1,1,14.666666666666666,10.25396,11.04872,10.35777,8.92971,10.54867,10.74331,1,2,619,2,2,2,3,1,3,1,-0.5803,91.714,-0.23,586.392,544.2652,494.3491,3,5,2
4330208,565.57591,577.48774,2,1,15.166666666666666,10.92551,10.19817,9.60333,9.81093,9.84519,9.6346,2,1,556,2,5,1,3,2,1,2,-0.4184,140,-0.12,534.4368,444.4999,492.1112,1,3,2
4330201,600.6866,552.85811,2,1,13.916666666666666,12.51743,7.11034,9.26151,11.01771,10.80346,11.14046,1,1,556,2,5,1,3,2,1,2,-0.4184,140,0.43,618.64,551.6398,564.5655,1,3,2
4330220,512.41032,512.69077,1,1,16.25,10.25396,13.03951,10.35777,11.9425,8.69047,12.42205,2,2,556,2,5,1,3,2,1,2,-0.4184,140,-0.21,413.1563,442.3552,430.7535,1,3,2
4330207,485.42746,465.32033,1,1,14.666666666666666,11.64917,10.19817,9.26151,8.92971,6.39359,7.85736,1,1,556,2,5,1,3,2,1,2,-0.4184,140,0.37,431.8508,448.7097,424.226,1,3,2
4330202,451.22271,442.147,2,1,15.083333333333334,9.60097,8.19852,8.60159,9.81093,8.93142,7.85736,3,2,556,2,5,1,3,2,1,2,-0.4184,140,-0.12,549.6261,588.5292,539.7613,1,3,2
4330217,453.43224,435.67549,2,1,15.083333333333334,9.60097,13.03951,11.33851,11.01771,9.16491,11.1503,3,1,556,2,5,1,3,2,1,2,-0.4184,140,-0.4,369.8473,433.834,404.8303,1,3,2
3030111,475.46575,538.08833,2,3,14.333333333333334,10.92551,9.62932,10.35777,8.20673,9.84519,12.42205,2,2,763,NA,4,1,2,1,1,3,-0.0892,127.692,0.56,374.7546,326.614,209.5673,1,6,2
3030104,519.03645,435.90015,1,3,14.333333333333334,9.60097,13.03951,10.35777,9.81093,12.08627,11.44903,1,3,763,NA,4,1,2,1,1,3,-0.0892,127.692,-0.01,433.2528,494.9386,413.5024,1,6,2
3030110,516.40468,504.77451,1,3,14.5,10.92551,8.19852,13.46507,13.70742,12.08627,12.42205,2,3,763,NA,4,1,2,1,1,3,-0.0892,127.692,0.03,472.3555,466.1846,409.3062,1,6,2
3040110,527.69111,472.8116,1,2,13.833333333333334,10.92551,10.19817,8.93041,9.34439,8.43911,9.25415,1,1,685,4,2,1,2,4,3,2,-0.256,134.6,0.44,502.7341,516.2261,466.188,1,5,2
3030108,450.68405,383.19404,1,3,14,13.71571,8.48873,9.60333,10.35139,9.39344,8.70884,NA,3,763,NA,4,1,2,1,1,3,-0.0892,127.692,0.09,374.8325,358.3967,341.9806,1,6,2
3040108,476.58711,514.6083,2,3,14.583333333333334,10.04151,10.19817,8.93041,10.35139,8.93142,9.6346,NA,2,685,4,2,1,2,4,3,2,-0.256,134.6,-0.32,451.1684,365.6687,428.702,1,5,2
3040111,506.26051,515.3293,1,2,14.916666666666666,9.60097,13.03951,7.51389,6.97345,9.16491,7.42878,1,3,685,4,2,1,2,4,3,2,-0.256,134.6,0.02,466.6693,500.0222,499.5711,1,5,2
3040104,530.68154,481.47101,2,1,14.25,9.60097,9.62932,13.46507,10.35139,12.54869,12.42205,2,3,685,4,2,1,2,4,3,2,-0.256,134.6,-0.77,522.8307,467.4355,476.9116,1,5,2
3320417,553.45383,551.78696,1,1,14.25,11.64917,13.03951,10.35777,7.57539,15.81948,10.74331,1,2,1426,NA,1,1,3,1,1,2,0.2803,NA,0.95,591.5329,598.8343,547.3144,1,3,2
3320403,623.06794,629.20563,1,1,14.25,14.01827,11.04872,12.07123,7.88323,10.80346,9.6346,1,2,1426,NA,1,1,3,1,1,2,0.2803,NA,-0.09,552.8976,571.2718,623.0325,1,3,2
3320420,634.48386,621.25293,1,1,14.666666666666666,12.51743,10.19817,10.35777,9.34439,10.80346,9.6346,1,2,1426,NA,1,1,3,1,1,2,0.2803,NA,1,544.6409,578.4206,615.0131,1,3,2
3320410,556.9969,533.52791,1,1,14.666666666666666,10.92551,11.04872,10.35777,9.34439,9.16491,10.74331,1,2,1426,NA,1,1,3,1,1,2,0.2803,NA,0.11,507.3298,514.0815,539.9478,1,3,2
3320418,547.3943,644.64415,2,2,14.333333333333334,10.92551,8.81989,10.35777,8.92971,12.08627,9.15641,1,2,1426,NA,1,1,3,1,1,2,0.2803,NA,1.59,541.4473,543.1391,490.2462,1,3,2
3320405,557.73244,579.41575,2,1,14.25,11.64917,9.62932,10.80246,9.81093,11.07454,8.27843,1,3,1426,NA,1,1,3,1,1,2,0.2803,NA,0.16,577.2784,437.2824,521.9508,1,3,2
3320413,561.86871,624.04498,1,1,14.416666666666666,12.51743,8.81989,10.35777,8.20673,10.54867,11.44903,1,2,1426,NA,1,1,3,1,1,2,0.2803,NA,0.86,556.4029,670.7988,634.7818,1,3,2
3320409,554.19295,564.13304,2,1,14.583333333333334,10.92551,7.91394,12.07123,11.9425,10.30668,10.15325,1,2,1426,NA,1,1,3,1,1,2,0.2803,NA,0.3,513.6392,512.2643,556.3596,1,3,2
3320421,564.76484,604.49307,1,1,15.083333333333334,11.64917,10.19817,10.35777,7.88323,11.70269,8.70884,1,2,1426,NA,1,1,3,1,1,2,0.2803,NA,0.29,517.1444,541.8029,522.8833,1,3,2
3320414,610.2968,614.05189,2,1,14.666666666666666,10.92551,9.62932,10.80246,10.35139,10.80346,9.15641,1,2,1426,NA,1,1,3,1,1,2,0.2803,NA,0.57,578.6026,561.3433,590.3954,1,3,2
3320411,588.95671,567.5886,2,1,15.083333333333334,8.74681,9.18945,11.33851,10.35139,9.84519,9.15641,NA,2,1426,NA,1,1,3,1,1,2,0.2803,NA,-0.04,458.9578,460.218,489.9664,1,3,2
3320415,486.1468,588.85018,2,1,14.5,10.92551,9.18945,9.965,11.01771,8.93142,11.44903,1,2,1426,NA,1,1,3,1,1,2,0.2803,NA,0.64,490.8942,459.4963,456.6766,1,3,2
3320423,618.93212,618.61221,1,1,14.833333333333334,10.92551,13.03951,10.80246,8.92971,11.07454,10.15325,1,1,1426,NA,1,1,3,1,1,2,0.2803,NA,0.47,588.4172,667.2244,621.6337,1,3,2
3320401,674.63797,650.01549,2,1,14,11.64917,7.91394,13.46507,13.70742,11.37095,9.6346,1,2,1426,NA,1,1,3,1,1,2,0.2803,NA,0.52,642.3197,631.0323,628.34760000000006,1,3,2
3320416,635.45102,562.01889,1,1,14.166666666666666,12.51743,13.03951,13.46507,9.81093,15.81948,12.42205,1,2,1426,NA,1,1,3,1,1,2,0.2803,NA,1.24,526.0243,634.8166,616.7848,1,3,2
3850114,528.8214,567.04894,1,1,14.75,12.51743,13.03951,13.46507,9.81093,15.81948,14.34298,1,1,454,2,2,1,4,3,2,2,0.2803,177.2,0.72,507.5635,484.6125,502.4618,NA,3,2
3850121,632.80842,586.39965,1,1,14.916666666666666,14.01827,10.19817,13.46507,11.9425,14.02271,11.44903,1,2,454,2,2,1,4,3,2,2,0.2803,177.2,0.18,492.4521,441.7992,452.7602,1,3,2
3850103,439.32086,456.80973,1,1,14.75,11.64917,11.04872,11.33851,7.88323,8.93142,10.15325,1,1,454,2,2,1,4,3,2,2,0.2803,177.2,-0.39,431.695,370.3113,415.6471,NA,3,2
3850115,529.6584,500.59848,1,1,14.5,10.04151,13.03951,13.46507,9.34439,7.58514,9.6346,NA,2,454,2,2,1,4,3,2,2,0.2803,177.2,0.04,464.4882,457.9237,461.3391,NA,3,2
4420109,544.90868,539.54879,1,1,14.75,10.92551,13.03951,12.07123,8.55351,10.30668,9.15641,2,1,573,1,2,1,4,3,4,2,-1.0989,192.333,0.98,511.3024,469.3618,520.2723,1,5,2
4420117,455.1488,464.09086,1,2,15.25,10.25396,9.99482,7.51389,7.57539,7.58514,10.15325,1,1,573,1,2,1,4,3,4,2,-1.0989,192.333,0.39,512.0034,482.309,471.8762,1,5,2
4420121,574.79404,555.62769,1,1,14.083333333333334,12.51743,11.04872,13.46507,11.9425,10.54867,11.44903,1,2,573,1,2,1,4,3,4,2,-1.0989,192.333,1.1,562.2449,516.4644,501.809,1,5,2
4420104,525.55566,553.39963,2,1,14.166666666666666,11.64917,7.91394,9.60333,11.9425,8.17383,10.15325,1,1,573,1,2,1,4,3,4,2,-1.0989,192.333,0.51,562.0891,499.5133,499.6643,1,5,2
4420113,548.43499,505.4258,1,1,14.083333333333334,12.51743,11.04872,10.35777,10.35139,11.70269,9.6346,1,2,573,1,2,1,4,3,4,2,-1.0989,192.333,0.89,480.5344,494.1443,410.0522,1,5,2
4420111,674.55719,676.96266,1,1,13.833333333333334,11.64917,11.04872,9.60333,8.92971,10.30668,10.15325,1,1,573,1,2,1,4,3,4,2,-1.0989,192.333,-0.57,615.4463,606.4597,542.4655,1,5,2
4420128,580.37446,524.37771,1,1,14.916666666666666,12.51743,9.62932,13.46507,11.01771,11.07454,12.42205,1,1,573,1,2,1,4,3,4,2,-1.0989,192.333,0.17,536.3063,486.5189,519.1533,1,5,2
4420118,601.3389,621.66373,1,1,13.833333333333334,12.51743,9.62932,10.80246,11.01771,11.70269,10.15325,1,2,573,1,2,1,4,3,4,2,-1.0989,192.333,0.38,694.1969,699.0763,664.3417,1,5,2
4420123,560.04075,516.79947,1,1,14.916666666666666,10.25396,11.04872,10.80246,9.81093,9.16491,9.15641,3,1,573,1,2,1,4,3,4,2,-1.0989,192.333,-0.4,549.3924,564.9173,560.8355,1,5,2
4420101,585.46995,576.10017,2,1,13.916666666666666,10.92551,8.19852,10.35777,11.01771,10.54867,14.34298,1,1,573,1,2,1,4,3,4,2,-1.0989,192.333,0.25,568.9438,553.1635,509.7352,1,5,2
4420102,550.55323,590.7532,1,1,13.916666666666666,10.92551,11.04872,13.46507,8.20673,11.37095,10.74331,1,1,573,1,2,1,4,3,4,2,-1.0989,192.333,0.41,582.8867,569.6832,553.0026,1,5,2
4420116,575.81439,593.63276,2,2,14.75,11.64917,13.03951,10.35777,8.92971,9.84519,10.38543,2,2,573,1,2,1,4,3,4,2,-1.0989,192.333,0.21,543.2388,493.8195,447.2585,1,5,2
4420125,639.17968,642.23093,2,1,14,11.64917,11.04872,12.07123,10.35139,12.08627,10.15325,1,1,573,1,2,1,4,3,4,2,-1.0989,192.333,0.25,705.8031,640.1745,631.0518,1,5,2
4420131,621.19953,571.97303,1,1,15,11.64917,13.03951,13.46507,13.70742,11.07454,10.74331,1,1,573,1,2,1,4,3,4,2,-1.0989,192.333,0.44,544.6409,564.9173,527.3592,1,5,2
4420110,692.2427,668.54852,2,1,14.75,10.92551,8.19852,10.35777,10.35139,10.80346,9.6346,1,1,573,1,2,1,4,3,4,2,-1.0989,192.333,0.26,598.5434,545.8658,522.1373,1,5,2
4420107,586.39901,621.56149,2,1,14.916666666666666,12.51743,8.19852,9.60333,7.57539,8.69047,10.15325,1,2,573,1,2,1,4,3,4,2,-1.0989,192.333,0.76,624.8715,554.9277,522.8833,1,5,2
4420105,541.18259,572.06174,1,1,14.916666666666666,12.51743,9.18945,9.26151,7.57539,8.93142,11.44903,1,1,573,1,2,1,4,3,4,2,-1.0989,192.333,0.91,511.2245,526.2344,487.4487,1,5,2
4420119,639.60058,595.75945,1,1,14.833333333333334,9.60097,10.19817,13.46507,11.9425,11.70269,10.74331,3,2,573,1,2,1,4,3,4,2,-1.0989,192.333,-0.35,574.5521,532.2712,492.2044,1,5,2
4420122,661.83789,644.47426,2,1,14.083333333333334,11.64917,9.18945,9.965,9.34439,10.54867,10.15325,1,2,573,1,2,1,4,3,4,2,-1.0989,192.333,0.51,646.6817,602.2425,615.1996,1,5,2
3680313,669.46728,668.27541,2,1,15.166666666666666,10.92551,8.48873,9.60333,7.88323,9.16491,8.70884,2,3,619,2,2,2,3,1,3,1,-0.5803,91.714,0.37,594.6487,472.8888,593.9388,3,5,2
3680317,576.27562,598.38609,1,1,14.666666666666666,14.01827,13.03951,9.965,9.34439,11.70269,10.15325,1,3,619,2,2,2,3,1,3,1,-0.5803,91.714,NA,608.7475,573.0987,540.6005,3,5,2
4500326,522.60846,470.38081,1,1,14.916666666666666,10.92551,9.62932,9.60333,11.01771,11.70269,7.85736,1,3,715,3,4,1,4,4,4,2,-0.5803,142.2,0.46,567.4638,507.171,438.0269,1,4,2
4500307,450.70315,467.67681,2,2,15.083333333333334,10.92551,13.03951,8.93041,10.35139,6.85613,7.85736,1,2,715,3,4,1,4,4,4,2,-0.5803,142.2,0.07,600.8023,439.4476,488.1015,1,4,2
4500304,535.40899,557.96627,2,1,15.083333333333334,8.74681,13.03951,9.26151,9.81093,8.69047,9.15641,NA,3,715,3,4,1,4,4,4,2,-0.5803,142.2,0.29,599.6339,488.3663,468.2395,1,4,2
4500301,454.97148,560.99346,2,1,14.916666666666666,11.17406,11.04872,9.60333,9.81093,10.30668,11.44903,NA,1,715,3,4,1,4,4,4,2,-0.5803,142.2,NA,565.6722,396.0624,422.8273,1,4,2
4500317,643.72064,616.87123,2,1,15,12.51743,12.19393,9.60333,8.92971,10.54867,8.27843,1,3,715,3,4,1,4,4,4,2,-0.5803,142.2,0.64,716.0851,521.4866,591.8874,1,4,2
4500310,621.63004,644.67012,2,3,15.583333333333334,11.64917,11.04872,12.07123,10.35139,15.81948,10.74331,1,3,715,3,4,1,4,4,4,2,-0.5803,142.2,NA,627.9872,371.2823,614.0806,1,4,2
4500314,544.84477,499.02411,1,2,15.166666666666666,12.51743,8.81989,9.26151,9.81093,9.16491,8.70884,1,2,715,3,4,1,4,4,4,2,-0.5803,142.2,0.91,554.845,392.552,422.4543,1,4,2
4500324,528.64632,554.20476,2,1,15.333333333333334,11.17406,9.62932,9.965,10.35139,13.14698,8.70884,NA,2,715,3,4,1,4,4,4,2,-0.5803,142.2,0.43,679.9424,440.1694,452.9467,1,4,2
4500303,505.79346,527.9402,1,1,14.666666666666666,12.51743,13.03951,10.35777,7.2741,9.79732,10.15325,1,3,715,3,4,1,4,4,4,2,-0.5803,142.2,0.42,511.2245,411.0594,454.8116,1,4,2
